gkg_record_id,date,source,url,headline,pipeline_stage,matcher_decision,trading_date,ist_dt,canonical_url
20241001173000-1716,20241001173000,aninews.in,https://aninews.in/news/national/general-news/up-ed-attaches-rs-433-crore-plot-in-axis-bank-fraud-case20241001224321/,UP: ED attaches Rs 4.33 crore plot in Axis Bank fraud case,ACCEPTED,True,2024-10-03,2024-10-01 23:00:00+05:30,https://aninews.in/news/national/general-news/up-ed-attaches-rs-433-crore-plot-in-axis-bank-fraud-case20241001224321
20241001183000-671,20241001183000,webindia123.com,https://news.webindia123.com/news/Articles/India/20241001/4241335.html,UP: ED attaches Rs 4.33 crore plot in Axis Bank fraud case,ACCEPTED,True,2024-10-03,2024-10-02 00:00:00+05:30,https://news.webindia123.com/news/Articles/India/20241001/4241335.html
20241002143000-985,20241002143000,indiatimes.com,https://economictimes.indiatimes.com/markets/bonds/axis-bank-eyes-at-1-bond-sale-for-up-to-rs-3000-crore-in-coming-days/articleshow/113880083.cms,"Axis Bank: Axis Bank eyes AT-1 bond sale for up to Rs 3,000 crore in coming days",ACCEPTED,True,2024-10-03,2024-10-02 20:00:00+05:30,https://economictimes.indiatimes.com/markets/bonds/axis-bank-eyes-at-1-bond-sale-for-up-to-rs-3000-crore-in-coming-days/articleshow/113880083.cms
20241004041500-5,20241004041500,adgully.com,https://www.adgully.com/axis-bank-announces-dil-se-open-celebrations-in-new-campaign-151321.html,Axis Bank announces 'Dil Se Open Celebrations' in new campaign,ACCEPTED,True,2024-10-04,2024-10-04 09:45:00+05:30,https://www.adgully.com/axis-bank-announces-dil-se-open-celebrations-in-new-campaign-151321.html
20241004064500-512,20241004064500,business-standard.com,https://www.business-standard.com/markets/capital-market-news/volumes-soar-at-axis-bank-ltd-counter-124100400285_1.html,Volumes soar at Axis Bank Ltd counter,ACCEPTED,True,2024-10-04,2024-10-04 12:15:00+05:30,https://www.business-standard.com/markets/capital-market-news/volumes-soar-at-axis-bank-ltd-counter-124100400285_1.html
20241004071500-213,20241004071500,orissadiary.com,https://orissadiary.com/axis-bank-extends-inr-1-billion-loan-to-muthoot-capital-to-accelerate-e-mobility-in-india/,Axis Bank Extends INR 1 Billion Loan to Muthoot Capital to Accelerate E-Mobility in India,ACCEPTED,True,2024-10-04,2024-10-04 12:45:00+05:30,https://orissadiary.com/axis-bank-extends-inr-1-billion-loan-to-muthoot-capital-to-accelerate-e-mobility-in-india
20241004160000-1389,20241004160000,orissadiary.com,https://orissadiary.com/axis-bank-announces-dil-se-open-celebrations-offers-lucrative-deals-and-discounts-this-festive-season/,"Axis Bank announces 'Dil Se Open Celebrations'- offers lucrative deals and discounts this festive season – Odisha Diary, Latest Odisha News, Breaking News Odisha",ACCEPTED,True,2024-10-07,2024-10-04 21:30:00+05:30,https://orissadiary.com/axis-bank-announces-dil-se-open-celebrations-offers-lucrative-deals-and-discounts-this-festive-season
20241007114500-46,20241007114500,indiatimes.com,https://economictimes.indiatimes.com/industry/banking/finance/ifc-extends-500-million-loan-to-axis-bank-to-fund-green-projects-in-india/articleshow/114013858.cms,IFC extends $500 million loan to Axis Bank to fund green projects in India,ACCEPTED,True,2024-10-08,2024-10-07 17:15:00+05:30,https://economictimes.indiatimes.com/industry/banking/finance/ifc-extends-500-million-loan-to-axis-bank-to-fund-green-projects-in-india/articleshow/114013858.cms
20241007121500-150,20241007121500,business-standard.com,https://www.business-standard.com/finance/news/ifc-extends-500-mn-loan-to-axis-bank-to-fund-green-projects-in-india-124100700706_1.html,IFC extends $500 mn loan to Axis Bank to fund green projects in India,ACCEPTED,True,2024-10-08,2024-10-07 17:45:00+05:30,https://www.business-standard.com/finance/news/ifc-extends-500-mn-loan-to-axis-bank-to-fund-green-projects-in-india-124100700706_1.html
20241007131500-942,20241007131500,webindia123.com,https://news.webindia123.com/news/Articles/Business/20241007/4243263.html,IFC partners with Axis Bank to provide USD 500 mln climate loan,ACCEPTED,True,2024-10-08,2024-10-07 18:45:00+05:30,https://news.webindia123.com/news/Articles/Business/20241007/4243263.html
20241007133000-1214,20241007133000,bignewsnetwork.com,https://www.bignewsnetwork.com/news/274679993/ifc-partners-with-axis-bank-to-provide-usd-500-mln-climate-loan,IFC partners with Axis Bank to provide USD 500 mln climate loan,ACCEPTED,True,2024-10-08,2024-10-07 19:00:00+05:30,https://www.bignewsnetwork.com/news/274679993/ifc-partners-with-axis-bank-to-provide-usd-500-mln-climate-loan
20241007140000-602,20241007140000,devdiscourse.com,https://www.devdiscourse.com/article/business/3113422-ifc-and-axis-bank-launch-indias-first-blue-finance-initiative,IFC and Axis Bank Launch India's First Blue Finance Initiative,ACCEPTED,True,2024-10-08,2024-10-07 19:30:00+05:30,https://www.devdiscourse.com/article/business/3113422-ifc-and-axis-bank-launch-indias-first-blue-finance-initiative
20241007141500-255,20241007141500,livemint.com,https://www.livemint.com/companies/ifc-axis-bank-blue-finance-green-projects-climate-change-sustainable-finance-renewable-energy-water-management-11728301063555.html,"IFC, Axis Bank partner on $500 million blue finance loan to boost India's green projects",ACCEPTED,True,2024-10-08,2024-10-07 19:45:00+05:30,https://www.livemint.com/companies/ifc-axis-bank-blue-finance-green-projects-climate-change-sustainable-finance-renewable-energy-water-management-11728301063555.html
20241007143000-1461,20241007143000,aninews.in,https://aninews.in/news/business/ifc-partners-with-axis-bank-to-provide-usd-500-mln-climate-loan20241007174746/,IFC partners with Axis Bank to provide USD 500 mln climate loan,ACCEPTED,True,2024-10-08,2024-10-07 20:00:00+05:30,https://aninews.in/news/business/ifc-partners-with-axis-bank-to-provide-usd-500-mln-climate-loan20241007174746
20241007160000-868,20241007160000,webwire.com,https://www.webwire.com/ViewPressRel.asp?aId=327885,IFC Partners with Axis Bank to Provide a $500 million Climate Loan in India,ACCEPTED,True,2024-10-08,2024-10-07 21:30:00+05:30,https://www.webwire.com/ViewPressRel.asp?aId=327885
20241007183000-480,20241007183000,wn.com,https://article.wn.com/view/2024/10/07/IFC_partners_with_Axis_Bank_to_provide_USD_500_mln_climate_l/,IFC partners with Axis Bank to provide USD 500 mln climate loan,ACCEPTED,True,2024-10-08,2024-10-08 00:00:00+05:30,https://article.wn.com/view/2024/10/07/IFC_partners_with_Axis_Bank_to_provide_USD_500_mln_climate_l
20241008031500-865,20241008031500,moneycontrol.com,https://www.moneycontrol.com/news/business/markets/icici-lombard-buys-additional-stake-in-axis-bank-increases-investment-to-rs-236-crore-12837647.html,"ICICI Lombard buys additional shares in Axis Bank, increases shareholding to Rs 236 crore",ACCEPTED,True,2024-10-08,2024-10-08 08:45:00+05:30,https://www.moneycontrol.com/news/business/markets/icici-lombard-buys-additional-stake-in-axis-bank-increases-investment-to-rs-236-crore-12837647.html
20241008050000-113,20241008050000,newstodaynet.com,https://newstodaynet.com/2024/10/08/ifc-extends-500-mn-loan-to-axis-bank/,IFC extends $500 mn loan to Axis Bank - News Today,ACCEPTED,True,2024-10-08,2024-10-08 10:30:00+05:30,https://newstodaynet.com/2024/10/08/ifc-extends-500-mn-loan-to-axis-bank
20241008090000-127,20241008090000,livemint.com,https://www.livemint.com/market/stock-market-news/hdfc-bank-icici-bank-to-axis-bank-why-are-banking-shares-rising-in-stock-market-today-11728374078669.html,"HDFC Bank, ICICI Bank to Axis Bank: Why are banking shares rising in stock market today?",ACCEPTED,True,2024-10-08,2024-10-08 14:30:00+05:30,https://www.livemint.com/market/stock-market-news/hdfc-bank-icici-bank-to-axis-bank-why-are-banking-shares-rising-in-stock-market-today-11728374078669.html
20241008093000-T665,20241008093000,moneycontrol.com,https://hindi.moneycontrol.com/news/markets/icici-lombard-general-insurance-company-has-increased-shareholding-in-axis-bank-share-price-up-1929495.html,"Axis Bank में ICICI Lombard ने बढ़ाई हिस्सेदारी, शेयर में तेजी",ACCEPTED,True,2024-10-08,2024-10-08 15:00:00+05:30,https://hindi.moneycontrol.com/news/markets/icici-lombard-general-insurance-company-has-increased-shareholding-in-axis-bank-share-price-up-1929495.html
20241008110000-1035,20241008110000,devdiscourse.com,https://www.devdiscourse.com/article/business/3114267-ifc-partners-with-axis-bank-to-provide-500m-loan-for-indias-first-blue-finance-market,IFC Partners with Axis Bank to Provide $500M Loan for India's First Blue Finance Market,ACCEPTED,True,2024-10-09,2024-10-08 16:30:00+05:30,https://www.devdiscourse.com/article/business/3114267-ifc-partners-with-axis-bank-to-provide-500m-loan-for-indias-first-blue-finance-market
20241009110000-82,20241009110000,indiatimes.com,https://economictimes.indiatimes.com/wealth/spend/top-credit-cards-festive-season-offers-2024-sbi-card-hdfc-bank-icici-bank-axis-bank-indusind-bank/articleshow/114079110.cms,"Top credit cards festive season offers 2024: SBI Card, HDFC Bank, ICICI Bank, Axis Bank, IndusInd Bank",ACCEPTED,True,2024-10-10,2024-10-09 16:30:00+05:30,https://economictimes.indiatimes.com/wealth/spend/top-credit-cards-festive-season-offers-2024-sbi-card-hdfc-bank-icici-bank-axis-bank-indusind-bank/articleshow/114079110.cms
20241011144500-363,20241011144500,indiantelevision.com,https://indiantelevision.com/mam/media-and-advertising/ad-campaigns/axis-bank-&-lowe-lintas-unveil-heartwarming-festive-campaign-241011,Axis Bank & Lowe Lintas unveil Heartwarming festive campaign,ACCEPTED,True,2024-10-14,2024-10-11 20:15:00+05:30,https://indiantelevision.com/mam/media-and-advertising/ad-campaigns/axis-bank-&-lowe-lintas-unveil-heartwarming-festive-campaign-241011
20241013123000-T9,20241013123000,business-standard.com,https://hindi.business-standard.com/companies/q2-results-this-week-the-whole-week-will-be-full-of-quarterly-results-from-reliance-infosys-to-hdfc-axis-bank-id-378042,"Q2 Results this week: रिलायंस, इंफोसिस से लेकर HDFC, Axis Bank तक... तिमाही नतीजों के भरमार रहेगा पूरा सप्ताह - q2 results this week the whole week will be full of quarterly results from reliance infosys to hdfc axis bank",ACCEPTED,True,2024-10-14,2024-10-13 18:00:00+05:30,https://hindi.business-standard.com/companies/q2-results-this-week-the-whole-week-will-be-full-of-quarterly-results-from-reliance-infosys-to-hdfc-axis-bank-id-378042
20241013144500-977,20241013144500,theweek.in,https://www.theweek.in/wire-updates/national/2024/10/13/nrg11-up-bank-loot-arrest.html,Man arrested for Axis Bank branch loot in UP's Shamli over 30 lakhs recovered,ACCEPTED,True,2024-10-14,2024-10-13 20:15:00+05:30,https://www.theweek.in/wire-updates/national/2024/10/13/nrg11-up-bank-loot-arrest.html
20241014041500-634,20241014041500,bestmediainfo.com,https://bestmediainfo.com/ad-craft/axis-bank-and-lowe-lintas-celebrate-the-spirit-of-acchai-this-festive-season-7312245,Axis Bank and Lowe Lintas celebrate the spirit of 'Acchai' this festive season,ACCEPTED,True,2024-10-14,2024-10-14 09:45:00+05:30,https://bestmediainfo.com/ad-craft/axis-bank-and-lowe-lintas-celebrate-the-spirit-of-acchai-this-festive-season-7312245
20241014081500-48,20241014081500,barandbench.com,https://www.barandbench.com/law-firms/dealstreet/tta-advises-international-finance-corporation-on-500-million-loan-provided-to-axis-bank,TT&A advises International Finance Corporation on $500 million loan provided to Axis Bank,ACCEPTED,True,2024-10-14,2024-10-14 13:45:00+05:30,https://www.barandbench.com/law-firms/dealstreet/tta-advises-international-finance-corporation-on-500-million-loan-provided-to-axis-bank
20241014100000-123,20241014100000,moneycontrol.com,https://www.moneycontrol.com/news/business/axis-bank-to-introduce-new-upi-based-offerings-to-improve-payment-experience-12841644.html,Axis Bank to introduce new UPI-based offerings to improve payment experience,ACCEPTED,True,2024-10-15,2024-10-14 15:30:00+05:30,https://www.moneycontrol.com/news/business/axis-bank-to-introduce-new-upi-based-offerings-to-improve-payment-experience-12841644.html
20241015074500-1086,20241015074500,business-standard.com,https://www.business-standard.com/markets/news/axis-bank-q2-results-preview-analysts-see-modest-profit-growth-weak-nim-124101500325_1.html,"Axis Bank Q2 results preview: Analysts see modest profit growth, weak NIM",ACCEPTED,True,2024-10-15,2024-10-15 13:15:00+05:30,https://www.business-standard.com/markets/news/axis-bank-q2-results-preview-analysts-see-modest-profit-growth-weak-nim-124101500325_1.html
20241015111500-50,20241015111500,moneycontrol.com,https://www.moneycontrol.com/news/business/bengaluru-police-arrest-axis-bank-manager-3-sales-executives-in-a-rs-97-crore-stock-market-fraud-12842502.html,"Bengaluru Police arrest Axis Bank manager, 3 sales executives in a Rs 97-crore stock-market fraud",ACCEPTED,True,2024-10-16,2024-10-15 16:45:00+05:30,https://www.moneycontrol.com/news/business/bengaluru-police-arrest-axis-bank-manager-3-sales-executives-in-a-rs-97-crore-stock-market-fraud-12842502.html
20241016063000-242,20241016063000,indiatimes.com,https://economictimes.indiatimes.com/markets/stocks/earnings/axis-bank-q2-preview-double-digit-nii-growth-may-drive-pat-higher-by-8-yoy/articleshow/114273091.cms,Axis Bank Q2 preview: Double-digit NII growth may drive PAT higher by 8% YoY,ACCEPTED,True,2024-10-16,2024-10-16 12:00:00+05:30,https://economictimes.indiatimes.com/markets/stocks/earnings/axis-bank-q2-preview-double-digit-nii-growth-may-drive-pat-higher-by-8-yoy/articleshow/114273091.cms
20241016180000-387,20241016180000,livemint.com,https://www.livemint.com/companies/company-results/axis-bank-q2-results-preview-pat-likely-to-surge-8-9-yoy-nii-to-rise-11-11729093806626.html,"Axis Bank Q2 results preview: PAT likely to surge 8-9% YoY, NII to rise 11%",ACCEPTED,True,2024-10-17,2024-10-16 23:30:00+05:30,https://www.livemint.com/companies/company-results/axis-bank-q2-results-preview-pat-likely-to-surge-8-9-yoy-nii-to-rise-11-11729093806626.html
20241017014500-171,20241017014500,indiatimes.com,https://economictimes.indiatimes.com/markets/stocks/news/stocks-in-news-wipro-infosys-axis-bank-nestle-bajaj-auto-ril/articleshow/114297934.cms,"Stocks in news: Stocks in news: Wipro, Infosys, Axis Bank, Nestle, Bajaj Auto, RIL",ACCEPTED,True,2024-10-17,2024-10-17 07:15:00+05:30,https://economictimes.indiatimes.com/markets/stocks/news/stocks-in-news-wipro-infosys-axis-bank-nestle-bajaj-auto-ril/articleshow/114297934.cms
20241017024500-574,20241017024500,indiatimes.com,https://economictimes.indiatimes.com/markets/stocks/earnings/q2-results-today-infosys-wipro-nestle-axis-bank-among-38-companies-to-announce-earnings-on-thursday/articleshow/114298418.cms,"Q2 results today: Infosys, Wipro, Nestle, Axis Bank among 38 companies to announce earnings on Thursday",ACCEPTED,True,2024-10-17,2024-10-17 08:15:00+05:30,https://economictimes.indiatimes.com/markets/stocks/earnings/q2-results-today-infosys-wipro-nestle-axis-bank-among-38-companies-to-announce-earnings-on-thursday/articleshow/114298418.cms
20241017040000-385,20241017040000,livemint.com,https://www.livemint.com/companies/company-results/q2-results-today-infosys-wipro-axis-bank-ltimindtree-among-36-companies-to-declare-earnings-on-october-17-11729133506036.html,"Q2 Results Today: Infosys, Wipro, Axis Bank, LTIMindtree, among 36 companies to declare earnings on October 17",ACCEPTED,True,2024-10-17,2024-10-17 09:30:00+05:30,https://www.livemint.com/companies/company-results/q2-results-today-infosys-wipro-axis-bank-ltimindtree-among-36-companies-to-declare-earnings-on-october-17-11729133506036.html
20241017061500-957,20241017061500,businesstoday.in,https://www.businesstoday.in/markets/stocks/story/axis-bank-q2-results-profit-may-jump-7-14-nim-seen-at-4-herere-key-expectations-450425-2024-10-17,"Axis Bank Q2 results: Profit may jump 7-14%, NIM seen at 4%; here're key expectations",ACCEPTED,True,2024-10-17,2024-10-17 11:45:00+05:30,https://www.businesstoday.in/markets/stocks/story/axis-bank-q2-results-profit-may-jump-7-14-nim-seen-at-4-herere-key-expectations-450425-2024-10-17
20241017080000-1005,20241017080000,moneycontrol.com,https://www.moneycontrol.com/news/business/earnings/q2-results-2024-live-news-updates-infosys-axis-bank-wipro-polycab-inida-ltimidtree-quarterly-earnings-liveblog-12843865.html,"Q2 Results 2024 Live: 36 major companies, including Infosys, Wipro, Axis Bank, set to announce results today",ACCEPTED,True,2024-10-17,2024-10-17 13:30:00+05:30,https://www.moneycontrol.com/news/business/earnings/q2-results-2024-live-news-updates-infosys-axis-bank-wipro-polycab-inida-ltimidtree-quarterly-earnings-liveblog-12843865.html
20241017104500-1134,20241017104500,marketscreener.com,https://www.marketscreener.com/quote/stock/AXIS-BANK-LIMITED-46730206/news/India-s-Axis-Bank-posts-Q2-profit-rise-48097286/,India's Axis Bank posts Q2 profit rise,ACCEPTED,True,2024-10-18,2024-10-17 16:15:00+05:30,https://www.marketscreener.com/quote/stock/AXIS-BANK-LIMITED-46730206/news/India-s-Axis-Bank-posts-Q2-profit-rise-48097286
20241017104500-701,20241017104500,livemint.com,https://www.livemint.com/companies/company-results/axis-bank-q2-results-net-profit-rises-18-on-year-to-rs-6-917-57-crore-11729152739468.html,"Axis Bank Q2 Results: Net profit rises 18% on year to ₹6,917.57 crore",ACCEPTED,True,2024-10-18,2024-10-17 16:15:00+05:30,https://www.livemint.com/companies/company-results/axis-bank-q2-results-net-profit-rises-18-on-year-to-rs-6-917-57-crore-11729152739468.html
20241017104500-T835,20241017104500,zonebourse.com,https://www.zonebourse.com/cours/action/AXIS-BANK-LIMITED-46730206/actualite/La-banque-indienne-Axis-Bank-affiche-une-hausse-de-ses-benefices-au-deuxieme-trimestre-48097286/,La banque indienne Axis Bank affiche une hausse de ses bénéfices au deuxième trimestre,ACCEPTED,True,2024-10-18,2024-10-17 16:15:00+05:30,https://www.zonebourse.com/cours/action/AXIS-BANK-LIMITED-46730206/actualite/La-banque-indienne-Axis-Bank-affiche-une-hausse-de-ses-benefices-au-deuxieme-trimestre-48097286
20241017110000-840,20241017110000,indiatimes.com,https://economictimes.indiatimes.com/markets/stocks/earnings/axis-bank-q2-results-pat-surges-18-yoy-to-rs-6918-crore-nii-jumps-9/articleshow/114315021.cms,"Axis Bank Q2 Results: PAT surges 18% YoY to Rs 6,918 crore, NII jumps 9%",ACCEPTED,True,2024-10-18,2024-10-17 16:30:00+05:30,https://economictimes.indiatimes.com/markets/stocks/earnings/axis-bank-q2-results-pat-surges-18-yoy-to-rs-6918-crore-nii-jumps-9/articleshow/114315021.cms
20241017110000-951,20241017110000,moneycontrol.com,https://www.moneycontrol.com/news/business/axis-bank-q2-results-net-profit-rises-18-to-rs-6917-57-crore-12844144.html,Axis Bank Q2 results: Net profit rises 18% YoY to Rs 6918 crore,ACCEPTED,True,2024-10-18,2024-10-17 16:30:00+05:30,https://www.moneycontrol.com/news/business/axis-bank-q2-results-net-profit-rises-18-to-rs-6917-57-crore-12844144.html
20241017110000-578,20241017110000,news18.com,https://www.news18.com/business/markets/axis-bank-q2-results-net-profit-rises-18-yoy-to-rs-6917-57-crore-9089409.html,"Axis Bank Q2 Results: Net Profit Rises 18% YoY To Rs 6,917.57 Crore",ACCEPTED,True,2024-10-18,2024-10-17 16:30:00+05:30,https://www.news18.com/business/markets/axis-bank-q2-results-net-profit-rises-18-yoy-to-rs-6917-57-crore-9089409.html
20241017114500-556,20241017114500,businesstoday.in,https://www.businesstoday.in/markets/company-stock/story/axis-bank-q2-earnings-net-profit-rises-nii-at-rs-13620-cr-450501-2024-10-17,"Axis Bank Q2 earnings: Net profit rises 18%, NII at Rs 13,483 cr",ACCEPTED,True,2024-10-18,2024-10-17 17:15:00+05:30,https://www.businesstoday.in/markets/company-stock/story/axis-bank-q2-earnings-net-profit-rises-nii-at-rs-13620-cr-450501-2024-10-17
20241017114500-214,20241017114500,moneycontrol.com,https://www.moneycontrol.com/news/business/earnings/axis-bank-q2-results-net-profit-rises-18-to-rs-6917-57-crore-12844144.html,Axis Bank Q2 results: Net profit rises 18% YoY to Rs 6918 crore,ACCEPTED,True,2024-10-18,2024-10-17 17:15:00+05:30,https://www.moneycontrol.com/news/business/earnings/axis-bank-q2-results-net-profit-rises-18-to-rs-6917-57-crore-12844144.html
20241017120000-848,20241017120000,indiatimes.com,https://economictimes.indiatimes.com/industry/banking/finance/banking/axis-bank-stands-as-fourth-largest-issuer-of-credit-cards-as-trend-picks-up-with-festive-season/articleshow/114315866.cms,Axis Bank stands as fourth largest issuer of credit cards as trend picks up with festive season,ACCEPTED,True,2024-10-18,2024-10-17 17:30:00+05:30,https://economictimes.indiatimes.com/industry/banking/finance/banking/axis-bank-stands-as-fourth-largest-issuer-of-credit-cards-as-trend-picks-up-with-festive-season/articleshow/114315866.cms
20241017143000-22,20241017143000,thehindu.com,https://www.thehindu.com/business/axis-bank-q2-pat-grows-18-to-6918-crore/article68765023.ece,"Axis Bank Q2 PAT grows 18% to ₹6,918 crore",ACCEPTED,True,2024-10-18,2024-10-17 20:00:00+05:30,https://www.thehindu.com/business/axis-bank-q2-pat-grows-18-to-6918-crore/article68765023.ece
20241017144500-1064,20241017144500,moneycontrol.com,https://www.moneycontrol.com/news/business/banks/axis-bank-to-review-evaluate-rbis-draft-norms-on-business-and-prudential-regulation-for-investments-12844363.html,"Axis Bank to review, evaluate RBI's draft norms on business and prudential regulation for investments",ACCEPTED,True,2024-10-18,2024-10-17 20:15:00+05:30,https://www.moneycontrol.com/news/business/banks/axis-bank-to-review-evaluate-rbis-draft-norms-on-business-and-prudential-regulation-for-investments-12844363.html
20241017164500-1414,20241017164500,morningexpress.in,https://morningexpress.in/axis-bank-q2-results-axis-banks-net-profit-increased-by-18-net-interest-income-increased-by-9/,"Axis Bank Q2 Results: Axis Bank's net profit increased by 18%, net interest income increased by 9%.",ACCEPTED,True,2024-10-18,2024-10-17 22:15:00+05:30,https://morningexpress.in/axis-bank-q2-results-axis-banks-net-profit-increased-by-18-net-interest-income-increased-by-9
20241017170000-1031,20241017170000,finanznachrichten.de,https://www.finanznachrichten.de/nachrichten-2024-10/63556832-axis-bank-q2-profit-rises-020.htm,Axis Bank Q2 Profit Rises,ACCEPTED,True,2024-10-18,2024-10-17 22:30:00+05:30,https://www.finanznachrichten.de/nachrichten-2024-10/63556832-axis-bank-q2-profit-rises-020.htm
20241017173000-1105,20241017173000,livemint.com,https://www.livemint.com/industry/banking/axis-banks-overall-q2-provisions-2-204-crore-retail-slippages-loan-banking-exchange-filing-11729177284006.html,"Axis Bank's overall Q2 provisions jump to ₹2,204 cr on elevated retail slippages",ACCEPTED,True,2024-10-18,2024-10-17 23:00:00+05:30,https://www.livemint.com/industry/banking/axis-banks-overall-q2-provisions-2-204-crore-retail-slippages-loan-banking-exchange-filing-11729177284006.html
20241017173000-2298,20241017173000,indiatimes.com,https://economictimes.indiatimes.com/industry/banking/finance/banking/current-environment-tough-for-banking-sector-hints-axis-bank-chief-amitabh-chaudhry/articleshow/114325079.cms,"Current environment tough for banking sector, hints Axis Bank chief Amitabh Chaudhry",ACCEPTED,True,2024-10-18,2024-10-17 23:00:00+05:30,https://economictimes.indiatimes.com/industry/banking/finance/banking/current-environment-tough-for-banking-sector-hints-axis-bank-chief-amitabh-chaudhry/articleshow/114325079.cms
20241017180000-2175,20241017180000,financialexpress.com,https://www.financialexpress.com/market/what-to-watch-for-trade-on-october-18-focus-on-axis-bank-adani-enterprises-infosys-and-wipro-3643059/,"What to watch for trade on October 18? Focus on Axis Bank, Adani Enterprises, Infosys, and Wipro",ACCEPTED,True,2024-10-18,2024-10-17 23:30:00+05:30,https://www.financialexpress.com/market/what-to-watch-for-trade-on-october-18-focus-on-axis-bank-adani-enterprises-infosys-and-wipro-3643059
20241017180000-1688,20241017180000,financialexpress.com,https://www.financialexpress.com/shorts/business/banking-finance/axis-bank-net-profit-jumps-18-per-cent-to-rs-6918-crore-in-q2-3643060/,"Axis Bank net profit jumps 18 per cent to Rs 6,918 crore in Q2",ACCEPTED,True,2024-10-18,2024-10-17 23:30:00+05:30,https://www.financialexpress.com/shorts/business/banking-finance/axis-bank-net-profit-jumps-18-per-cent-to-rs-6918-crore-in-q2-3643060
20241017180000-1453,20241017180000,financialexpress.com,https://www.financialexpress.com/business/banking-finance-axis-bank-net-profit-jumps-18-per-cent-to-rs-6918-crore-in-q2-3643060/,"Axis Bank net profit jumps 18 per cent to Rs 6,918 crore in Q2",ACCEPTED,True,2024-10-18,2024-10-17 23:30:00+05:30,https://www.financialexpress.com/business/banking-finance-axis-bank-net-profit-jumps-18-per-cent-to-rs-6918-crore-in-q2-3643060
20241017183000-2239,20241017183000,thehindubusinessline.com,https://www.thehindubusinessline.com/money-and-banking/axis-bank-q2fy25-pat-up-18-per-cent/article68765319.ece,Axis Bank Q2FY25 PAT up 18 per cent - The Hindu BusinessLine,ACCEPTED,True,2024-10-18,2024-10-18 00:00:00+05:30,https://www.thehindubusinessline.com/money-and-banking/axis-bank-q2fy25-pat-up-18-per-cent/article68765319.ece
20241018004500-1071,20241018004500,indiatimes.com,https://economictimes.indiatimes.com/markets/stocks/earnings/axis-bank-beats-street-with-18-q2-net-rise-cites-tough-variables/articleshow/114331249.cms,"Axis Bank: Axis Bank beats Street with 18% Q2 net rise, cites 'tough variables'",ACCEPTED,True,2024-10-18,2024-10-18 06:15:00+05:30,https://economictimes.indiatimes.com/markets/stocks/earnings/axis-bank-beats-street-with-18-q2-net-rise-cites-tough-variables/articleshow/114331249.cms
20241018023000-449,20241018023000,moneycontrol.com,https://www.moneycontrol.com/news/business/markets/stock-radar-infosys-wipro-axis-bank-ltimindtree-zomato-mgl-igl-polycab-tata-chemicals-in-focus-on-friday-12844462.html,"Stock Radar: Infosys, Wipro, Axis Bank, LTIMindtree, Zomato, MGL, IGL, Polycab, Tata Chemicals in focus on Friday",ACCEPTED,True,2024-10-18,2024-10-18 08:00:00+05:30,https://www.moneycontrol.com/news/business/markets/stock-radar-infosys-wipro-axis-bank-ltimindtree-zomato-mgl-igl-polycab-tata-chemicals-in-focus-on-friday-12844462.html
20241018033000-1050,20241018033000,financialexpress.com,https://www.financialexpress.com/market/share-market-today-live-updates-nifty-50-bse-sensex-latest-news-18-october-2024-3643185/,"Stock Market LIVE: GIFT Nifty indicates a negative start for Sensex and Nifty; Infosys, Wipro, Axis Bank in focus",ACCEPTED,True,2024-10-18,2024-10-18 09:00:00+05:30,https://www.financialexpress.com/market/share-market-today-live-updates-nifty-50-bse-sensex-latest-news-18-october-2024-3643185
20241018033000-515,20241018033000,financialexpress.com,https://www.financialexpress.com/market/axis-bank-share-price-today-live-updates-18-oct-2024-3643162/,"Axis Bank Share Price Today Live Updates, 18 Oct, 2024: Axis Bank on the radar",ACCEPTED,True,2024-10-18,2024-10-18 09:00:00+05:30,https://www.financialexpress.com/market/axis-bank-share-price-today-live-updates-18-oct-2024-3643162
20241018040000-451,20241018040000,businesstoday.in,https://www.businesstoday.in/markets/story/stocks-in-news-ril-infosys-wipro-axis-bank-ltimindtree-adani-enterprises-tcs-zomato-450562-2024-10-18,"Stocks in news: RIL, Infosys, Wipro, Axis Bank, LTIMindtree, Adani Enterprises, TCS & Zomato",ACCEPTED,True,2024-10-18,2024-10-18 09:30:00+05:30,https://www.businesstoday.in/markets/story/stocks-in-news-ril-infosys-wipro-axis-bank-ltimindtree-adani-enterprises-tcs-zomato-450562-2024-10-18
20241018040000-1051,20241018040000,indiatimes.com,https://economictimes.indiatimes.com/markets/stocks/news/hot-stocks-brokerage-view-on-axis-bank-manappuram-finance-havells-india-and-wipro/articleshow/114334171.cms,"Hot stocks: Brokerage view on Axis Bank, Manappuram Finance, Havells India and Wipro",ACCEPTED,True,2024-10-18,2024-10-18 09:30:00+05:30,https://economictimes.indiatimes.com/markets/stocks/news/hot-stocks-brokerage-view-on-axis-bank-manappuram-finance-havells-india-and-wipro/articleshow/114334171.cms
20241018041500-571,20241018041500,indiatimes.com,https://economictimes.indiatimes.com/markets/stocks/live-blog/bse-sensex-today-live-nifty-stock-market-updates-18-october-2024/liveblog/114332324.cms,"Sensex Today | Stock Market LIVE Updates: Sensex declines 550 pts, Nifty below 24,600; Infosys drops 3%, Axis Bank rises 3%",ACCEPTED,True,2024-10-18,2024-10-18 09:45:00+05:30,https://economictimes.indiatimes.com/markets/stocks/live-blog/bse-sensex-today-live-nifty-stock-market-updates-18-october-2024/liveblog/114332324.cms
20241018043000-996,20241018043000,indiatimes.com,https://economictimes.indiatimes.com/markets/stocks/news/axis-bank-shares-in-focus-after-q2-results-should-you-buy-sell-or-hold/articleshow/114335614.cms,"Axis Bank shares in focus after Q2 results. Should you buy, sell or hold?",ACCEPTED,True,2024-10-18,2024-10-18 10:00:00+05:30,https://economictimes.indiatimes.com/markets/stocks/news/axis-bank-shares-in-focus-after-q2-results-should-you-buy-sell-or-hold/articleshow/114335614.cms
20241018050000-363,20241018050000,moneycontrol.com,https://www.moneycontrol.com/news/business/earnings/axis-banks-robust-q2-prompts-bullish-calls-from-brokerages-stock-jumps-4-12844546.html,Axis Bank's robust Q2 prompts bullish calls from brokerages; stock jumps 4%,ACCEPTED,True,2024-10-18,2024-10-18 10:30:00+05:30,https://www.moneycontrol.com/news/business/earnings/axis-banks-robust-q2-prompts-bullish-calls-from-brokerages-stock-jumps-4-12844546.html
20241018051500-T131,20241018051500,moneycontrol.com,https://hindi.moneycontrol.com/news/markets/axis-bank-share-price-jumps-4-percent-after-q2-results-should-you-buy-sell-or-hold-check-brokerage-reports-1931148.html,"Axis Bank के शेयरों में 4% की तेजी, तिमाही नतीजों के बाद ब्रोकरेज फिदा, कहा- ₹1,445 तक जा सकता है भाव",ACCEPTED,True,2024-10-18,2024-10-18 10:45:00+05:30,https://hindi.moneycontrol.com/news/markets/axis-bank-share-price-jumps-4-percent-after-q2-results-should-you-buy-sell-or-hold-check-brokerage-reports-1931148.html
20241018061500-990,20241018061500,financialexpress.com,https://www.financialexpress.com/market/axis-bank-shares-surge-over-4-on-strong-q2-earnings-3643352/,Axis Bank shares surge over 4% on strong Q2 earnings,ACCEPTED,True,2024-10-18,2024-10-18 11:45:00+05:30,https://www.financialexpress.com/market/axis-bank-shares-surge-over-4-on-strong-q2-earnings-3643352
20241018061500-1094,20241018061500,moneycontrol.com,https://www.moneycontrol.com/news/business/stocks/buy-axis-bank-target-of-rs-1300-anand-rathi-12844685.html,Buy Axis Bank; target of Rs 1300: Anand Rathi,ACCEPTED,True,2024-10-18,2024-10-18 11:45:00+05:30,https://www.moneycontrol.com/news/business/stocks/buy-axis-bank-target-of-rs-1300-anand-rathi-12844685.html
20241018063000-864,20241018063000,ticker.com,"https://ticker.com/Asia-Stock-Movers-News-Today/India-Movers:-Axis-Bank,-Hyundai-Motor,-Mazagon-Dock,-Polcycab,-Zomato/Oct%2018-2024/T-30423","India Movers: Axis Bank, Hyundai Motor, Mazagon Dock, Polcycab, Zomato",ACCEPTED,True,2024-10-18,2024-10-18 12:00:00+05:30,"https://ticker.com/Asia-Stock-Movers-News-Today/India-Movers:-Axis-Bank,-Hyundai-Motor,-Mazagon-Dock,-Polcycab,-Zomato/Oct%2018-2024/T-30423"
20241018063000-923,20241018063000,businesstoday.in,https://www.businesstoday.in/markets/stocks/story/axis-bank-shares-offer-valuation-comfort-but-should-you-buy-here-are-target-prices-450574-2024-10-18,Axis Bank shares offer valuation comfort but should you buy? Here are target prices,ACCEPTED,True,2024-10-18,2024-10-18 12:00:00+05:30,https://www.businesstoday.in/markets/stocks/story/axis-bank-shares-offer-valuation-comfort-but-should-you-buy-here-are-target-prices-450574-2024-10-18
20241018064500-1184,20241018064500,moneycontrol.com,https://www.moneycontrol.com/news/business/stocks/buy-axis-bank-target-of-rs-1400-emkay-global-financial-2-12844716.html,Buy Axis Bank; target of Rs 1400: Emkay Global Financial,ACCEPTED,True,2024-10-18,2024-10-18 12:15:00+05:30,https://www.moneycontrol.com/news/business/stocks/buy-axis-bank-target-of-rs-1400-emkay-global-financial-2-12844716.html
20241018070000-798,20241018070000,moneycontrol.com,https://www.moneycontrol.com/news/business/moneycontrol-research/axis-bank-q2-fy25-loan-growth-slows-as-deposit-pick-up-takes-spotlight-12844694.html,Axis Bank Q2 FY25 – Loan growth slows as deposit pick-up takes spotlight,ACCEPTED,True,2024-10-18,2024-10-18 12:30:00+05:30,https://www.moneycontrol.com/news/business/moneycontrol-research/axis-bank-q2-fy25-loan-growth-slows-as-deposit-pick-up-takes-spotlight-12844694.html
20241018074500-867,20241018074500,moneycontrol.com,https://www.moneycontrol.com/news/business/stocks/buy-axis-bank-target-of-rs-1530-prabhudas-lilladher-12844782.html,Buy Axis Bank; target of Rs 1530 Prabhudas Lilladher,ACCEPTED,True,2024-10-18,2024-10-18 13:15:00+05:30,https://www.moneycontrol.com/news/business/stocks/buy-axis-bank-target-of-rs-1530-prabhudas-lilladher-12844782.html
20241018100000-243,20241018100000,moneycontrol.com,https://www.moneycontrol.com/news/business/stocks/buy-axis-bank-target-of-rs-1350-icici-securities-12844971.html,Buy Axis Bank; target of Rs 1350: ICICI Securities,ACCEPTED,True,2024-10-21,2024-10-18 15:30:00+05:30,https://www.moneycontrol.com/news/business/stocks/buy-axis-bank-target-of-rs-1350-icici-securities-12844971.html
20241018111500-1510,20241018111500,livemint.com,https://www.livemint.com/market/stock-market-news/top-gainers-and-losers-today-on-18-october-2024-axis-bank-wipro-infosys-asian-paints-among-most-active-stocks-check-full-list-here-11729247590925.html,"Top Gainers and Losers today on 18 October, 2024: Axis Bank, Wipro, Infosys, Asian Paints among most active stocks; Check full list here",ACCEPTED,True,2024-10-21,2024-10-18 16:45:00+05:30,https://www.livemint.com/market/stock-market-news/top-gainers-and-losers-today-on-18-october-2024-axis-bank-wipro-infosys-asian-paints-among-most-active-stocks-check-full-list-here-11729247590925.html
20241018120000-1396,20241018120000,thehindubusinessline.com,https://www.thehindubusinessline.com/markets/stock-markets/axis-bank-q2-results-axis-bank-shares-rally-as-brokerages-turn-bullish-post-q2-results/article68767821.ece,Axis Bank: Axis Bank shares rally as brokerages turn bullish post Q2 results,ACCEPTED,True,2024-10-21,2024-10-18 17:30:00+05:30,https://www.thehindubusinessline.com/markets/stock-markets/axis-bank-q2-results-axis-bank-shares-rally-as-brokerages-turn-bullish-post-q2-results/article68767821.ece
20241019174500-541,20241019174500,thehindubusinessline.com,https://www.thehindubusinessline.com/portfolio/commodity-analysis/fo-query-should-you-hold-the-longs-on-axis-bank-call-options/article68769335.ece,F&O Query: Should You Hold the Longs on Axis Bank Call Options?,ACCEPTED,True,2024-10-21,2024-10-19 23:15:00+05:30,https://www.thehindubusinessline.com/portfolio/commodity-analysis/fo-query-should-you-hold-the-longs-on-axis-bank-call-options/article68769335.ece
20241020031500-541,20241020031500,moneycontrol.com,https://www.moneycontrol.com/news/business/markets/chartist-talks-sudeep-shah-of-sbi-securities-believes-axis-bank-has-bottomed-out-sees-bullish-momentum-in-this-stock-12845662.html,"Chartist Talks: Sudeep Shah of SBI Securities believes Axis Bank has bottomed out, sees bullish momentum in this stock",ACCEPTED,True,2024-10-21,2024-10-20 08:45:00+05:30,https://www.moneycontrol.com/news/business/markets/chartist-talks-sudeep-shah-of-sbi-securities-believes-axis-bank-has-bottomed-out-sees-bullish-momentum-in-this-stock-12845662.html
20241020201500-T4,20241020201500,moneycontrol.com,https://hindi.moneycontrol.com/news/markets/axis-bank-share-price-brokerage-firm-bullish-buy-target-of-rs-1350-icici-securities-1931564.html,"Axis Bank Share: तिमाही नतीजों के बाद ब्रोकरेज ने जताई तेजी की उम्मीद, चेक करें कितना है टारगेट",ACCEPTED,True,2024-10-21,2024-10-21 01:45:00+05:30,https://hindi.moneycontrol.com/news/markets/axis-bank-share-price-brokerage-firm-bullish-buy-target-of-rs-1350-icici-securities-1931564.html
20241021043000-139,20241021043000,indiatimes.com,https://economictimes.indiatimes.com/markets/stocks/recos/neutral-axis-bank-target-price-rs-1225-motilal-oswal-financial-services/articleshow/114368463.cms,"Neutral on Axis Bank, target price Rs 1,225: Motilal Oswal Financial Services",ACCEPTED,True,2024-10-21,2024-10-21 10:00:00+05:30,https://economictimes.indiatimes.com/markets/stocks/recos/neutral-axis-bank-target-price-rs-1225-motilal-oswal-financial-services/articleshow/114368463.cms
20241021044500-387,20241021044500,moneycontrol.com,https://www.moneycontrol.com/news/business/markets/short-call-auto-stocks-may-disappoint-in-q2-as-demand-falters-axis-bank-wipro-in-focus-12846257.html,"Short Call: Auto stocks may disappoint in Q2 as demand falters; Axis Bank, Wipro in focus",ACCEPTED,True,2024-10-21,2024-10-21 10:15:00+05:30,https://www.moneycontrol.com/news/business/markets/short-call-auto-stocks-may-disappoint-in-q2-as-demand-falters-axis-bank-wipro-in-focus-12846257.html
20241021044500-968,20241021044500,moneycontrol.com,https://www.moneycontrol.com/news/business/stocks/buy-axis-bank-target-of-rs-1345-kr-choksey-3-12846254.html,Buy Axis Bank; target of Rs 1345: KR Choksey,ACCEPTED,True,2024-10-21,2024-10-21 10:15:00+05:30,https://www.moneycontrol.com/news/business/stocks/buy-axis-bank-target-of-rs-1345-kr-choksey-3-12846254.html
20241021071500-594,20241021071500,indiatimes.com,https://economictimes.indiatimes.com/wealth/invest/axis-bank-revises-fd-interest-rates-now-earn-up-to-7-75-fixed-deposit-rate/articleshow/114416642.cms,Axis Bank revises FD interest rates; now earn up to 7.75% fixed deposit rate,ACCEPTED,True,2024-10-21,2024-10-21 12:45:00+05:30,https://economictimes.indiatimes.com/wealth/invest/axis-bank-revises-fd-interest-rates-now-earn-up-to-7-75-fixed-deposit-rate/articleshow/114416642.cms
20241022061500-768,20241022061500,livemint.com,https://www.livemint.com/money/personal-finance/axis-bank-olympus-credit-card-from-benefits-to-reward-points-all-you-need-to-know-travel-11729509470934.html,Axis Bank Olympus credit card: From benefits to reward points; all you need to know,ACCEPTED,True,2024-10-22,2024-10-22 11:45:00+05:30,https://www.livemint.com/money/personal-finance/axis-bank-olympus-credit-card-from-benefits-to-reward-points-all-you-need-to-know-travel-11729509470934.html
20241022094500-527,20241022094500,livemint.com,https://www.livemint.com/market/stock-market-news/axis-bank-zomato-more-kotak-securities-lists-8-stock-picks-for-diwali-2024-11729585079779.html,"Axis Bank, Zomato & more: Kotak Securities lists 8 stock picks for Diwali 2024",ACCEPTED,True,2024-10-22,2024-10-22 15:15:00+05:30,https://www.livemint.com/market/stock-market-news/axis-bank-zomato-more-kotak-securities-lists-8-stock-picks-for-diwali-2024-11729585079779.html
20241022123000-330,20241022123000,news18.com,https://www.news18.com/business/markets/diwali-muhurat-trading-2024-zomato-axis-bank-among-8-ideas-from-kotak-securities-for-samvat-2081-9094412.html,"Muhurat Trading 2024: Zomato, Axis Bank Among 8 Ideas From Kotak Securities For Samvat 2081",ACCEPTED,True,2024-10-23,2024-10-22 18:00:00+05:30,https://www.news18.com/business/markets/diwali-muhurat-trading-2024-zomato-axis-bank-among-8-ideas-from-kotak-securities-for-samvat-2081-9094412.html
20241023054500-766,20241023054500,businesstoday.in,https://www.businesstoday.in/markets/stocks/story/zomato-hindustan-zinc-bajaj-finance-axis-bank-what-kiran-jani-of-jainam-broking-says-on-these-4-stocks-451148-2024-10-23,"Zomato, Hindustan Zinc, Bajaj Finance & Axis Bank: What Kiran Jani of Jainam Broking says on these 4 stocks",ACCEPTED,True,2024-10-23,2024-10-23 11:15:00+05:30,https://www.businesstoday.in/markets/stocks/story/zomato-hindustan-zinc-bajaj-finance-axis-bank-what-kiran-jani-of-jainam-broking-says-on-these-4-stocks-451148-2024-10-23
20241024131500-1090,20241024131500,investegate.co.uk,https://www.investegate.co.uk:443/announcement/rns/axis-bank-limited--axb/changes-in-senior-management-of-axis-bank-limited-/8507031,CHANGES IN SENIOR MANAGEMENT OF AXIS BANK LIMITED | Company Announcement,ACCEPTED,True,2024-10-25,2024-10-24 18:45:00+05:30,https://www.investegate.co.uk:443/announcement/rns/axis-bank-limited--axb/changes-in-senior-management-of-axis-bank-limited-/8507031
20241024133000-632,20241024133000,indiatimes.com,https://economictimes.indiatimes.com/industry/banking/finance/banking/axis-bank-re-appoints-amitabh-chaudhry-as-md-ceo-of-bank-for-3-years/articleshow/114550951.cms,Axis Bank re-appoints Amitabh Chaudhry as MD & CEO of bank for 3 years,ACCEPTED,True,2024-10-25,2024-10-24 19:00:00+05:30,https://economictimes.indiatimes.com/industry/banking/finance/banking/axis-bank-re-appoints-amitabh-chaudhry-as-md-ceo-of-bank-for-3-years/articleshow/114550951.cms
20241024134500-882,20241024134500,moneycontrol.com,https://www.moneycontrol.com/news/business/markets/axis-bank-re-appoints-amitabh-chaudhry-as-md-and-ceo-for-three-years-12850309.html,Axis Bank's re-appointment of Amitabh Chaudhry as MD and CEO gets RBI nod,ACCEPTED,True,2024-10-25,2024-10-24 19:15:00+05:30,https://www.moneycontrol.com/news/business/markets/axis-bank-re-appoints-amitabh-chaudhry-as-md-and-ceo-for-three-years-12850309.html
20241025033000-749,20241025033000,businesstoday.in,https://www.businesstoday.in/markets/story/stocks-in-news-itc-indusind-bank-ntpc-axis-bank-iex-godrej-cp-coal-india-ltts-451469-2024-10-25,"Stocks in news: ITC, IndusInd Bank, NTPC, Axis Bank, IEX, Godrej CP, Coal India & LTTS",ACCEPTED,True,2024-10-25,2024-10-25 09:00:00+05:30,https://www.businesstoday.in/markets/story/stocks-in-news-itc-indusind-bank-ntpc-axis-bank-iex-godrej-cp-coal-india-ltts-451469-2024-10-25
20241025040000-780,20241025040000,indiatimes.com,https://economictimes.indiatimes.com/markets/expert-view/etmarkets-smart-talk-axis-bank-zomato-among-top-8-picks-for-samvat-2081-recommends-shrikant-chouhan/articleshow/114531195.cms,"ETMarkets Smart Talk: Axis Bank, Zomato among top 8 picks for Samvat 2081, recommends Shrikant Chouhan",ACCEPTED,True,2024-10-25,2024-10-25 09:30:00+05:30,https://economictimes.indiatimes.com/markets/expert-view/etmarkets-smart-talk-axis-bank-zomato-among-top-8-picks-for-samvat-2081-recommends-shrikant-chouhan/articleshow/114531195.cms
20241025041500-522,20241025041500,indiatimes.com,https://economictimes.indiatimes.com/industry/banking/finance/banking/overhang-for-axis-bank-over-amitabh-chaudhry-secures-re-appointment-from-rbi/articleshow/114568254.cms,"Overhang for Axis Bank over, Amitabh Chaudhry secures re-appointment from RBI",ACCEPTED,True,2024-10-25,2024-10-25 09:45:00+05:30,https://economictimes.indiatimes.com/industry/banking/finance/banking/overhang-for-axis-bank-over-amitabh-chaudhry-secures-re-appointment-from-rbi/articleshow/114568254.cms
20241025061500-125,20241025061500,prokerala.com,https://www.prokerala.com/news/articles/a1575543.html,"Indian stock market opens flat, Axis Bank and ITC among top gainers",ACCEPTED,True,2024-10-25,2024-10-25 11:45:00+05:30,https://www.prokerala.com/news/articles/a1575543.html
20241025061500-356,20241025061500,thehindubusinessline.com,https://www.thehindubusinessline.com/money-and-banking/rbi-approves-third-term-for-axis-bank-md-ceo-amitabh-chaudhry/article68792194.ece,"RBI approves third term for Axis Bank MD, CEO Amitabh Chaudhry",ACCEPTED,True,2024-10-25,2024-10-25 11:45:00+05:30,https://www.thehindubusinessline.com/money-and-banking/rbi-approves-third-term-for-axis-bank-md-ceo-amitabh-chaudhry/article68792194.ece
20241025070000-829,20241025070000,sakshipost.com,https://www.sakshipost.com/news/indian-stock-market-opens-flat-axis-bank-and-itc-among-top-gainers-344026,"25 October: Indian stock market opens flat, Axis Bank and ITC among top gainers",ACCEPTED,True,2024-10-25,2024-10-25 12:30:00+05:30,https://www.sakshipost.com/news/indian-stock-market-opens-flat-axis-bank-and-itc-among-top-gainers-344026
20241025071500-324,20241025071500,india.com,https://zeenews.india.com/economy/sensex-today-indian-stock-market-opens-flat-axis-bank-and-itc-among-top-gainers-2811613.html,"Sensex Today: Indian Stock Market Opens Flat, Axis Bank And ITC Among Top Gainers",ACCEPTED,True,2024-10-25,2024-10-25 12:45:00+05:30,https://zeenews.india.com/economy/sensex-today-indian-stock-market-opens-flat-axis-bank-and-itc-among-top-gainers-2811613.html
20241025073000-76,20241025073000,siliconindia.com,https://www.siliconindia.com/news/general/indian-stock-market-opens-flat-axis-bank-and-itc-lead-gains-nid-232545-cid-1.html,"Indian Stock Market Opens Flat, Axis Bank and ITC Lead Gains",ACCEPTED,True,2024-10-25,2024-10-25 13:00:00+05:30,https://www.siliconindia.com/news/general/indian-stock-market-opens-flat-axis-bank-and-itc-lead-gains-nid-232545-cid-1.html
20241025080000-590,20241025080000,mangalorean.com,https://www.mangalorean.com/indian-stock-market-opens-flat-axis-bank-and-itc-among-top-gainers/,"Indian stock market opens flat, Axis Bank and ITC among top gainers",ACCEPTED,True,2024-10-25,2024-10-25 13:30:00+05:30,https://www.mangalorean.com/indian-stock-market-opens-flat-axis-bank-and-itc-among-top-gainers
20241025081500-460,20241025081500,businesstoday.in,https://www.businesstoday.in/industry/banks/story/rbi-approves-re-appointment-of-amitabh-chaudhry-as-md-ceo-of-axis-bank-for-three-years-451518-2024-10-25,RBI approves re-appointment of Amitabh Chaudhry as MD & CEO of Axis Bank for three years,ACCEPTED,True,2024-10-25,2024-10-25 13:45:00+05:30,https://www.businesstoday.in/industry/banks/story/rbi-approves-re-appointment-of-amitabh-chaudhry-as-md-ceo-of-axis-bank-for-three-years-451518-2024-10-25
20241025101500-1223,20241025101500,morungexpress.com,https://morungexpress.com/indian-stock-market-opens-flat-axis-bank-and-itc-among-top-gainers,"Indian stock market opens flat, Axis Bank and ITC among top gainers",ACCEPTED,True,2024-10-28,2024-10-25 15:45:00+05:30,https://morungexpress.com/indian-stock-market-opens-flat-axis-bank-and-itc-among-top-gainers
20241025104500-483,20241025104500,financialexpress.com,https://www.financialexpress.com/market/top-picks-for-diwalinbspaxis-banknbspaadhar-housing-finance-godrej-agrovat-in-kotak-secs-list-to-light-upnbspsamvat-2081-3649366/,"Top picks for Diwali: Axis Bank, Aadhar Housing Finance, Godrej Agrovat, JB Chem in Kotak Sec's list of stocks set to light up Samvat 2081 - Market News",ACCEPTED,True,2024-10-28,2024-10-25 16:15:00+05:30,https://www.financialexpress.com/market/top-picks-for-diwalinbspaxis-banknbspaadhar-housing-finance-godrej-agrovat-in-kotak-secs-list-to-light-upnbspsamvat-2081-3649366
20241025111500-1155,20241025111500,livemint.com,https://www.livemint.com/market/stock-market-news/top-gainers-and-losers-today-on-25-october-2024-itc-axis-bank-adani-enterprises-bharat-petroleum-corporation-among-most-active-stocks-check-full-list-here-11729852394004.html,"Top Gainers and Losers today on 25 October, 2024: ITC, Axis Bank, Adani Enterprises, Bharat Petroleum Corporation among most active stocks; Check full list here",ACCEPTED,True,2024-10-28,2024-10-25 16:45:00+05:30,https://www.livemint.com/market/stock-market-news/top-gainers-and-losers-today-on-25-october-2024-itc-axis-bank-adani-enterprises-bharat-petroleum-corporation-among-most-active-stocks-check-full-list-here-11729852394004.html
20241025144500-1913,20241025144500,newkerala.com,https://www.newkerala.com/news/2024/67239.htm,"Indian stock market opens flat, Axis Bank and ITC among top gainers",ACCEPTED,True,2024-10-28,2024-10-25 20:15:00+05:30,https://www.newkerala.com/news/2024/67239.htm
20241026044500-656,20241026044500,livemint.com,https://www.livemint.com/money/personal-finance/busy-with-diwali-dhanteras-shopping-check-these-top-credit-card-offers-on-sbi-card-icici-bank-axis-bank-hdfc-bank-11729906639246.html,"Busy with Diwali, Dhanteras shopping? Check THESE top credit card offers on SBI Card, ICICI Bank, Axis Bank, HDFC Bank",ACCEPTED,True,2024-10-28,2024-10-26 10:15:00+05:30,https://www.livemint.com/money/personal-finance/busy-with-diwali-dhanteras-shopping-check-these-top-credit-card-offers-on-sbi-card-icici-bank-axis-bank-hdfc-bank-11729906639246.html
20241026093000-542,20241026093000,businesstoday.in,https://www.businesstoday.in/visualstories/stock/top-stocks-of-the-week-paytm-max-financial-sona-blw-coforge-axis-bank-and-more-182221-26-10-2024,"Top stocks of the week: Paytm, Max Financial, Sona BLW, Coforge, Axis Bank and more",ACCEPTED,True,2024-10-28,2024-10-26 15:00:00+05:30,https://www.businesstoday.in/visualstories/stock/top-stocks-of-the-week-paytm-max-financial-sona-blw-coforge-axis-bank-and-more-182221-26-10-2024
20241026181500-140,20241026181500,theweek.in,https://www.theweek.in/wire-updates/business/2024/10/26/dcm36-biz-sebi-axis-bank.html,Sebi issues notice to Axis Bank about stake buy in Max Life Insurance,ACCEPTED,True,2024-10-28,2024-10-26 23:45:00+05:30,https://www.theweek.in/wire-updates/business/2024/10/26/dcm36-biz-sebi-axis-bank.html
20241026183000-679,20241026183000,moneycontrol.com,https://www.moneycontrol.com/news/business/companies/sebi-issues-notice-to-axis-bank-about-stake-buy-in-max-life-insurance-12851562.html,Sebi issues notice to Axis Bank about stake buy in Max Life Insurance,ACCEPTED,True,2024-10-28,2024-10-27 00:00:00+05:30,https://www.moneycontrol.com/news/business/companies/sebi-issues-notice-to-axis-bank-about-stake-buy-in-max-life-insurance-12851562.html
20241029124500-1445,20241029124500,india.com,https://zeenews.india.com/economy/axis-bank-max-life-deal-sebi-sends-notice-more-pain-ahead-for-investors-2813404.html,"Axis Bank-Max Life Deal: SEBI Sends Notice, More Pain Ahead For Investors?",ACCEPTED,True,2024-10-30,2024-10-29 18:15:00+05:30,https://zeenews.india.com/economy/axis-bank-max-life-deal-sebi-sends-notice-more-pain-ahead-for-investors-2813404.html
20241029130000-1050,20241029130000,moneylife.in,https://moneylife.in/article/axis-bank-asked-to-refund-rs496-lakh-processing-fee-with-9-percentage-interest-after-refusing-to-disburse-loan/75494.html,Axis Bank Asked To Refund Rs4.96 Lakh Processing Fee with 9% Interest after Refusing To Disburse Loan,ACCEPTED,True,2024-10-30,2024-10-29 18:30:00+05:30,https://moneylife.in/article/axis-bank-asked-to-refund-rs496-lakh-processing-fee-with-9-percentage-interest-after-refusing-to-disburse-loan/75494.html
20241030023000-893,20241030023000,indiatimes.com,https://economictimes.indiatimes.com/industry/banking/finance/banking/axis-bank-says-ai-wont-mean-job-losses-as-it-adds-frontliners/articleshow/114754501.cms,Axis Bank says AI won't mean job losses as it adds frontliners,ACCEPTED,True,2024-10-30,2024-10-30 08:00:00+05:30,https://economictimes.indiatimes.com/industry/banking/finance/banking/axis-bank-says-ai-wont-mean-job-losses-as-it-adds-frontliners/articleshow/114754501.cms
20241030060000-268,20241030060000,livemint.com,https://www.livemint.com/market/axis-bank-share-price-today-latest-on-30-oct-2024-11730266851220.html,"Axis Bank Share Price Today on 30-10-2024: Axis Bank share price are down by -0.88%, Nifty down by -0.09%",ACCEPTED,True,2024-10-30,2024-10-30 11:30:00+05:30,https://www.livemint.com/market/axis-bank-share-price-today-latest-on-30-oct-2024-11730266851220.html
20241030073000-478,20241030073000,livemint.com,https://www.livemint.com/companies/news/nclat-asks-axis-bank-siti-network-s-creditors-to-hold-143-crore-in-separate-interest-bearing-account-11730268451901.html,"NCLAT asks Axis Bank, Siti Network's creditors to hold ₹143 crore in separate interest-bearing account",ACCEPTED,True,2024-10-30,2024-10-30 13:00:00+05:30,https://www.livemint.com/companies/news/nclat-asks-axis-bank-siti-network-s-creditors-to-hold-143-crore-in-separate-interest-bearing-account-11730268451901.html
20241030100000-415,20241030100000,moneycontrol.com,https://www.moneycontrol.com/news/business/axis-bank-says-ai-wont-mean-job-losses-as-it-adds-frontliners-12855215.html,Axis Bank says AI won't mean job losses as it adds frontliners,ACCEPTED,True,2024-10-31,2024-10-30 15:30:00+05:30,https://www.moneycontrol.com/news/business/axis-bank-says-ai-wont-mean-job-losses-as-it-adds-frontliners-12855215.html
