Ticker,First_News_Date,Last_News_Date,Articles,Trading_Days,Days_With_News,Days_Without_News,Coverage_Percentage
RELIANCE.NS,N/A,N/A,0,245,0,245,0.0
TCS.NS,2024-02-05,2024-12-26,249,245,79,166,32.24
HDFCBANK.NS,N/A,N/A,0,245,0,245,0.0
ICICIBANK.NS,2024-11-04,2024-12-30,115,245,34,211,13.88
INFY.NS,2024-02-01,2024-03-04,78,245,23,222,9.39
HINDUNILVR.NS,2024-01-02,2024-12-18,121,245,39,206,15.92
ITC.NS,2024-01-23,2024-12-20,71,245,36,209,14.69
SBIN.NS,N/A,N/A,0,245,0,245,0.0
BHARTIARTL.NS,N/A,N/A,0,245,0,245,0.0
KOTAKBANK.NS,N/A,N/A,0,245,0,245,0.0
LT.NS,N/A,N/A,0,245,0,245,0.0
AXISBANK.NS,N/A,N/A,0,245,0,245,0.0
ASIANPAINT.NS,N/A,N/A,0,245,0,245,0.0
MARUTI.NS,N/A,N/A,0,245,0,245,0.0
TITAN.NS,N/A,N/A,0,245,0,245,0.0
BAJFINANCE.NS,N/A,N/A,0,245,0,245,0.0
SUNPHARMA.NS,N/A,N/A,0,245,0,245,0.0
HCLTECH.NS,N/A,N/A,0,245,0,245,0.0
TATASTEEL.NS,N/A,N/A,0,245,0,245,0.0
NTPC.NS,N/A,N/A,0,245,0,245,0.0
