article_id,ticker,company,headline,source,url,published_at,seen_at,source_timestamp,trading_date,timestamp_basis,gkg_record_id,company_match_reason,finbert_label,finbert_confidence,sentiment_score
2bd27c4d5b8c3822d2f461ea5a8801d4cdb2f2a9,ICICIBANK.NS,ICICI Bank,"ICICI Bank's Festive Bonanza: Discounts up to Rs 40,000 on electronics! BIG cashbacks on iPhone 16, MacBook Air - Money News",financialexpress.com,https://www.financialexpress.com/money/icici-banks-festive-bonanza-discounts-up-to-rs-40000-on-electronics-big-cashbacks-on-iphone-16-macbook-air-3627715,2024-10-01T14:53:00+05:30,2024-10-01T17:00:00+05:30,20241001113000,2024-10-03,publisher_published_at,20241001113000-138,Direct headline match with company alias,,,
7f3ce3dcfc9f051df3a2a7874baf6ce9464bebc4,ICICIBANK.NS,ICICI Bank,"ICICI Bank ने रिवाइज किया FD पर ब्याज, चेक करें लेटेस्ट इंटरेस्ट रेट",moneycontrol.com,https://hindi.moneycontrol.com/news/your-money/icici-bank-revise-interest-rate-on-fixed-deposit-check-latest-interest-rate-on-fd-1-october-2024-1928491.html,,2024-10-01T19:45:00+05:30,20241001141500,2024-10-03,gdelt_gkg_observation,20241001141500-T2625,Direct headline match with company alias,,,
b1bc5c5b165b3ee18d07c059695a711c85b01749,ICICIBANK.NS,ICICI Bank,"Spend Rs 10,000 first: ICICI Bank updates debit card lounge access rule",business-standard.com,https://www.business-standard.com/finance/personal-finance/spend-rs-10-000-first-icici-bank-updates-debit-card-lounge-access-rule-124100200154_1.html,,2024-10-02T11:45:00+05:30,20241002061500,2024-10-03,gdelt_gkg_observation,20241002061500-91,Direct headline match with company alias,,,
a5dfdc4c6cc03c440500f2076fc28746f87e65c0,ICICIBANK.NS,ICICI Bank,"ICICI Bank's Festive Bonanza is back with attractive deals on big brands and leading e-commerce portals – Odisha Diary, Latest Odisha News, Breaking News Odisha",orissadiary.com,https://orissadiary.com/icici-banks-festive-bonanza-is-back-with-attractive-deals-on-big-brands-and-leading-e-commerce-portals,,2024-10-02T14:00:00+05:30,20241002083000,2024-10-03,gdelt_gkg_observation,20241002083000-1041,Direct headline match with company alias,,,
4090016fce2ceab47ae0a9dc91c593d8512460c2,ICICIBANK.NS,ICICI Bank,ICICI Bank and MakeMyTrip launch a co-branded credit card for travel enthusiasts,indiatimes.com,https://economictimes.indiatimes.com/industry/banking/finance/icici-bank-and-makemytrip-launch-a-co-branded-credit-card-for-travel-enthusiasts/articleshow/113904521.cms,,2024-10-03T15:45:00+05:30,20241003101500,2024-10-04,gdelt_gkg_observation,20241003101500-221,Direct headline match with company alias,,,
dd1a7dfbc601766bf413c4d6680366280b88ad9e,ICICIBANK.NS,ICICI Bank,ICICI Bank partners with MakeMyTrip to launch co-branded credit card,dailyexcelsior.com,https://www.dailyexcelsior.com/icici-bank-partners-with-makemytrip-to-launch-co-branded-credit-card,2024-10-03T16:56:00+05:30,2024-10-03T17:30:00+05:30,20241003120000,2024-10-04,publisher_published_at,20241003120000-1359,Direct headline match with company alias,,,
1ef223cbcdd55000c9e1a9f8751dc495f904d087,ICICIBANK.NS,ICICI Bank,"ICICI Bank, MakeMyTrip unveil travel credit card - India's Top Travel News Source: TravelBiz Monitor",travelbizmonitor.com,http://travelbizmonitor.com/icici-bank-makemytrip-unveil-travel-credit-card,2024-10-03T18:00:00+05:30,2024-10-03T19:30:00+05:30,20241003140000,2024-10-04,publisher_published_at,20241003140000-1605,Direct headline match with company alias,,,
cc380791444f256da1ca3cc5166a2a10b890d862,ICICIBANK.NS,ICICI Bank,ICICI Bank & MakeMyTrip launch co-branded credit card for travel enthusiasts,traveltrendstoday.in,http://www.traveltrendstoday.in/icici-bank-makemytrip-launch-co-branded-credit-card-for-travel-enthusiasts,2024-10-03T16:39:00+05:30,2024-10-03T19:45:00+05:30,20241003141500,2024-10-04,publisher_published_at,20241003141500-272,Direct headline match with company alias,,,
e4c2261896ef8809f14e840e8c6978338752d474,ICICIBANK.NS,ICICI Bank,ICICI Bank partners with MakeMyTrip to launch co-branded credit card,thenorthlines.com,https://thenorthlines.com/icici-bank-partners-with-makemytrip-to-launch-co-branded-credit-card,2024-10-03T23:12:00+05:30,2024-10-04T02:15:00+05:30,20241003204500,2024-10-04,publisher_published_at,20241003204500-1219,Direct headline match with company alias,,,
0e5a11c07a37fac31d6998370431a73dfac22ae2,ICICIBANK.NS,ICICI Bank,పేట ఐసీఐసీఐ బ్యాంకులో గోల్‌మాల్‌ | Golmall in Peta ICICI Bank,andhrajyothy.com,https://www.andhrajyothy.com/2024/andhra-pradesh/golmall-in-peta-icici-bank-1318141.html,,2024-10-04T04:30:00+05:30,20241003230000,2024-10-04,gdelt_gkg_observation,20241003230000-T410,Direct headline match with company alias,,,
68b946ca5ea68c68ed18d041ececd4168021edf5,ICICIBANK.NS,ICICI Bank,"MakeMyTrip, ICICI Bank launch new co-branded credit card: Key details",indiatimes.com,https://timesofindia.indiatimes.com/technology/tech-news/makemytrip-icici-bank-launch-new-co-branded-credit-card-key-details/articleshow/113916204.cms,,2024-10-04T08:00:00+05:30,20241004023000,2024-10-04,gdelt_gkg_observation,20241004023000-1108,Direct headline match with company alias,,,
fcee08c1b653f56cfb47571b27f0ca88d7ca6667,ICICIBANK.NS,ICICI Bank,"Unlimited rewards: ICICI Bank, MakeMakeMyTrip launch premium credit card",business-standard.com,https://www.business-standard.com/finance/personal-finance/unlimited-rewards-icici-bank-makemakemytrip-launch-premium-credit-card-124100400254_1.html,,2024-10-04T11:15:00+05:30,20241004054500,2024-10-04,gdelt_gkg_observation,20241004054500-117,Direct headline match with company alias,,,
e676aec16e1aa31bd5f405048bf67bb93925a083,ICICIBANK.NS,ICICI Bank,ICICI Bank and MakeMyTrip launch a co-branded credit card for travel enthusiasts,traveldailymedia.com,https://www.traveldailymedia.com/icici-bank-and-makemytrip-launch-a-co-branded-credit-card-for-travel-enthusiasts,2024-10-04T12:04:00+05:30,2024-10-04T14:45:00+05:30,20241004091500,2024-10-04,publisher_published_at,20241004091500-733,Direct headline match with company alias,,,
5b12f02696c1f989456c8b08bf9a28eee3f4d7da,ICICIBANK.NS,ICICI Bank,SBI Vs HDFC Bank Vs ICICI Bank: Check Latest FD Interest Rates Comparison,news18.com,https://www.news18.com/business/savings-and-investments/sbi-vs-hdfc-bank-vs-icici-bank-check-latest-fd-interest-rates-comparison-9073626.html,2024-10-04T16:31:00+05:30,2024-10-04T17:30:00+05:30,20241004120000,2024-10-07,publisher_published_at,20241004120000-597,Direct headline match with company alias,,,
ab88c6a9cfab6ab916507e794fc6f2d84483d2c4,ICICIBANK.NS,ICICI Bank,"Festive offers 2024 on loans, FDs, credit card spends: ICICI Bank, SBI, Axis Bank, Union Bank of India, Canara Bank, Bank of India",indiatimes.com,https://economictimes.indiatimes.com/wealth/save/festive-offers-2024-on-loans-fds-credit-card-spends-icici-bank-axis-bank-union-bank-of-india-canara-bank-bank-of-india/articleshow/113959968.cms,,2024-10-05T16:15:00+05:30,20241005104500,2024-10-07,gdelt_gkg_observation,20241005104500-750,Direct headline match with company alias,,,
b3c20c05246e96c44b335ecf0635a389495955fb,ICICIBANK.NS,ICICI Bank,ICICI Bank and MakeMyTrip launch a co-branded credit card for travel enthusiasts,orissadiary.com,https://orissadiary.com/icici-bank-and-makemytrip-launch-a-co-branded-credit-card-for-travel-enthusiasts,,2024-10-05T21:30:00+05:30,20241005160000,2024-10-07,gdelt_gkg_observation,20241005160000-403,Direct headline match with company alias,,,
cdc1960569138d7474a77e73a6be32d1ea65bfe5,ICICIBANK.NS,ICICI Bank,"stocks to buy | L&T | Reliance | ICICI Bank: L&T, Reliance & ICICI Bank to be in good buy zone on further selloff; RBI may maintain status quo this time: Sandip Sabharwal",indiatimes.com,https://economictimes.indiatimes.com/markets/expert-view/lt-reliance-icici-bank-to-be-in-good-buy-zone-on-further-selloff-rbi-may-maintain-status-quo-this-time-sandip-sabharwal/articleshow/114002291.cms,,2024-10-07T11:30:00+05:30,20241007060000,2024-10-07,gdelt_gkg_observation,20241007060000-676,Direct headline match with company alias,,,
af89c95470c929a553584d970f83cc52259113d4,ICICIBANK.NS,ICICI Bank,"F&O Strategy: Buy Godrej Consumer, ICICI Bk, suggests Rupak De as Indian stock market rebounds after tumbling last week",livemint.com,https://www.livemint.com/market/stock-market-news/fo-strategy-buy-godrej-consumer-icici-bk-suggests-rupak-de-as-indian-stock-market-rebounds-after-tumbling-last-week-11728276599082.html,,2024-10-07T11:30:00+05:30,20241007060000,2024-10-07,gdelt_gkg_observation,20241007060000-424,Direct headline match with company alias,,,
ce5b8202179901f76d62d71a1d82a8d706c33f01,ICICIBANK.NS,ICICI Bank,ICICI Bank Partners With PhonePe To Offer Instant Credit On UPI; Get Credit Line On UPI For Up To Rs 2 Lakh,india.com,https://zeenews.india.com/personal-finance/icici-bank-partners-with-phonepe-to-offer-instant-credit-on-upi-get-credit-line-on-upi-for-up-to-rs-2-lakh-2804213.html,,2024-10-08T12:30:00+05:30,20241008070000,2024-10-08,gdelt_gkg_observation,20241008070000-518,Direct headline match with company alias,,,
7a1c39bf3c219a377cbc130a0b116be9bbc0821b,ICICIBANK.NS,ICICI Bank,"HDFC Bank, ICICI Bank to Axis Bank: Why are banking shares rising in stock market today?",livemint.com,https://www.livemint.com/market/stock-market-news/hdfc-bank-icici-bank-to-axis-bank-why-are-banking-shares-rising-in-stock-market-today-11728374078669.html,,2024-10-08T14:30:00+05:30,20241008090000,2024-10-08,gdelt_gkg_observation,20241008090000-127,Direct headline match with company alias,,,
0df7a006b2c18be79411e4b4343c2b6617edc625,ICICIBANK.NS,ICICI Bank,ICICI Bank (NYSE:IBN) Share Price Passes Above Two Hundred Day Moving Average,biztoc.com,https://biztoc.com/x/bcd3cf7e14736783,2024-10-08T13:49:00+05:30,2024-10-08T14:45:00+05:30,20241008091500,2024-10-08,publisher_published_at,20241008091500-847,Direct headline match with company alias,,,
ccbd2ed05b7b716a9a8a2500d59b4f6fc77e0f84,ICICIBANK.NS,ICICI Bank,"ICICI Bank फोनपे ऐप पर यूपीआई क्रेडिट लाइन सुविधा देगा, ग्राहकों को तुरंत मिल जाएगा लोन",moneycontrol.com,https://hindi.moneycontrol.com/news/your-money/icici-bank-will-provide-its-pre-approved-customers-upi-credit-facility-on-phonepe-app-1929524.html,,2024-10-08T15:00:00+05:30,20241008093000,2024-10-08,gdelt_gkg_observation,20241008093000-T698,Direct headline match with company alias,,,
695fce1040f4f9628390708b045c952b106f6c4b,ICICIBANK.NS,ICICI Bank,ICICI Bank partners with PhonePe to offer instant credit on UPI,indiatimes.com,https://economictimes.indiatimes.com/industry/banking/finance/banking/icici-bank-partners-with-phonepe-to-offer-instant-credit-on-upi/articleshow/114045168.cms,,2024-10-08T16:15:00+05:30,20241008104500,2024-10-09,gdelt_gkg_observation,20241008104500-184,Direct headline match with company alias,,,
4359235e318f65fcf9709177d2d1a09a4b330ac9,ICICIBANK.NS,ICICI Bank,ICICI Bank offers THESE customers instant credit on UPI for up to Rs 2 lakh! Here's how to activate credit line - Money News,financialexpress.com,https://www.financialexpress.com/money/icici-bank-offers-these-customers-instant-credit-on-upi-for-up-to-rs-2-lakh-heres-how-to-activate-credit-line-3634524,2024-10-08T17:28:00+05:30,2024-10-08T19:15:00+05:30,20241008134500,2024-10-09,publisher_published_at,20241008134500-1860,Direct headline match with company alias,,,
8734d4e155153f8185c58cb017ed0bb3d584cbc3,ICICIBANK.NS,ICICI Bank,"ICICI Bank, PhonePe partner to provide credit line on UPI for customers",business-standard.com,https://www.business-standard.com/companies/news/icici-bank-phonepe-partner-to-provide-credit-line-on-upi-for-customers-124100801157_1.html,,2024-10-08T20:30:00+05:30,20241008150000,2024-10-09,gdelt_gkg_observation,20241008150000-990,Direct headline match with company alias,,,
f4f42b39a39f5c2f4c34f31a95d738698e87a2bb,ICICIBANK.NS,ICICI Bank,"Top credit cards festive season offers 2024: SBI Card, HDFC Bank, ICICI Bank, Axis Bank, IndusInd Bank",indiatimes.com,https://economictimes.indiatimes.com/wealth/spend/top-credit-cards-festive-season-offers-2024-sbi-card-hdfc-bank-icici-bank-axis-bank-indusind-bank/articleshow/114079110.cms,,2024-10-09T16:30:00+05:30,20241009110000,2024-10-10,gdelt_gkg_observation,20241009110000-82,Direct headline match with company alias,,,
5e9cec806c927276e7f2e2018fc045582908253a,ICICIBANK.NS,ICICI Bank,ICICI Bank Completes Redemption of Notes,yahoo.com,https://finance.yahoo.com/news/icici-bank-completes-redemption-notes-103807838.html,,2024-10-09T16:30:00+05:30,20241009110000,2024-10-10,gdelt_gkg_observation,20241009110000-707,Direct headline match with company alias,,,
c62747547ecd020a4abeca97e4b4541ecc902934,ICICIBANK.NS,ICICI Bank,"Stocks to Watch: Tata stocks, AEL, Vedanta, JSW Infra, ICICI Sec, Jio Fin",business-standard.com,https://www.business-standard.com/markets/news/stocks-to-watch-tata-stocks-ael-vedanta-jsw-infra-icici-sec-jio-fin-124101000092_1.html,,2024-10-10T08:30:00+05:30,20241010030000,2024-10-10,gdelt_gkg_observation,20241010030000-345,Direct headline match with company alias,,,
0e4e0ec19d580d8b9b313c03496c4010a7b8ead8,ICICIBANK.NS,ICICI Bank,"India Movers: Adani Enterprises, HDFC Life, ICICI Bank, JSW Infra, Tata Group, Vedanta",ticker.com,"https://ticker.com/Asia-Stock-Movers-News-Today/India-Movers:-Adani-Enterprises,-HDFC-Life,-ICICI-Bank,-JSW-Infra,-Tata-Group,-Vedanta/Oct%2010-2024/T-30331",,2024-10-10T12:30:00+05:30,20241010070000,2024-10-10,gdelt_gkg_observation,20241010070000-1182,Direct headline match with company alias,,,
5ed2374855df89cc5ef3fe94538acc838877a54b,ICICIBANK.NS,ICICI Bank,Account Holders In Three ICICI Bank Branches In Andhra Lose Rs 28 Crore,menafn.com,https://menafn.com/1108767402/Account-Holders-In-Three-ICICI-Bank-Branches-In-Andhra-Lose-Rs-28-Crore,2024-10-10T05:30:00+05:30,2024-10-10T23:45:00+05:30,20241010181500,2024-10-11,publisher_published_at,20241010181500-756,Direct headline match with company alias,,,
76205598ca3dab8b23bd82d0d7aa429c0226e212,ICICIBANK.NS,ICICI Bank,Account holders in three ICICI Bank branches in Andhra lose Rs 28 crore,prokerala.com,https://www.prokerala.com/news/articles/a1571505.html,,2024-10-11T00:30:00+05:30,20241010190000,2024-10-11,gdelt_gkg_observation,20241010190000-1201,Direct headline match with company alias,,,
35c6936359bb9238d657c34c3986e0f6c53e60d2,ICICIBANK.NS,ICICI Bank,Account holders in three ICICI Bank branches in Andhra lose Rs 28 cr,siasat.com,https://www.siasat.com/account-holders-in-three-icici-bank-branches-in-andhra-lose-rs-28-cr-3110871,,2024-10-11T09:00:00+05:30,20241011033000,2024-10-11,gdelt_gkg_observation,20241011033000-949,Direct headline match with company alias,,,
28d5289b2b8ba38dc09b71ab335b116b32e612de,ICICIBANK.NS,ICICI Bank,"Stocks to buy: ICICI Bank, HDFC Bank among top 10 trading ideas for October 11, 2024",indiatimes.com,https://economictimes.indiatimes.com/markets/stocks/news/stocks-to-buy-icici-bank-hdfc-bank-among-top-10-trading-ideas-for-october-11-2024/articleshow/114135787.cms,,2024-10-11T09:30:00+05:30,20241011040000,2024-10-11,gdelt_gkg_observation,20241011040000-107,Direct headline match with company alias,,,
aeb869bbed078f982d6ad3c5f8aaa7c77f964491,ICICIBANK.NS,ICICI Bank,"ICICI Bank, MakeMyTrip launch co-branded credit card for travel. Should you get one?",moneycontrol.com,https://www.moneycontrol.com/news/business/personal-finance/icici-bank-makemytrip-launch-co-branded-credit-card-for-travel-should-you-get-one-12839833.html,,2024-10-11T11:00:00+05:30,20241011053000,2024-10-11,gdelt_gkg_observation,20241011053000-347,Direct headline match with company alias,,,
a92704cb4952b87092ed88032cd347d7e66ac8aa,ICICIBANK.NS,ICICI Bank,ICICI Bank shares set to rally in coming days? History suggests so,businesstoday.in,https://www.businesstoday.in/markets/stocks/story/icici-bank-shares-set-to-rally-in-coming-days-history-suggests-so-449627-2024-10-11,,2024-10-11T11:45:00+05:30,20241011061500,2024-10-11,gdelt_gkg_observation,20241011061500-278,Direct headline match with company alias,,,
6d8a321bc1b73ba32a65a743286c49c93e522770,ICICIBANK.NS,ICICI Bank,Account holders in three ICICI Bank branches in Andhra lose Rs 28 crore,mangalorean.com,https://www.mangalorean.com/account-holders-in-three-icici-bank-branches-in-andhra-lose-rs-28-crore,,2024-10-11T12:30:00+05:30,20241011070000,2024-10-11,gdelt_gkg_observation,20241011070000-980,Direct headline match with company alias,,,
69b82e903ad24968e9fd7c079ef348ce4a79804b,ICICIBANK.NS,ICICI Bank,"ज्यादा ट्रैवल करने वाले लोगों के लिए ICICI Bank और MakeMyTrip ने लॉन्च किया को-ब्रांडेड क्रेडिट कार्ड, क्या आपको यह लेना चाहिए?",moneycontrol.com,https://hindi.moneycontrol.com/news/your-money/icici-bank-makemytrip-launches-co-branded-credit-card-should-you-buy-this-credit-card-1929992.html,,2024-10-11T14:00:00+05:30,20241011083000,2024-10-11,gdelt_gkg_observation,20241011083000-T1887,Direct headline match with company alias,,,
563093e3189e1c950e0d6308a9ffbea82bf8a302,ICICIBANK.NS,ICICI Bank,Account holders in three ICICI Bank branches in Andhra lose Rs 28 crore,newkerala.com,https://www.newkerala.com/news/2024/63916.htm,,2024-10-11T15:30:00+05:30,20241011100000,2024-10-14,gdelt_gkg_observation,20241011100000-1013,Direct headline match with company alias,,,
57e6725d6c8e5d214b3782fde68ce23a3451715d,ICICIBANK.NS,ICICI Bank,"ICICI Bank revises credit card perks, doubles minimum spend for lounge access to Rs 75,000",moneycontrol.com,https://www.moneycontrol.com/news/business/personal-finance/icici-bank-revises-credit-card-perks-doubles-minimum-spend-for-lounge-access-to-rs-75000-12840258.html,,2024-10-11T16:00:00+05:30,20241011103000,2024-10-14,gdelt_gkg_observation,20241011103000-891,Direct headline match with company alias,,,
f89a3c283d56ae20653dcb856ff2bb210a4e4735,ICICIBANK.NS,ICICI Bank,"ICICI Bank credit card rules changed: Fuel surcharge waiver, lounge access, late payment fee structure, 16 other rules changes",indiatimes.com,https://economictimes.indiatimes.com/wealth/spend/icici-bank-credit-card-rules-changed-fuel-surcharge-waiver-lounge-access-late-payment-fee-structure-16-other-rules-changes/articleshow/114148898.cms,,2024-10-11T17:15:00+05:30,20241011114500,2024-10-14,gdelt_gkg_observation,20241011114500-1283,Direct headline match with company alias,,,
d474dc9f7907c591d0c0b6ad0e1c250273915b7a,ICICIBANK.NS,ICICI Bank,Hyderabad: Rs 19.5 lakh saved from cyber crime in ICICI bank,siasat.com,https://www.siasat.com/hyderabad-rs-19-5-lakh-saved-from-cyber-crime-in-icici-bank-3111231,,2024-10-11T17:30:00+05:30,20241011120000,2024-10-14,gdelt_gkg_observation,20241011120000-180,Direct headline match with company alias,,,
87be28471b4cc2f3df5770d2333db016766a99f0,ICICIBANK.NS,ICICI Bank,Andhra Pradesh CID continues probe into irregularities in ICICI Bank,prokerala.com,https://www.prokerala.com/news/articles/a1571680.html,,2024-10-11T17:45:00+05:30,20241011121500,2024-10-14,gdelt_gkg_observation,20241011121500-1111,Direct headline match with company alias,,,
f4ecd972a88289a6a6e9b79463ed519acaec823c,ICICIBANK.NS,ICICI Bank,AP: CID continues probe into irregularities in ICICI Bank,siasat.com,https://www.siasat.com/ap-cid-continues-probe-into-irregularities-in-icici-bank-3111254,,2024-10-11T18:30:00+05:30,20241011130000,2024-10-14,gdelt_gkg_observation,20241011130000-83,Direct headline match with company alias,,,
0513fe5aa0f940c2394a32b48f2d5df9681b52ea,ICICIBANK.NS,ICICI Bank,Andhra Pradesh CID Continues Probe Into Irregularities In ICICI Bank,menafn.com,https://menafn.com/1108769989/Andhra-Pradesh-CID-Continues-Probe-Into-Irregularities-In-ICICI-Bank,2024-10-11T05:30:00+05:30,2024-10-11T18:30:00+05:30,20241011130000,2024-10-14,publisher_published_at,20241011130000-708,Direct headline match with company alias,,,
19afdb5616c1e188c31c5b0915ef42e96017769c,ICICIBANK.NS,ICICI Bank,ICICI Bank: ఐసీఐసీఐ క్రెడిట్‌ కార్డు యూజర్లకు షాక్‌.. ప్రయోజనాల్లో కోత,eenadu.net,https://www.eenadu.net/telugu-news/business/icici-bank-revises-credit-card-perks/0104/124185254,,2024-10-11T23:30:00+05:30,20241011180000,2024-10-14,gdelt_gkg_observation,20241011180000-T1886,Direct headline match with company alias,,,
8dd33b37addb136bc4acb444940179c2715a292c,ICICIBANK.NS,ICICI Bank,ICICI Bank reduces credit card benefits starting November 15. Details here,livemint.com,https://www.livemint.com/news/icici-bank-reduces-credit-card-benefits-starting-november-15-details-here-11728715817166.html,,2024-10-12T13:00:00+05:30,20241012073000,2024-10-14,gdelt_gkg_observation,20241012073000-252,Direct headline match with company alias,,,
6d5e034a34276e6a63eb70af8fc9d86021d56112,ICICIBANK.NS,ICICI Bank,Credit Card: छीन लिए आपके कई लाभ……..'ICICI Bank ने दूसरी बार बदल दिए क्रेडिट कार्ड के नियम…….. – Sanjeevni Today,sanjeevnitoday.com,https://sanjeevnitoday.com/many-of-your-credit-card-benefits-have-been-taken-away-icici-bank-has-changed-the-credit-card-rules-for-the-second-time,,2024-10-12T13:15:00+05:30,20241012074500,2024-10-14,gdelt_gkg_observation,20241012074500-T843,Direct headline match with company alias,,,
0592ef30de3ade17a05b0ecf43857584b0908070,ICICIBANK.NS,ICICI Bank,ICICI Bank Reduces Credit Card Benefits Starting November 15. Details Here Mint,menafn.com,https://menafn.com/1108772092/ICICI-Bank-Reduces-Credit-Card-Benefits-Starting-November-15-Details-Here-Mint,2024-10-12T05:30:00+05:30,2024-10-12T13:30:00+05:30,20241012080000,2024-10-14,publisher_published_at,20241012080000-175,Direct headline match with company alias,,,
f39b697eef5f3043fdb1a6c69cbbb5948eb33bed,ICICIBANK.NS,ICICI Bank,"ICICI Bank Credit Card Rules Change From THIS Date: 1% Fee On Education Payments, No Rewards For Government Transactions; Check Reduced Benefits",india.com,https://zeenews.india.com/personal-finance/icici-bank-credit-card-rules-change-lounge-access-payment-government-transactions-education-payments-sbi-hdfc-2806178.html,,2024-10-13T12:15:00+05:30,20241013064500,2024-10-14,gdelt_gkg_observation,20241013064500-98,Direct headline match with company alias,,,
5b5158e34c721b1ac769abeac43bd96788ea8095,ICICIBANK.NS,ICICI Bank,"Analyst Call Tracker: BFSI counters top optimism list in September, brokerages bullish on Shriram Finance, SBI Life, ICICI Bank",moneycontrol.com,https://www.moneycontrol.com/news/business/markets/analyst-call-tracker-bfsi-counters-top-optimism-list-in-september-brokerages-bullish-on-shriram-finance-sbi-life-icici-bank-12840815.html,,2024-10-14T10:15:00+05:30,20241014044500,2024-10-14,gdelt_gkg_observation,20241014044500-236,Direct headline match with company alias,,,
559c1ef940094aed7f17a202ac2de6b665a5dc47,ICICIBANK.NS,ICICI Bank,"New credit card rules: SBI Card, ICICI Bank, HDFC Bank latest credit card rule changes",indiatimes.com,https://economictimes.indiatimes.com/wealth/spend/new-credit-card-rules-sbi-card-icici-bank-hdfc-bank-latest-credit-card-rule-changes/articleshow/114213672.cms,,2024-10-14T15:45:00+05:30,20241014101500,2024-10-15,gdelt_gkg_observation,20241014101500-220,Direct headline match with company alias,,,
b4a037dd421edfae108970532d8f66f8b5874ed8,ICICIBANK.NS,ICICI Bank,"SBI Card, ICICI Bank, HDFC Bank make big changes to credit card rules, know details here",dnaindia.com,https://www.dnaindia.com/business/report-sbi-card-icici-bank-hdfc-bank-make-big-changes-to-credit-card-rules-know-details-here-with-revised-fees-3113250,,2024-10-14T17:30:00+05:30,20241014120000,2024-10-15,gdelt_gkg_observation,20241014120000-482,Direct headline match with company alias,,,
47f97279a71c8cb80384a90a8cc481ac0642fd0a,ICICIBANK.NS,ICICI Bank,"ICICI Bank credit card rules change from Nov 15 on lounge access, spends",business-standard.com,https://www.business-standard.com/finance/personal-finance/icici-bank-credit-card-rules-change-from-nov-15-on-lounge-access-other-124101400704_1.html,,2024-10-14T18:00:00+05:30,20241014123000,2024-10-15,gdelt_gkg_observation,20241014123000-836,Direct headline match with company alias,,,
65fbb6c5c1eb7481ddf66f6d630e40bb9a47d658,ICICIBANK.NS,ICICI Bank,"ICICI Bank ने रिवाइज किया FD पर ब्याज, बैंक दे रहा है 7.80% का इंटरेस्ट रेट",moneycontrol.com,https://hindi.moneycontrol.com/news/your-money/icici-bank-revise-interest-rate-on-fd-check-latest-interest-rate-on-14-october-2024-1930470.html,,2024-10-14T21:15:00+05:30,20241014154500,2024-10-15,gdelt_gkg_observation,20241014154500-T961,Direct headline match with company alias,,,
21c4d65a244ee82ebb4b4a98a2d3392879663e38,ICICIBANK.NS,ICICI Bank,"Stocks to buy: ICICI Bank, Tata Power among 5 large-cap picks of Motilal Oswal for October",livemint.com,https://www.livemint.com/market/stock-market-news/stocks-to-buy-icici-bank-tata-power-among-5-large-cap-picks-of-motilal-oswal-for-october-11728974145605.html,,2024-10-15T14:00:00+05:30,20241015083000,2024-10-15,gdelt_gkg_observation,20241015083000-1236,Direct headline match with company alias,,,
a69bacb109e03f6fef872e57115929d478858d86,ICICIBANK.NS,ICICI Bank,stock picks: Should investors bet on ICICI Bank stock? Vinay Rajani answers,indiatimes.com,https://economictimes.indiatimes.com/markets/expert-view/should-investors-bet-on-icici-bank-stock-vinay-rajani-answers/articleshow/114242927.cms,,2024-10-15T14:15:00+05:30,20241015084500,2024-10-15,gdelt_gkg_observation,20241015084500-121,Direct headline match with company alias,,,
e9cb72b77105d8f9deec0aa1310493a07770b4c7,ICICIBANK.NS,ICICI Bank,"ITC, Titan Company, ICICI Bank: How to trade these blue-chip stocks",businesstoday.in,https://www.businesstoday.in/markets/company-stock/story/itc-titan-company-icici-bank-how-to-trade-these-blue-chip-stocks-450183-2024-10-16,,2024-10-16T09:30:00+05:30,20241016040000,2024-10-16,gdelt_gkg_observation,20241016040000-934,Direct headline match with company alias,,,
18b0a85379f897354b4988159e48cf6c20fed85f,ICICIBANK.NS,ICICI Bank,"Q2 Result 2024: Upcoming earnings next week includes ICICI Bank, Yes Bank, Coal India, JM Financial",financialexpress.com,https://www.financialexpress.com/business/industry/q2-result-2024-icici-bank-yes-bank-bikaji-foods-coal-india-jm-financial-upcoming-earnings-from-october-21-26/3641381,2024-10-16T13:57:00+05:30,2024-10-16T16:45:00+05:30,20241016111500,2024-10-17,publisher_published_at,20241016111500-267,Direct headline match with company alias,,,
a9599df2010c79bfe64383c0d2c7148890add7c2,ICICIBANK.NS,ICICI Bank,"Top lifetime free credit cards with no annual fee, joining fee October 2024: ICICI Bank, Yes Bank, IDFC FIRST Bank, Kotak Mahindra Bank, HSBC, Canara Bank, Standard Chartered Bank",indiatimes.com,https://economictimes.indiatimes.com/wealth/spend/top-lifetime-free-credit-cards-with-no-annual-fee-joining-fee-october-2024-icici-bank-yes-bank-idfc-first-bank-kotak-mahindra-bank-hsbc-canara-bank-standard-chartered-bank/articleshow/114347449.cms,,2024-10-18T16:00:00+05:30,20241018103000,2024-10-21,gdelt_gkg_observation,20241018103000-725,Direct headline match with company alias,,,
d62b6dd7570357d9e542d3836b9498faad885006,ICICIBANK.NS,ICICI Bank,"Savings account interest rate up to 7.25%: SBI, HDFC Bank, ICICI Bank, PNB, Union Bank, IDFC FIRST Bank",indiatimes.com,https://economictimes.indiatimes.com/wealth/save/savings-account-interest-rates-up-to-7-25-sbi-hdfc-bank-icici-bank-pnb-union-bank-idfc-first-bank/articleshow/114367108.cms,,2024-10-19T12:00:00+05:30,20241019063000,2024-10-21,gdelt_gkg_observation,20241019063000-603,Direct headline match with company alias,,,
d6567f8e1bbc3f083ff60102c73db5496dd49293,ICICIBANK.NS,ICICI Bank,"Mcap of 4 of top 10 most valued firms jumps Rs 81,151 cr last week; ICICI, HDFC Bank biggest gainers",moneycontrol.com,https://www.moneycontrol.com/news/business/markets/mcap-of-4-of-top-10-most-valued-firms-jumps-rs-81151-cr-last-week-icici-hdfc-bank-biggest-gainers-12845770.html,,2024-10-20T11:15:00+05:30,20241020054500,2024-10-21,gdelt_gkg_observation,20241020054500-653,Direct headline match with company alias,,,
d150034a33be134c2e3c9c239979de7f95897425,ICICIBANK.NS,ICICI Bank,"Mcap of 4 of top-10 most valued firms jumps Rs 81,151 cr last week; ICICI, HDFC Bank biggest gainers",indiatimes.com,https://economictimes.indiatimes.com/markets/stocks/news/mcap-of-4-of-top-10-most-valued-firms-jumps-rs-81151-cr-last-week-icici-hdfc-bank-biggest-gainers/articleshow/114390684.cms,,2024-10-20T11:30:00+05:30,20241020060000,2024-10-21,gdelt_gkg_observation,20241020060000-299,Direct headline match with company alias,,,
d91bf22983f5b1aaf5c4a09e4aac9c1a1f91f830,ICICIBANK.NS,ICICI Bank,"Market capitalisation of four of top-10 valued firms jumps ₹81,151 crore; ICICI, HDFC Bank biggest gainers",thehindu.com,https://www.thehindu.com/business/Economy/market-capitalisation-of-four-of-top-10-valued-firms-jumps-81151-crore-icici-hdfc-bank-biggest-gainers/article68775218.ece,2024-10-20T12:09:00+05:30,2024-10-20T12:30:00+05:30,20241020070000,2024-10-21,publisher_published_at,20241020070000-599,Direct headline match with company alias,,,
2240709f527122cd569ebd805626bd1add00f363,ICICIBANK.NS,ICICI Bank,"Fixed deposit interest rates: See 3-year FD rates for seven banks including SBI, HDFC, PNB, ICICI",hindustantimes.com,https://www.hindustantimes.com/business/fixed-deposit-interest-rates-see-3-year-fd-rates-for-seven-banks-including-sbi-hdfc-pnb-icici-101729404831087.html,,2024-10-20T13:15:00+05:30,20241020074500,2024-10-21,gdelt_gkg_observation,20241020074500-347,Direct headline match with company alias,,,
36025dcc6f2264d87cac6be08c8e3a738d3d8e64,ICICIBANK.NS,ICICI Bank,"Mcap of 4 of top-10 most valued firms jumps ₹81,151 crore last week; ICICI, HDFC Bank biggest gainers",thehindubusinessline.com,https://www.thehindubusinessline.com/markets/mcap-of-4-of-top-10-most-valued-firms-jumps-81151-crore-last-week-icici-hdfc-bank-biggest-gainers/article68775100.ece,2024-10-20T11:07:00+05:30,2024-10-20T13:30:00+05:30,20241020080000,2024-10-21,publisher_published_at,20241020080000-199,Direct headline match with company alias,,,
7ae6a2515fca9c5a7d28fc7a697e80eeaeed4b02,ICICIBANK.NS,ICICI Bank,"Mcap of four of top-10 most valued firms jumps Rs 81,151 cr last week; ICICI, HDFC Bank biggest gainers",orissapost.com,https://www.orissapost.com/mcap-of-four-of-top-10-most-valued-firms-jumps-rs-81151-cr-last-week-icici-hdfc-bank-biggest-gainers,2024-10-20T14:12:00+05:30,2024-10-20T14:30:00+05:30,20241020090000,2024-10-21,publisher_published_at,20241020090000-21,Direct headline match with company alias,,,
ba1127ea20f4d34e07882ffd3cec15b7ffb4034e,ICICIBANK.NS,ICICI Bank,"Market cap of HDFCBANK, ICICIBANK, SBI and Airtel increased by Rs 81151 crore, these 6 companies incurred loss.",morningexpress.in,https://morningexpress.in/market-cap-of-hdfcbank-icicibank-sbi-and-airtel-increased-by-rs-81151-crore-these-6-companies-incurred-loss,2024-10-20T11:39:00+05:30,2024-10-20T16:30:00+05:30,20241020110000,2024-10-21,publisher_published_at,20241020110000-391,Direct headline match with company alias,,,
fa9c0f5559b6f13eea3b05088c78ac5b0e077c7b,ICICIBANK.NS,ICICI Bank,"Banking stocks biggest gainers among Top 10 as ICICI Bank, HDFC Bank and SBI shine",theweek.in,https://www.theweek.in/news/biz-tech/2024/10/20/banking-stocks-biggest-gainers-among-top-10-as-icici-bank-hdfc-bank-and-sbi-shine.html,,2024-10-20T17:15:00+05:30,20241020114500,2024-10-21,gdelt_gkg_observation,20241020114500-222,Direct headline match with company alias,,,
3a0ce7785f1cf149727e7f38157b9dea91006beb,ICICIBANK.NS,ICICI Bank,"Four top-valued firms added Rs 81,151.31 crore in combined market valuation, HDFC Bank, ICICI biggest gainers",businesstoday.in,https://www.businesstoday.in/markets/stocks/story/four-top-valued-firms-added-rs-8115131-crore-in-combined-market-valuation-hdfc-bank-icici-biggest-gainers-450781-2024-10-20,,2024-10-20T17:15:00+05:30,20241020114500,2024-10-21,gdelt_gkg_observation,20241020114500-524,Direct headline match with company alias,,,
a8331c4e180eebb736f26ece124ac4a4bdead190,ICICIBANK.NS,ICICI Bank,ICICI Bank shares important details on how criminals in parcel fraud scare their targets,indiatimes.com,https://timesofindia.indiatimes.com/technology/tech-news/icici-bank-shares-important-details-on-how-criminals-in-parcel-fraud-scare-their-targets/articleshow/114398351.cms,,2024-10-21T07:45:00+05:30,20241021021500,2024-10-21,gdelt_gkg_observation,20241021021500-79,Direct headline match with company alias,,,
68f3a0729fa8b2690d141c337daa313340125a65,ICICIBANK.NS,ICICI Bank,"HDFC Bank: HDFC Bank has more re-rating potential than ICICI Bank: Santanu Chakrabarti, BNP Paribas",indiatimes.com,https://economictimes.indiatimes.com/markets/expert-view/hdfc-bank-has-more-re-rating-potential-than-icici-bank-santanu-chakrabarti-bnp-paribas/articleshow/114411593.cms,,2024-10-21T09:30:00+05:30,20241021040000,2024-10-21,gdelt_gkg_observation,20241021040000-651,Direct headline match with company alias,,,
c066d23dc0a2ad41a7c9a9e0d7791ac9b5662d1f,ICICIBANK.NS,ICICI Bank,"Stocks to buy: ICICI Bank, NTPC, Mazagon Dock among 12 stocks that may rise 9-20% in the next 3-4 weeks, say analysts",livemint.com,https://www.livemint.com/market/stock-market-news/stocks-to-buy-icici-bank-ntpc-mazagon-dock-among-12-stocks-that-may-rise-9-20-in-the-next-3-4-weeks-say-analysts-11729480094474.html,,2024-10-21T11:00:00+05:30,20241021053000,2024-10-21,gdelt_gkg_observation,20241021053000-1027,Direct headline match with company alias,,,
c8b43bdd75d5de3fd1562617584c35f000d8b569,ICICIBANK.NS,ICICI Bank,"Latest FD Interest Rates Comparison: From SBI, PNB To HDFC & ICICI Bank, Check Details Here",news18.com,https://www.news18.com/business/savings-and-investments/fd-rate-comparison-of-banks-fixed-deposit-sbi-pnb-9092990.html,2024-10-21T11:41:00+05:30,2024-10-21T13:30:00+05:30,20241021080000,2024-10-21,publisher_published_at,20241021080000-237,Direct headline match with company alias,,,
45e21addd88b985ac7ec714d1c8ab2e2a19db4d7,ICICIBANK.NS,ICICI Bank,ICICI Bank warns customers about rising parcel fraud scams: Use these tips to stay safe,indiatimes.com,https://economictimes.indiatimes.com/news/new-updates/icici-bank-warns-customers-about-rising-parcel-fraud-scams-use-these-tips-to-stay-safe/articleshow/114434936.cms,,2024-10-21T22:15:00+05:30,20241021164500,2024-10-22,gdelt_gkg_observation,20241021164500-1373,Direct headline match with company alias,,,
6c020087b3deff4db45b2b9976472acb886c1b15,ICICIBANK.NS,ICICI Bank,"Top Gainers and Losers today on 22 October, 2024: ICICI Bank, Adani Enterprises, Bharat Electronics among most active stocks; Check full list here",livemint.com,https://www.livemint.com/market/stock-market-news/top-gainers-and-losers-today-on-22-october-2024-icici-bank-adani-enterprises-bharat-electronics-among-most-active-stocks-check-full-list-here-11729593194852.html,,2024-10-22T16:45:00+05:30,20241022111500,2024-10-23,gdelt_gkg_observation,20241022111500-611,Direct headline match with company alias,,,
4c19c5675a7fda4877f31b6c86694e16226c5e6e,ICICIBANK.NS,ICICI Bank,"Trade Spotlight: How should you trade ICICI Bank, Phoenix Mills, Tube Investments of India, Unichem Labs and others on Wednesday?",moneycontrol.com,https://www.moneycontrol.com/news/business/markets/trade-spotlight-how-should-you-trade-icici-bank-phoenix-mills-tube-investments-of-india-unichem-labs-and-others-on-wednesday-12848229.html,,2024-10-23T07:45:00+05:30,20241023021500,2024-10-23,gdelt_gkg_observation,20241023021500-511,Direct headline match with company alias,,,
7553b156db46c66b00750919487214423f59b344,ICICIBANK.NS,ICICI Bank,"Stocks to buy or sell: Sagar Doshi of Nuvama recommends ICICI Bank, Hindustan Zinc, Varun Beverages today",livemint.com,https://www.livemint.com/market/stock-market-news/stocks-to-buy-or-sell-sagar-doshi-of-nuvama-recommends-icici-bank-hindustan-zinc-varun-beverages-today-11729656608909.html,,2024-10-23T10:45:00+05:30,20241023051500,2024-10-23,gdelt_gkg_observation,20241023051500-579,Direct headline match with company alias,,,
6a1703a790fd4a3ed030a418a00574ebb5e6c5b4,ICICIBANK.NS,ICICI Bank,Global IME Bank signs MOU with ICICI Bank Canada to facilitate seamless banking for Nepali immigrants moving to Canada,peoplesreview.com.np,https://www.peoplesreview.com.np/2024/10/23/global-ime-bank-signs-mou-with-icici-bank-canada-to-facilitate-seamless-banking-for-nepali-immigrants-moving-to-canada,,2024-10-23T19:15:00+05:30,20241023134500,2024-10-24,gdelt_gkg_observation,20241023134500-441,Direct headline match with company alias,,,
d2858893d75aaa31d73196e12689253f5d68b152,ICICIBANK.NS,ICICI Bank,Global IME Bank Signs MOU with ICICI Bank Canada to Facilitate Seamless Banking for Nepali immigrants moving to Canada,spotlightnepal.com,https://www.spotlightnepal.com/2024/10/23/global-ime-bank-signs-mou-icici-bank-canada-facilitate-seamless-banking-nepali-immigrants-moving-canada,,2024-10-23T23:00:00+05:30,20241023173000,2024-10-24,gdelt_gkg_observation,20241023173000-735,Direct headline match with company alias,,,
5c90d49288713f8a5cb80b7d4d65480fd4bba103,ICICIBANK.NS,ICICI Bank,ICICI Bank: Stock Radar: This private sector lender in S&P BSE Sensex index trading in a rising Wedge formation; what should investors do?,indiatimes.com,https://economictimes.indiatimes.com/markets/stocks/news/stock-radar-this-private-sector-lender-in-sp-bse-sensex-index-trading-in-a-rising-wedge-formation-what-should-investors-do/articleshow/114503797.cms,,2024-10-24T05:30:00+05:30,20241024000000,2024-10-24,gdelt_gkg_observation,20241024000000-1183,Direct headline match with company alias,,,
201163a16dccc1c150bcfb29de76ec0b3b16aba4,ICICIBANK.NS,ICICI Bank,"Mixer Grinder Amazon Diwali Sale,इं‍डियन किचन के शहंशाह हैं ये Mixer Grinder, 57% तक का झन्नाटेदार ऑफर Amazon Diwali Sale में करने लगा है ट्रेंड - get upto 57 percent off on top mixer grinder during amazon diwali sale 2024 offers grab more discount on axis bob icici bank cards",indiatimes.com,https://navbharattimes.indiatimes.com/apna-bazaar/kitchen-and-dining/small-appliances/get-upto-57-percent-off-on-top-mixer-grinder-during-amazon-diwali-sale-2024-offers-grab-more-discount-on-axis-bob-icici-bank-cards/articleshow/114530525.cms,2024-10-24T09:38:00+05:30,2024-10-24T10:15:00+05:30,20241024044500,2024-10-24,publisher_published_at,20241024044500-T1409,Direct headline match with company alias,,,
f7f85a6bc84d3856b61201c4af8fc0668a48ec91,ICICIBANK.NS,ICICI Bank,"SBI, ICICI Bank ने नए नियमों का किया ऐलान………'1 नवंबर से बदल जाएंगे Credit Cards रूल्स……. – Sanjeevni Today",sanjeevnitoday.com,https://sanjeevnitoday.com/sbi-icici-bank-announced-new-rules-credit-cards-rules-will-change-from-1st-november,,2024-10-24T16:15:00+05:30,20241024104500,2024-10-25,gdelt_gkg_observation,20241024104500-T1421,Direct headline match with company alias,,,
04097d8a8e6e6487b1f1c452ff411326ae45cd5b,ICICIBANK.NS,ICICI Bank,"ICICI Bank Q2 preview: Strong deposit, loan growth to drive NII, profit; margin may see minor dip",moneycontrol.com,https://www.moneycontrol.com/news/business/earnings/icici-bank-q2-preview-strong-deposit-loan-growth-to-drive-nii-profit-margin-may-see-minor-dip-12850202.html,,2024-10-24T19:30:00+05:30,20241024140000,2024-10-25,gdelt_gkg_observation,20241024140000-933,Direct headline match with company alias,,,
11c2a139e7ccfcb3ea6e960e354546b54e80f4c2,ICICIBANK.NS,ICICI Bank,"Stocks To Watch Today: JSW Steel, NTPC से ICICI Bank तक, इन शेयरों पर आज रहेगी बाजार की नजर - stocks to watch today from jsw steel ntpc to icici bank the market will keep an eye on these stocks today",business-standard.com,https://hindi.business-standard.com/markets/share-market/stocks-to-watch-today-from-jsw-steel-ntpc-to-icici-bank-the-market-will-keep-an-eye-on-these-stocks-today-id-381569,,2024-10-25T10:45:00+05:30,20241025051500,2024-10-25,gdelt_gkg_observation,20241025051500-T168,Direct headline match with company alias,,,
3feff0cda03e91b0e7cce6b6778c97c64b4fdc11,ICICIBANK.NS,ICICI Bank,ICICI Bank Q2 Results Preview: NII may jump by 11% YoY amid healthy momentum in loan book,indiatimes.com,https://economictimes.indiatimes.com/markets/stocks/earnings/icici-bank-q2-results-preview-nii-may-jump-by-11-yoy-amid-healthy-momentum-in-loan-book/articleshow/114575054.cms,,2024-10-25T13:00:00+05:30,20241025073000,2024-10-25,gdelt_gkg_observation,20241025073000-60,Direct headline match with company alias,,,
8f282d5a62e82ec23f9fa6c8a91786e98bac752b,ICICIBANK.NS,ICICI Bank,"ICICI Bank Q2 Earnings Results 2024: Date, Time, and Where to Watch - Banking & Finance News",financialexpress.com,https://www.financialexpress.com/business/banking-finance-icici-bank-q2-earnings-results-2024-date-time-where-to-watch-expectations-3649320,2024-10-25T12:54:00+05:30,2024-10-25T14:00:00+05:30,20241025083000,2024-10-25,publisher_published_at,20241025083000-969,Direct headline match with company alias,,,
131ef81d8ff3b829b5ca55e03ed7d3bb9733b514,ICICIBANK.NS,ICICI Bank,"ICICI Bank Q2 Results Preview: Net profit likely to rise 8%, NII seen up 10% YoY led by strong deposit, loan growth",livemint.com,https://www.livemint.com/market/stock-market-news/icici-bank-q2-results-preview-net-profit-likely-to-rise-11-nii-seen-up-20-yoy-led-by-strong-deposit-loan-growth-11729848336359.html,,2024-10-25T15:30:00+05:30,20241025100000,2024-10-28,gdelt_gkg_observation,20241025100000-39,Direct headline match with company alias,,,
e92a23906357d52224468ad420eab1818ccbd2b3,ICICIBANK.NS,ICICI Bank,"Top events today: ICICI Bank, Yes Bank Q2 results, Telangana Cabinet meet, Jaipur airport inauguration, more",livemint.com,https://www.livemint.com/news/top-events-today-icici-bank-yes-bank-q2-results-telangana-cabinet-meet-jaipur-airport-inauguration-more-11729906266529.html,,2024-10-26T08:30:00+05:30,20241026030000,2024-10-28,gdelt_gkg_observation,20241026030000-419,Direct headline match with company alias,,,
793c41b2e439c11deabb38124daa93d97344cf19,ICICIBANK.NS,ICICI Bank,"Top Events Today: ICICI Bank, Yes Bank Q2 Results, Telangana Cabinet Meet, Jaipur Airport Inauguration, More",menafn.com,https://menafn.com/1108819910/Top-Events-Today-ICICI-Bank-Yes-Bank-Q2-Results-Telangana-Cabinet-Meet-Jaipur-Airport-Inauguration-More,2024-10-26T05:30:00+05:30,2024-10-26T10:00:00+05:30,20241026043000,2024-10-28,publisher_published_at,20241026043000-374,Direct headline match with company alias,,,
7e116fd829bacaf3441e7f55d47f391b78a03810,ICICIBANK.NS,ICICI Bank,"Busy with Diwali, Dhanteras shopping? Check THESE top credit card offers on SBI Card, ICICI Bank, Axis Bank, HDFC Bank",livemint.com,https://www.livemint.com/money/personal-finance/busy-with-diwali-dhanteras-shopping-check-these-top-credit-card-offers-on-sbi-card-icici-bank-axis-bank-hdfc-bank-11729906639246.html,,2024-10-26T10:15:00+05:30,20241026044500,2024-10-28,gdelt_gkg_observation,20241026044500-656,Direct headline match with company alias,,,
2de1ea46e8d8156b9cf4bc5c336629de2eacf97c,ICICIBANK.NS,ICICI Bank,"Q2 results today: YES Bank, ICICI Bank among 63 companies to announce earnings on Saturday",indiatimes.com,https://economictimes.indiatimes.com/markets/stocks/news/q2-results-today-yes-bank-icici-bank-among-63-companies-to-announce-earnings-on-saturday/articleshow/114595304.cms,,2024-10-26T10:30:00+05:30,20241026050000,2024-10-28,gdelt_gkg_observation,20241026050000-64,Direct headline match with company alias,,,
adba28da92243aa5289d5a1a299738c66a8caf54,ICICIBANK.NS,ICICI Bank,"ICICI Bank Q2 FY25 preview: Net profit expected under 11%, NII to be around 11% YoY",businesstoday.in,https://www.businesstoday.in/markets/stocks/story/icici-bank-q2-fy25-preview-net-profit-expected-under-11-nii-to-be-around-11-yoy-451642-2024-10-26,,2024-10-26T10:45:00+05:30,20241026051500,2024-10-28,gdelt_gkg_observation,20241026051500-210,Direct headline match with company alias,,,
5072fb85856dbe966d99963d703f34d1c9ba6456,ICICIBANK.NS,ICICI Bank,"Q2 Results 2024 Live: Over 30 companies to release earnings today, including ICICI and YES Bank",moneycontrol.com,https://www.moneycontrol.com/news/business/earnings/q2-results-2024-live-news-updates-icici-bank-rec-idfc-first-bank-jk-cement-reliance-power-yes-bank-earnings-october-26-liveblog-12851372.html,,2024-10-26T11:30:00+05:30,20241026060000,2024-10-28,gdelt_gkg_observation,20241026060000-488,Direct headline match with company alias,,,
7301e9ab80b5e861541bcfe7aacbcd36ee78a7f8,ICICIBANK.NS,ICICI Bank,"53 Companies To Declare Q2 Results Along With ICICI Bank, J K Cement & Titagarh Rail Systems",freepressjournal.in,https://www.freepressjournal.in/business/53-companies-to-declare-q2-results-along-with-icici-bank-j-k-cement-titagarh-rail-systems,2024-10-26T09:43:00+05:30,2024-10-26T12:30:00+05:30,20241026070000,2024-10-28,publisher_published_at,20241026070000-524,Direct headline match with company alias,,,
0ce09e4cd137578be90dd7035b03624522758eab,ICICIBANK.NS,ICICI Bank,"ICICI Bank Q2 Results: Net profit jumps 14.5% YoY to Rs 11,746 crore, NII up 9.5%",indiatimes.com,https://economictimes.indiatimes.com/markets/stocks/earnings/icici-bank-q2-results-net-profit-jumps-14-5-yoy-to-rs-11746-crore-nii-up-9-5/articleshow/114617136.cms,,2024-10-26T14:45:00+05:30,20241026091500,2024-10-28,gdelt_gkg_observation,20241026091500-299,Direct headline match with company alias,,,
cd3de964eafaabfbac5bc964f7e4348f180a8356,ICICIBANK.NS,ICICI Bank,"ICICI Bank Q2 earnings: Net profit rises 14%, NPAs decline",businesstoday.in,https://www.businesstoday.in/markets/company-stock/story/icici-bank-q2-earnings-net-profit-rises-npas-decline-451665-2024-10-26,,2024-10-26T15:00:00+05:30,20241026093000,2024-10-28,gdelt_gkg_observation,20241026093000-243,Direct headline match with company alias,,,
e74156d4ed3d721416b1a18d54691cdf1d37fd7a,ICICIBANK.NS,ICICI Bank,"ICICI Bank Q2 Results: Bank's Net Profit Jumps to Rs 11,746 Crore",timesnownews.com,https://www.timesnownews.com/business-economy/companies/icici-bank-q2-results-banks-net-profit-jumps-to-rs-11746-crore-article-114617386,,2024-10-26T15:15:00+05:30,20241026094500,2024-10-28,gdelt_gkg_observation,20241026094500-792,Direct headline match with company alias,,,
23aa2091f3afe1e6c1a3f5d19afe550df3e4add9,ICICIBANK.NS,ICICI Bank,ICICI Bank Q2 profit rises 14.5 pc to Rs 11 746 crore,theweek.in,https://www.theweek.in/wire-updates/business/2024/10/26/del19-biz-results-icici-bank.html,,2024-10-26T15:15:00+05:30,20241026094500,2024-10-28,gdelt_gkg_observation,20241026094500-636,Direct headline match with company alias,,,
aa86d44ffee0b65a3cac8cdc50c741c6a4ea296a,ICICIBANK.NS,ICICI Bank,"ICICI Bank clocks 14.5 pc net profit growth at Rs 11,746 crore in Q2 FY25",prokerala.com,https://www.prokerala.com/news/articles/a1575928.html,,2024-10-26T15:30:00+05:30,20241026100000,2024-10-28,gdelt_gkg_observation,20241026100000-8,Direct headline match with company alias,,,
40903ea63c12a2906ab215d43102842704e36820,ICICIBANK.NS,ICICI Bank,"ICICI Bank Clocks 14.5 Pc Net Profit Growth At Rs 11,746 Crore In Q2 FY25",menafn.com,https://menafn.com/1108820311/ICICI-Bank-Clocks-145-Pc-Net-Profit-Growth-At-Rs-11746-Crore-In-Q2-FY25,2024-10-26T05:30:00+05:30,2024-10-26T16:00:00+05:30,20241026103000,2024-10-28,publisher_published_at,20241026103000-734,Direct headline match with company alias,,,
5db1737ae99e7e0260ba3bd968d95b1957c784b9,ICICIBANK.NS,ICICI Bank,"ICICI Bank Q2 results: Net profit rises 14.47% to ₹11,745.88 crore, interest income rises 16.08%",livemint.com,https://www.livemint.com/companies/company-results/icici-bank-q2-results-net-profit-surges-18-82-to-rs-12-947-77-crore-interest-income-rises-189-11729931862850.html,,2024-10-26T16:00:00+05:30,20241026103000,2024-10-28,gdelt_gkg_observation,20241026103000-371,Direct headline match with company alias,,,
82d5fc11fb0b0209591591734d98932e8375485c,ICICIBANK.NS,ICICI Bank,"ICICI Bank Q2 net profit jumps 14% to Rs 11,746 crore; beats Street estimate",moneycontrol.com,https://www.moneycontrol.com/news/business/earnings/icici-bank-q2-net-profit-jumps-14-to-rs-11746-crore-beats-street-estimate-12851436.html,,2024-10-26T16:30:00+05:30,20241026110000,2024-10-28,gdelt_gkg_observation,20241026110000-222,Direct headline match with company alias,,,
516fa27efe02ecf4603dc9046fdd16079ed9fa17,ICICIBANK.NS,ICICI Bank,"ICICI Bank Q2 profit rises 14.5% to ₹11,746 crore",thehindu.com,https://www.thehindu.com/business/Industry/icici-bank-q2-profit-rises-145-to-11746-crore/article68799589.ece,2024-10-26T15:25:00+05:30,2024-10-26T17:00:00+05:30,20241026113000,2024-10-28,publisher_published_at,20241026113000-578,Direct headline match with company alias,,,
fbb6fb46ebff37c5b2e0420888a088e4e70bc714,ICICIBANK.NS,ICICI Bank,"ICICI Bank Q2 Profit Rises 14.5% To Rs 11,746 Crore",news18.com,https://www.news18.com/business/markets/icici-bank-q2-profit-rises-14-5-to-rs-11746-crore-9100024.html,2024-10-26T15:20:00+05:30,2024-10-26T17:15:00+05:30,20241026114500,2024-10-28,publisher_published_at,20241026114500-519,Direct headline match with company alias,,,
3505844ec22231e1d0a238d83aef2ac59a8329a4,ICICIBANK.NS,ICICI Bank,"ICICI Bank clocks 14.5 pc net profit growth at Rs 11,746 crore in Q2 FY25",prokerala.com,https://www.prokerala.com/news/articles/a1575930.html,,2024-10-26T17:15:00+05:30,20241026114500,2024-10-28,gdelt_gkg_observation,20241026114500-798,Direct headline match with company alias,,,
8b7a34d33c77adaba3666e7c84717b6daf79f914,ICICIBANK.NS,ICICI Bank,"ICICI Bank Q2 net profit jumps 14% on-year to Rs 11,746 crore | ICICI बैंक का दूसरी तिमाही में मुनाफा 14% बढ़ा: नेट इंटरेस्ट इनकम 9.5% बढ़कर ₹20,048 करोड़ रही, एक साल में शेयर ने 38% रिटर्न दिया",bhaskar.com,https://www.bhaskar.com/business/news/icici-bank-q2-net-profit-jumps-14-on-year-to-rs-11746-crore-133866984.html,,2024-10-26T17:30:00+05:30,20241026120000,2024-10-28,gdelt_gkg_observation,20241026120000-T23,Direct headline match with company alias,,,
2c49f74a27703c1e6d7c998bd4413fc33453190e,ICICIBANK.NS,ICICI Bank,"icici bank profit rises above 14 percent 11745 crore rs interest income also gain share detail इस बैंक के प्रॉफिट में बंपर उछाल, एक्सपर्ट ने दिवाली पर शेयर खरीदने की दी सलाह, बिज़नेस न्यूज़",livehindustan.com,https://www.livehindustan.com/business/icici-bank-profit-rises-above-14-percent-11745-crore-rs-interest-income-also-gain-share-detail-201729939836304.html,,2024-10-26T17:30:00+05:30,20241026120000,2024-10-28,gdelt_gkg_observation,20241026120000-T30,Direct headline match with company alias,,,
aa2583c2c6fe3e58a60a2cb1aa73bb41cf210a3d,ICICIBANK.NS,ICICI Bank,Did ICICI Bank manage to outperform its rivals in Q2?,livemint.com,https://www.livemint.com/companies/company-results/icici-bank-q2-earnings-stock-share-price-hdfc-bank-axis-bank-kotak-mahindra-bank-nim-npa-11729940354375.html,2024-10-26T16:52:00+05:30,2024-10-26T17:45:00+05:30,20241026121500,2024-10-28,publisher_published_at,20241026121500-3,Direct headline match with company alias,,,
fe0f7c56d3cc62dd1f5238bc1fd6eaeb89085524,ICICIBANK.NS,ICICI Bank,"ICICI Bank Q2 profit rises 14.5% to Rs 11,746 crore",deccanherald.com,https://www.deccanherald.com/business/companies/icici-bank-q2-profit-rises-145-to-rs-11746-crore-3250207,,2024-10-26T18:00:00+05:30,20241026123000,2024-10-28,gdelt_gkg_observation,20241026123000-351,Direct headline match with company alias,,,
be2cdcf80856145ff0f5bf53329ef5bd57b596f4,ICICIBANK.NS,ICICI Bank,"ICICI Bank reports strong Q2, signals margins to stabilise from here on",moneycontrol.com,https://www.moneycontrol.com/news/business/earnings/icici-bank-reports-strong-q2-signals-margins-to-stabilise-from-here-on-12851483.html,,2024-10-26T18:15:00+05:30,20241026124500,2024-10-28,gdelt_gkg_observation,20241026124500-672,Direct headline match with company alias,,,
535e6f843cfe872268e19bfc46529ff565bf2754,ICICIBANK.NS,ICICI Bank,"ICICI Bank Q2 profit rises 14.5 pc to Rs 11,746 crore",dailyexcelsior.com,https://www.dailyexcelsior.com/icici-bank-q2-profit-rises-14-5-pc-to-rs-11746-crore,2024-10-26T15:25:00+05:30,2024-10-26T18:30:00+05:30,20241026130000,2024-10-28,publisher_published_at,20241026130000-310,Direct headline match with company alias,,,
dc371ec059047222935ed35f2ff78b204b60ca6d,ICICIBANK.NS,ICICI Bank,"ICICI Bank Q2 Results: बैंक को सितंबर तिमाही में ₹40,697 करोड़ की छप्परफाड़ कमाई, 14.5% बढ़ा मुनाफा - icici bank q2 results bank earns huge profit of rs 40697 crore in september quarter 14 5 percent increase in profit",business-standard.com,https://hindi.business-standard.com/companies/icici-bank-q2-results-bank-earns-huge-profit-of-rs-40697-crore-in-september-quarter-14-5-percent-increase-in-profit-id-381878,,2024-10-26T18:30:00+05:30,20241026130000,2024-10-28,gdelt_gkg_observation,20241026130000-T970,Direct headline match with company alias,,,
b762aca8c9411bb9abe1c1bd5916d85c575dbbb6,ICICIBANK.NS,ICICI Bank,"ICICI Bank registers 14.5 per cent profit at Rs 11,746 crore for Q2 results",indiatimes.com,https://timesofindia.indiatimes.com/business/india-business/icici-bank-registers-14-5-per-cent-profit-at-rs-11746-crore-for-q2-results/articleshow/114624513.cms,,2024-10-26T18:45:00+05:30,20241026131500,2024-10-28,gdelt_gkg_observation,20241026131500-579,Direct headline match with company alias,,,
ddaead8d2f8472c8281f64e2be51c865f58f9181,ICICIBANK.NS,ICICI Bank,"ICICI Bank Q2 Results: अनुमान से अच्छे रहे नतीजे, शुद्ध मुनाफा 14.5% बढ़ा, NII भी 9.5% उछला",moneycontrol.com,https://hindi.moneycontrol.com/news/company/company-results/icici-bank-q2-results-net-profit-rise-14-5-percent-to-rs-11745-9-crore-nii-up-9-5-percents-1932802.html,,2024-10-26T19:15:00+05:30,20241026134500,2024-10-28,gdelt_gkg_observation,20241026134500-T365,Direct headline match with company alias,,,
47d2b234c133615e90f5a5f260df728fa1dc483c,ICICIBANK.NS,ICICI Bank,"ICICI Bank Q2FY25: Net Profit Soars 14.47% To ₹11,745.88 Crore; Check More Financial Highlights Here",freepressjournal.in,https://www.freepressjournal.in/business/icici-bank-q2fy25-net-profit-soars-1447-to-1174588-crore-check-more-financial-highlights-here,2024-10-26T18:10:00+05:30,2024-10-26T19:15:00+05:30,20241026134500,2024-10-28,publisher_published_at,20241026134500-774,Direct headline match with company alias,,,
3c74ba3f6b1c97b36d0d0a57af23a9836dc55f43,ICICIBANK.NS,ICICI Bank,"ICICI Bank clocks 14.5 pc net profit growth at Rs 11,746 crore in Q2 FY25",newkerala.com,https://www.newkerala.com/news/2024/67552.htm,,2024-10-26T20:45:00+05:30,20241026151500,2024-10-28,gdelt_gkg_observation,20241026151500-1010,Direct headline match with company alias,,,
b60930bb0b533edea5c20f3f7c82ddbad5807fbf,ICICIBANK.NS,ICICI Bank,"ICICI Bank Q2 net profit grows 14.5% to ₹11,746 crore",thehindu.com,https://www.thehindu.com/business/icici-bank-q2-net-profit-grows-145-to-11746-crore/article68799954.ece,2024-10-26T20:02:00+05:30,2024-10-26T20:45:00+05:30,20241026151500,2024-10-28,publisher_published_at,20241026151500-859,Direct headline match with company alias,,,
92cd0e1e52dc46488d4b92c35133ee6b866bff80,ICICIBANK.NS,ICICI Bank,"ICICI Bank Clocks 14.5 Pc Net Profit Growth At INR 11,746 Crore In Q2 FY25",easternmirrornagaland.com,https://easternmirrornagaland.com/icici-bank-clocks-14-5-pc-net-profit-growth-at-inr-11746-crore-in-q2-fy25,2024-10-26T20:24:00+05:30,2024-10-26T21:00:00+05:30,20241026153000,2024-10-28,publisher_published_at,20241026153000-980,Direct headline match with company alias,,,
14695ca2b694632125aae5ce4b4f6168d4fbdada,ICICIBANK.NS,ICICI Bank,"ICICI Bank Q2 PAT rises 15% to ₹11,746 crore on strong core income growth",thehindubusinessline.com,https://www.thehindubusinessline.com/money-and-banking/icici-bank-q2-pat-rises-15-to-11746-crore-on-strong-core-income-growth/article68800068.ece,2024-10-26T18:54:00+05:30,2024-10-26T21:30:00+05:30,20241026160000,2024-10-28,publisher_published_at,20241026160000-344,Direct headline match with company alias,,,
ec1ec274fb05469f5f357cca010670e867b9e241,ICICIBANK.NS,ICICI Bank,"ICICI Bank's Q2 profit surges 14.5 per cent, exceeds expectations with strong loan growth - Banking & Finance News",financialexpress.com,https://www.financialexpress.com/business/banking-finance-icici-banks-q2-profit-surges-14-5-per-cent-exceeds-expectations-with-strong-loan-growth-3650131,2024-10-26T22:48:00+05:30,2024-10-27T02:45:00+05:30,20241026211500,2024-10-28,publisher_published_at,20241026211500-115,Direct headline match with company alias,,,
e55c2a8293f73d43b9c0eaecb80f68432a972b40,ICICIBANK.NS,ICICI Bank,ICICI Bank Q2 Net Jumps 14.5%,indiatimes.com,https://economictimes.indiatimes.com/epaper/delhicapital/2024/oct/27/sunet-front/icici-bank-reports-145-surge-in-q2-net-profit-driven-by-core-income-growth/articleshow/114636968.cms,,2024-10-27T06:45:00+05:30,20241027011500,2024-10-28,gdelt_gkg_observation,20241027011500-747,Direct headline match with company alias,,,
f3914c5a8df72d16861439b6cb24f2679eb113ea,ICICIBANK.NS,ICICI Bank,"ICICI Bank Q2 net jumps 14% to Rs 11,000 crore, Yes Bank's up 145% to Rs 553 crore",indiatimes.com,https://timesofindia.indiatimes.com/business/india-business/icici-bank-q2-net-jumps-14-to-rs-11000-crore-yes-banks-up-145-to-rs-553-crore/articleshow/114641106.cms,,2024-10-27T07:00:00+05:30,20241027013000,2024-10-28,gdelt_gkg_observation,20241027013000-498,Direct headline match with company alias,,,
4f95ba6fc3fbdc5b0a9f8f7bae66e9065cf3fac5,ICICIBANK.NS,ICICI Bank,ICICI Bank Q2 net jumps 14.5%,indiatimes.com,https://economictimes.indiatimes.com/markets/stocks/earnings/icici-bank-q2-net-jumps-14-5/articleshow/114645060.cms,,2024-10-27T10:00:00+05:30,20241027043000,2024-10-28,gdelt_gkg_observation,20241027043000-529,Direct headline match with company alias,,,
768fcc55ee103975e23c503de6f732d0b93244b3,ICICIBANK.NS,ICICI Bank,"You will get commission if you share the link on youtube | यूट्यूब में लिंक शेयर करने पर कमीशन मिलेगा: ICICI बैंक का दूसरी तिमाही में मुनाफा 14% बढ़ा, होंडा ने 92,672 गाड़ियां वापस बुलाईं",bhaskar.com,https://www.bhaskar.com/business/news/you-will-get-commission-if-you-share-the-link-on-youtube-133869045.html,,2024-10-27T10:15:00+05:30,20241027044500,2024-10-28,gdelt_gkg_observation,20241027044500-T154,Direct headline match with company alias,,,
3e143dd8795493c20a25f9f4ace6fde5abb24b81,ICICIBANK.NS,ICICI Bank,"ICICI Bank clocks 14.5 pc net profit growth at Rs 11,746 crore in Q2 FY25",thestatesman.com,https://www.thestatesman.com/business/icici-bank-clocks-14-5-pc-net-profit-growth-at-rs-11746-crore-in-q2-fy25-1503358141.html,2024-10-27T13:16:00+05:30,2024-10-27T15:00:00+05:30,20241027093000,2024-10-28,publisher_published_at,20241027093000-58,Direct headline match with company alias,,,
d1b2fdb37e8883219b1564f1c6a98df535a1a35b,ICICIBANK.NS,ICICI Bank,Buy or sell: From ICICI Bank to BEL — Ganesh Dongre recommends three stocks for Monday,livemint.com,https://www.livemint.com/market/stock-market-news/buy-or-sell-from-icici-bank-to-bel-ganesh-dongre-recommends-three-stocks-for-monday-11730015633045.html,,2024-10-27T16:45:00+05:30,20241027111500,2024-10-28,gdelt_gkg_observation,20241027111500-637,Direct headline match with company alias,,,
22858d35bd256ea9f98b239479cafb2e0b741712,ICICIBANK.NS,ICICI Bank,"Stock Radar: ICICI Bank, Waaree Energies, IndiGo, Inox Wind, DLF, Lodha, Bandhan Bank, Coal India, ITD Cementation in focus on Monday",moneycontrol.com,https://www.moneycontrol.com/news/business/markets/stock-radar-icici-bank-waaree-energies-indigo-inox-wind-dlf-lodha-bandhan-bank-coal-india-itd-cementation-in-focus-on-monday-12851272.html,,2024-10-27T22:00:00+05:30,20241027163000,2024-10-28,gdelt_gkg_observation,20241027163000-719,Direct headline match with company alias,,,
386cd4d80866cc583d7fd192f11370bff294e4dc,ICICIBANK.NS,ICICI Bank,"Big movers on D-Street: What should investors do with Coal India, YES Bank and ICICI Bank?",indiatimes.com,https://economictimes.indiatimes.com/markets/stocks/news/big-movers-on-d-street-what-should-investors-do-with-coal-india-yes-bank-and-icici-bank/articleshow/114671504.cms,,2024-10-28T07:45:00+05:30,20241028021500,2024-10-28,gdelt_gkg_observation,20241028021500-643,Direct headline match with company alias,,,
c40a8a07ad32d9b2f88ca8c559586ee3b3d80a04,ICICIBANK.NS,ICICI Bank,ICICI Bank beats sector headwinds with robust Q2,livemint.com,https://www.livemint.com/market/mark-to-market/icici-bank-beats-banking-sector-headwinds-with-robust-q2-markets-11730025153681.html,2024-10-28T05:50:00+05:30,2024-10-28T08:30:00+05:30,20241028030000,2024-10-28,publisher_published_at,20241028030000-422,Direct headline match with company alias,,,
ec33d2359325e49359796586037ea9dc9417d578,ICICIBANK.NS,ICICI Bank,ICICI Bank shares in focus on 14% YoY jump in Q2 net profit,indiatimes.com,https://economictimes.indiatimes.com/markets/stocks/news/icici-bank-shares-in-focus-on-14-yoy-jump-in-q2-net-profit/articleshow/114672202.cms,,2024-10-28T08:30:00+05:30,20241028030000,2024-10-28,gdelt_gkg_observation,20241028030000-181,Direct headline match with company alias,,,
6dce3e39e572f14d5a8937ab449bfea2ef16a150,ICICIBANK.NS,ICICI Bank,"Stocks To Watch: ICICI Bank, IndiGo, Ambuja, Airtel, Bandhan Bank, BHEL, And Others",news18.com,https://www.news18.com/business/markets/stocks-to-watch-icici-bank-indigo-ambuja-airtel-bandhan-bank-bhel-and-others-9101274.html,2024-10-28T08:40:00+05:30,2024-10-28T09:00:00+05:30,20241028033000,2024-10-28,publisher_published_at,20241028033000-414,Direct headline match with company alias,,,
18d883613299831b5f5f4ed70717bab479ad4140,ICICIBANK.NS,ICICI Bank,"Stocks to Watch: ICICI Bank, IndiGo, Coal India, ITD Cement और Hindustan Zinc के शेयरों पर रखें नजर - stocks to watch keep an eye on the shares of icici bank indigo coal india itd cement and hindustan zinc",business-standard.com,https://hindi.business-standard.com/markets/stocks-to-watch-keep-an-eye-on-the-shares-of-icici-bank-indigo-coal-india-itd-cement-and-hindustan-zinc,,2024-10-28T09:15:00+05:30,20241028034500,2024-10-28,gdelt_gkg_observation,20241028034500-T66,Direct headline match with company alias,,,
44db80e3fae28b27e3d89ccf0f86a5c5887d250e,ICICIBANK.NS,ICICI Bank,"Hot Stocks: Brokerage view on ICICI Bank, IndiGo, Ola Electric and Bandhan Bank",indiatimes.com,https://economictimes.indiatimes.com/markets/stocks/news/hot-stocks-brokerage-view-on-icici-bank-indigo-ola-electric-and-bandhan-bank/articleshow/114673768.cms,,2024-10-28T09:30:00+05:30,20241028040000,2024-10-28,gdelt_gkg_observation,20241028040000-98,Direct headline match with company alias,,,
559c36606040a336e2e48792707e2952daf6954b,ICICIBANK.NS,ICICI Bank,"ICICI Bank stock in spotlight after Q2 results. Should you buy, sell or hold?",indiatimes.com,https://economictimes.indiatimes.com/markets/stocks/news/icici-bank-stock-in-spotlight-after-q2-results-should-you-buy-sell-or-hold/articleshow/114674733.cms,,2024-10-28T09:30:00+05:30,20241028040000,2024-10-28,gdelt_gkg_observation,20241028040000-563,Direct headline match with company alias,,,
1a3922f684f71d080ae0237e503f5cc3210a8249,ICICIBANK.NS,ICICI Bank,"ICICI Bank, BHEL, Adani Power: How to trade these 3 buzzing stocks",businesstoday.in,https://www.businesstoday.in/markets/company-stock/story/icici-bank-bhel-adani-power-how-to-trade-these-3-buzzing-stocks-451736-2024-10-28,,2024-10-28T09:45:00+05:30,20241028041500,2024-10-28,gdelt_gkg_observation,20241028041500-369,Direct headline match with company alias,,,
b7f54bc2d013ad493f31d7ad9ac1a988c872bbe6,ICICIBANK.NS,ICICI Bank,ICICI Bank shares set for rally ahead? Stock price targets after Q2 beat,businesstoday.in,https://www.businesstoday.in/markets/stocks/story/icici-bank-shares-set-for-rally-ahead-stock-price-targets-after-q2-beat-451739-2024-10-28,,2024-10-28T09:45:00+05:30,20241028041500,2024-10-28,gdelt_gkg_observation,20241028041500-401,Direct headline match with company alias,,,
505551f300c1b4e7997f819f6cfb053a2134e2cc,ICICIBANK.NS,ICICI Bank,"Stocks To Watch: ICICI Bank, Cola India, CDSL, Axis Bank, InterGlobe Aviation, Avenue Supermarts, Waaree Energies, Bharti Airtel, Adani Power",financialexpress.com,https://www.financialexpress.com/market/stocks-to-watch-icici-bank-cola-india-cdsl-axis-bank-interglobe-aviation-avenue-supermarts-waaree-energies-bharti-airtel-adani-power-3650634,2024-10-28T05:39:00+05:30,2024-10-28T10:00:00+05:30,20241028043000,2024-10-28,publisher_published_at,20241028043000-105,Direct headline match with company alias,,,
3a48bd27a64e97b81a4e75711cc1e6498f4e94cb,ICICIBANK.NS,ICICI Bank,ICICI Bank shares zoom nearly 3% after Q2 beats estimates; What Should be your investment strategy now?,financialexpress.com,https://www.financialexpress.com/market/icici-bank-shares-in-focus-after-q2-beats-estimates-what-should-be-your-investment-strategy-now-3650665,2024-10-28T07:45:00+05:30,2024-10-28T10:00:00+05:30,20241028043000,2024-10-28,publisher_published_at,20241028043000-553,Direct headline match with company alias,,,
b060ea9fd94b6739b3e6faff2f65cb4670bac71f,ICICIBANK.NS,ICICI Bank,"Sensex, Nifty catch a breather after 5-day losing streak; ICICI Bank leads gains",moneycontrol.com,https://www.moneycontrol.com/news/business/markets/sensex-nifty-catch-a-breather-after-5-day-losing-streak-icici-bank-leads-gains-12852023.html,,2024-10-28T10:30:00+05:30,20241028050000,2024-10-28,gdelt_gkg_observation,20241028050000-201,Direct headline match with company alias,,,
75347e0da033c08da464c9461fb4120662fc611c,ICICIBANK.NS,ICICI Bank,"ICICI Bank shares spike 3% as Q2 numbers beat estimates, analysts lift target price",livemint.com,https://www.livemint.com/market/stock-market-news/icici-bank-shares-spike-3-as-q2-numbers-beat-estimates-analysts-lift-target-price-11730083449310.html,,2024-10-28T10:30:00+05:30,20241028050000,2024-10-28,gdelt_gkg_observation,20241028050000-320,Direct headline match with company alias,,,
ca75f8b1abadbc98151a2dcda410f0442683c707,ICICIBANK.NS,ICICI Bank,"ICICI Bank top Nifty gainer as steady Q2 impresses brokerages, see up to 28% upside potential",moneycontrol.com,https://www.moneycontrol.com/news/business/earnings/icici-bank-impresses-brokerages-with-steady-q2-sparks-wave-of-buy-calls-target-upgrades-12852024.html,,2024-10-28T10:30:00+05:30,20241028050000,2024-10-28,gdelt_gkg_observation,20241028050000-334,Direct headline match with company alias,,,
531c48df60e7bac43294b3f96af4fde1d4b208a3,ICICIBANK.NS,ICICI Bank,"Indian Stock Market Opens Positive, ICICI Bank And BPCL Top Gainers",menafn.com,https://menafn.com/1108823186/Indian-Stock-Market-Opens-Positive-ICICI-Bank-And-BPCL-Top-Gainers,2024-10-28T05:30:00+05:30,2024-10-28T11:15:00+05:30,20241028054500,2024-10-28,publisher_published_at,20241028054500-679,Direct headline match with company alias,,,
7030c0124c77e8a27042a355de24a139b8951b50,ICICIBANK.NS,ICICI Bank,"Stocks to Watch: ICICI Bank, Yes Bank, Coal India, Inox Wind, Lodha, REC, and more",livemint.com,https://www.livemint.com/market/stock-market-news/stocks-to-watch-icici-bank-yes-bank-coal-india-inox-wind-lodha-rec-and-more-11730050970912.html,,2024-10-28T11:30:00+05:30,20241028060000,2024-10-28,gdelt_gkg_observation,20241028060000-858,Direct headline match with company alias,,,
bb9ac2d712e8dee1b4fc9a49248039779108df86,ICICIBANK.NS,ICICI Bank,Market opens higher as banking stocks lead rally; ICICI Bank surges on strong Q2,thehindubusinessline.com,https://www.thehindubusinessline.com/markets/market-opens-higher-as-banking-stocks-lead-rally-icici-bank-surges-on-strong-q2/article68805281.ece,2024-10-28T10:08:00+05:30,2024-10-28T11:30:00+05:30,20241028060000,2024-10-28,publisher_published_at,20241028060000-280,Direct headline match with company alias,,,
e7e315244e5f34bae7c2eba484427af46c7e508b,ICICIBANK.NS,ICICI Bank,"Brokerages bullish on ICICI Bank as strong Q2 shows steady growth, robust asset quality",thehindubusinessline.com,https://www.thehindubusinessline.com/markets/brokerages-bullish-on-icici-bank-as-strong-q2-shows-steady-growth-robust-asset-quality/article68805326.ece,2024-10-28T10:11:00+05:30,2024-10-28T11:30:00+05:30,20241028060000,2024-10-28,publisher_published_at,20241028060000-524,Direct headline match with company alias,,,
c1dfae81256484ada7d8dc20acd03416bff4e1fb,ICICIBANK.NS,ICICI Bank,"Markets rebound in early trade on buying in ICICI bank, firm trends in Asian peers",thehindu.com,https://www.thehindu.com/business/markets/markets-rebound-in-early-trade-on-buying-in-icici-bank-firm-trends-in-asian-peers/article68805369.ece,2024-10-28T10:39:00+05:30,2024-10-28T12:00:00+05:30,20241028063000,2024-10-28,publisher_published_at,20241028063000-178,Direct headline match with company alias,,,
d51d229be3fd69298b42fdc663c0df43bbec3f71,ICICIBANK.NS,ICICI Bank,"India Movers: Bank of Baroda, Cholamandalam, Coal India, ICICI Bank, IDBI Bank, Indian Bank, Macrotech Developers, Torrent Pharma",ticker.com,"https://ticker.com/Asia-Stock-Movers-News-Today/India-Movers:-Bank-of-Baroda,-Cholamandalam,-Coal-India,-ICICI-Bank,-IDBI-Bank,-Indian-Bank,-Macrotech-Developers,-Torrent-Pharma/Oct%2028-2024/T-30550",,2024-10-28T12:30:00+05:30,20241028070000,2024-10-28,gdelt_gkg_observation,20241028070000-34,Direct headline match with company alias,,,
3a0f31f1bc1c230e12b527741cb42291bc8dc17d,ICICIBANK.NS,ICICI Bank,"BSE Sensex, Nifty50 on October 28: Shriram Finance, ICICI soar | Invezz",invezz.com,https://invezz.com/news/2024/10/28/bse-sensex-nifty50-on-october-28-shriram-finance-icici-soar-while-coal-india-ongc-plunge,2024-10-28T11:23:00+05:30,2024-10-28T12:30:00+05:30,20241028070000,2024-10-28,publisher_published_at,20241028070000-24,Direct headline match with company alias,,,
2dafca0b9ed167458920e4ba227f64b68f2f4e26,ICICIBANK.NS,ICICI Bank,"Indian stock market opens positive, ICICI Bank and BPCL top gainers",prokerala.com,https://www.prokerala.com/news/articles/a1576308.html,,2024-10-28T12:45:00+05:30,20241028071500,2024-10-28,gdelt_gkg_observation,20241028071500-1016,Direct headline match with company alias,,,
37ee9f20d969bb517dd93ef5a01e24d8777bbc39,ICICIBANK.NS,ICICI Bank,"October 28: Indian stock market opens positive, ICICI Bank and BPCL top gainers",sakshipost.com,https://www.sakshipost.com/news/indian-stock-market-opens-positive-icici-bank-and-bpcl-top-gainers-344759,2024-10-28T10:10:00+05:30,2024-10-28T12:45:00+05:30,20241028071500,2024-10-28,publisher_published_at,20241028071500-227,Direct headline match with company alias,,,
5176ce648274030edb0f9daac01844de3266091b,ICICIBANK.NS,ICICI Bank,ภาวะตลาดหุ้นอินเดีย: ดัชนี Sensex เปิดบวก 251.38 จุด หุ้น ICICI Bank,ryt9.com,https://www.ryt9.com/s/iq18/3557830,,2024-10-28T12:45:00+05:30,20241028071500,2024-10-28,gdelt_gkg_observation,20241028071500-T1155,Direct headline match with company alias,,,
6eedc3aa5d66fc2122911386b45f50a24eaaaa17,ICICIBANK.NS,ICICI Bank,"Markets rebound in early trade on buying in ICICI Bank, firm trends in Asian peers",tribuneindia.com,https://www.tribuneindia.com/news/business/markets-rebound-in-early-trade-on-buying-in-icici-bank-firm-trends-in-asian-peers,,2024-10-28T13:15:00+05:30,20241028074500,2024-10-28,gdelt_gkg_observation,20241028074500-721,Direct headline match with company alias,,,
85ba64c934b2a8fa37b9da478bf05c3e447e335c,ICICIBANK.NS,ICICI Bank,ICICI Bank shares climb over 3 pc after earnings announcement,dailypioneer.com,https://www.dailypioneer.com/2024/trending-news/icici-bank-shares-climb-over-3-pc-after-earnings-announcement.html,,2024-10-28T13:45:00+05:30,20241028081500,2024-10-28,gdelt_gkg_observation,20241028081500-454,Direct headline match with company alias,,,
321348f83d27b477abea0c0042587125832f738f,ICICIBANK.NS,ICICI Bank,"Indian Stock Market Opens Positive, ICICI Bank And BPCL Top Gainers",easternmirrornagaland.com,https://easternmirrornagaland.com/indian-stock-market-opens-positive-icici-bank-and-bpcl-top-gainers,2024-10-28T10:13:00+05:30,2024-10-28T14:15:00+05:30,20241028084500,2024-10-28,publisher_published_at,20241028084500-680,Direct headline match with company alias,,,
9488d317045d63d637f50462899bd784c6a9aa35,ICICIBANK.NS,ICICI Bank,"Big Stock: ICICI बैंक आज बाजार का बन सकता है हीरो, इंडिगो सहित इन शेयरों में भी दिखेगा एक्शन",moneycontrol.com,https://hindi.moneycontrol.com/news/markets/icici-bank-can-become-the-hero-of-the-market-today-action-will-also-be-seen-in-these-stocks-including-indigo-1932959.html,,2024-10-28T14:15:00+05:30,20241028084500,2024-10-28,gdelt_gkg_observation,20241028084500-T1687,Direct headline match with company alias,,,
979072c3a551711e388f67fa6dc5ebc0011dcd64,ICICIBANK.NS,ICICI Bank,"Indian stock market opens positive, ICICI Bank and BPCL top gainers",newkerala.com,https://www.newkerala.com/news/2024/67799.htm,,2024-10-28T15:30:00+05:30,20241028100000,2024-10-29,gdelt_gkg_observation,20241028100000-859,Direct headline match with company alias,,,
c9fc285ea1c07d7f3ee43224adf529af00fa6969,ICICIBANK.NS,ICICI Bank,"Stock markets snap five-day losing run on buying in ICICI bank, DII push",orissapost.com,https://www.orissapost.com/stock-markets-snap-five-day-losing-run-on-buying-in-icici-bank-dii-push,2024-10-28T16:05:00+05:30,2024-10-28T16:30:00+05:30,20241028110000,2024-10-29,publisher_published_at,20241028110000-1190,Direct headline match with company alias,,,
c9a7cf3b1d545c15582aa1de428ff6dac742cf0e,ICICIBANK.NS,ICICI Bank,Buy ICICI Bank; target of Rs 1450: Emkay Global Financial,moneycontrol.com,https://www.moneycontrol.com/news/business/stocks/buy-icici-bank-target-of-rs-1450-emkay-global-financial-2-12852921.html,,2024-10-28T16:30:00+05:30,20241028110000,2024-10-29,gdelt_gkg_observation,20241028110000-1147,Direct headline match with company alias,,,
ddd57d8d5afd954348df99c71b7e736c5c175cbb,ICICIBANK.NS,ICICI Bank,"Closing bell: Sensex rebounds 602 points with ICICI Bank gains, DII buying",mid-day.com,https://www.mid-day.com/business/stock-market/article/closing-bell-stock-markets-rebound-as-icici-bank-boosts-gains-dii-buying-lifts-indices-23419327,,2024-10-28T17:15:00+05:30,20241028114500,2024-10-29,gdelt_gkg_observation,20241028114500-207,Direct headline match with company alias,,,
9d373dc4a66ae66e453cf64b418f36e62ea62f10,ICICIBANK.NS,ICICI Bank,"Stock markets snap 5-day losing run on buying in ICICI bank, DII push",dailyexcelsior.com,https://www.dailyexcelsior.com/stock-markets-snap-5-day-losing-run-on-buying-in-icici-bank-dii-push,2024-10-28T16:44:00+05:30,2024-10-28T17:45:00+05:30,20241028121500,2024-10-29,publisher_published_at,20241028121500-1315,Direct headline match with company alias,,,
c34adb2a14fdd002902f76fd5512e157cf596074,ICICIBANK.NS,ICICI Bank,"Stock Markets Snap 5-day Losing Run On Buying In ICICI Bank, DII Push",india.com,https://zeenews.india.com/economy/stock-markets-snap-5-day-losing-run-on-buying-in-icici-bank-dii-push-2813059.html,,2024-10-28T18:00:00+05:30,20241028123000,2024-10-29,gdelt_gkg_observation,20241028123000-707,Direct headline match with company alias,,,
cf4416b961b9dd1d3ba6b77fc2942d833158645e,ICICIBANK.NS,ICICI Bank,Closing Bell: आईसीआईसीआई बैंक में तेजी ने शेयर बाजार को किया हरा-भरा! सेंसेक्स 600 तो निफ्टी 186 अंक चढ़ा - closing bell rise in icici bank made the stock market green sensex 600 and nifty rose 186 points,business-standard.com,https://hindi.business-standard.com/markets/share-market/closing-bell-rise-in-icici-bank-made-the-stock-market-green-sensex-600-and-nifty-rose-186-points-id-382219,,2024-10-28T18:00:00+05:30,20241028123000,2024-10-29,gdelt_gkg_observation,20241028123000-T924,Direct headline match with company alias,,,
0294f5899976ba66bd27562a06ca1cc806875c42,ICICIBANK.NS,ICICI Bank,"Stock markets snap 5-day losing run on buying in ICICI bank, DII push",thehindubusinessline.com,https://www.thehindubusinessline.com/markets/stock-markets-snap-5-day-losing-run-on-buying-in-icici-bank-dii-push/article68806239.ece,2024-10-28T16:07:00+05:30,2024-10-28T20:45:00+05:30,20241028151500,2024-10-29,publisher_published_at,20241028151500-1490,Direct headline match with company alias,,,
89025fe38b19c97c2af5bee46d6cafaae4926e39,ICICIBANK.NS,ICICI Bank,Sensex jumps 603 points; ICICI Bank climbs 3%,rediff.com,https://www.rediff.com/business/report/sensex-jumps-603-points-icici-bank-climbs-3/20241028.htm,2024-10-28T16:14:00+05:30,2024-10-28T20:45:00+05:30,20241028151500,2024-10-29,publisher_published_at,20241028151500-1083,Direct headline match with company alias,,,
a9101223e34488382ece8f477dba979f07eebea5,ICICIBANK.NS,ICICI Bank,Broker's call: ICICI Bank (Buy) - The Hindu BusinessLine,thehindubusinessline.com,https://www.thehindubusinessline.com/markets/brokers-call-icici-bank-buy/article68806992.ece,2024-10-28T19:27:00+05:30,2024-10-28T20:45:00+05:30,20241028151500,2024-10-29,publisher_published_at,20241028151500-1395,Direct headline match with company alias,,,
17c9b814e8d5cae123553cebfa2b9db55a5e50d4,ICICIBANK.NS,ICICI Bank,Buy ICICI Bank; target of Rs 1500: Motilal Oswal,moneycontrol.com,https://www.moneycontrol.com/news/business/buy-icici-bank-target-of-rs-1500-motilal-oswal-12853123.html,,2024-10-28T21:00:00+05:30,20241028153000,2024-10-29,gdelt_gkg_observation,20241028153000-115,Direct headline match with company alias,,,
e86fbb95ee5f3f706723c7a948abd01de82167ff,ICICIBANK.NS,ICICI Bank,"Stock markets snap 5-day losing run on buying in ICICI bank, DII push",tribuneindia.com,https://www.tribuneindia.com/news/business/stock-markets-snap-5-day-losing-run-on-buying-in-icici-bank-dii-push,,2024-10-28T21:30:00+05:30,20241028160000,2024-10-29,gdelt_gkg_observation,20241028160000-1422,Direct headline match with company alias,,,
e58b7f5dd0cd4a19f08ff18c3c405c88ecab7640,ICICIBANK.NS,ICICI Bank,ICICI Bank (NYSE:IBN) Shares Gap Up – Here's Why,themarketsdaily.com,https://www.themarketsdaily.com/2024/10/28/icici-bank-nyseibn-shares-gap-up-heres-why.html,,2024-10-28T22:30:00+05:30,20241028170000,2024-10-29,gdelt_gkg_observation,20241028170000-154,Direct headline match with company alias,,,
f3765f09df4f65376b30f9ad6a8612a525e91db2,ICICIBANK.NS,ICICI Bank,Traders Purchase Large Volume of Call Options on ICICI Bank (NYSE:IBN),biztoc.com,https://biztoc.com/x/45ef303be4b7e9f4,2024-10-28T23:55:00+05:30,2024-10-29T00:45:00+05:30,20241028191500,2024-10-29,publisher_published_at,20241028191500-1911,Direct headline match with company alias,,,
1c4308eec150fae5375ed54d90a025c900286049,ICICIBANK.NS,ICICI Bank,"Indices end losing run on oil price fall, ICICI Bank results",financialexpress.com,https://www.financialexpress.com/market/indices-end-losing-run-on-oil-price-fall-icici-bank-results-3651539,2024-10-28T23:22:00+05:30,2024-10-29T02:45:00+05:30,20241028211500,2024-10-29,publisher_published_at,20241028211500-1105,Direct headline match with company alias,,,
14ba6e4b5292953bbd905e75364a1b9ebf8e7924,ICICIBANK.NS,ICICI Bank,"Buy ICICI Bank, target price Rs 1,370: HDFC Securities",indiatimes.com,https://economictimes.indiatimes.com/markets/stocks/recos/buy-icici-bank-target-price-rs-1370-hdfc-securities/articleshow/114676877.cms,,2024-10-29T09:30:00+05:30,20241029040000,2024-10-29,gdelt_gkg_observation,20241029040000-602,Direct headline match with company alias,,,
2c232f6bdc0028f3e82a83bbe14be8329dcdabc7,ICICIBANK.NS,ICICI Bank,F&O Radar | Deploy Broken Wing strategy in ICICI Bank to gain from bullish outlook,indiatimes.com,https://economictimes.indiatimes.com/markets/stocks/news/fo-radar-deploy-broken-wing-strategy-in-icici-bank-to-gain-from-bullish-outlook/articleshow/114714996.cms,,2024-10-29T09:45:00+05:30,20241029041500,2024-10-29,gdelt_gkg_observation,20241029041500-26,Direct headline match with company alias,,,
cc904fae54db40f5722ddda4465910988dee18d3,ICICIBANK.NS,ICICI Bank,Buy ICICI Bank; target of Rs 1500: Sharekhan,moneycontrol.com,https://www.moneycontrol.com/news/business/buy-icici-bank-target-of-rs-1500-sharekhan-12853988.html,,2024-10-29T16:00:00+05:30,20241029103000,2024-10-30,gdelt_gkg_observation,20241029103000-406,Direct headline match with company alias,,,
6caf60a07a8f05e72e17a4e32f50be9fe1a13f35,ICICIBANK.NS,ICICI Bank,"Sensex rises on 2nd consecutive day, SBI and ICICI Bank top gainers",prokerala.com,https://www.prokerala.com/news/articles/a1576715.html,,2024-10-29T17:00:00+05:30,20241029113000,2024-10-30,gdelt_gkg_observation,20241029113000-62,Direct headline match with company alias,,,
97feacd25abd58e4ef45f94676c0346689aab932,ICICIBANK.NS,ICICI Bank,"Stock market shines on Dhanteras, SBI and ICICI Bank shares shine",khaskhabar.com,https://www.khaskhabar.com/news/india-news/news-stock-market-shines-on-dhanteras-sbi-and-icici-bank-shares-shine-news-hindi-1-679755-KKN.html,,2024-10-29T17:00:00+05:30,20241029113000,2024-10-30,gdelt_gkg_observation,20241029113000-T1099,Direct headline match with company alias,,,
c18a01e3973bea999616ff6548fcbbda73d1cc9f,ICICIBANK.NS,ICICI Bank,"Sensex Rises On 2Nd Consecutive Day, SBI And ICICI Bank Top Gainers",menafn.com,https://menafn.com/1108828291/Sensex-Rises-On-2Nd-Consecutive-Day-SBI-And-ICICI-Bank-Top-Gainers,2024-10-29T05:30:00+05:30,2024-10-29T17:45:00+05:30,20241029121500,2024-10-30,publisher_published_at,20241029121500-618,Direct headline match with company alias,,,
c149de1f204f1b59ccce0a41475fe869f5e2902a,ICICIBANK.NS,ICICI Bank,"Sensex Rises On 2nd Consecutive Day, SBI And ICICI Bank Top Gainers",india.com,https://zeenews.india.com/economy/sensex-rises-on-2nd-consecutive-day-sbi-and-icici-bank-top-gainers-2813534.html,,2024-10-29T18:15:00+05:30,20241029124500,2024-10-30,gdelt_gkg_observation,20241029124500-739,Direct headline match with company alias,,,
67861a7b6d9149ac1a05f5fe51b1d756c7f33aa6,ICICIBANK.NS,ICICI Bank,"Sensex rises on 2nd consecutive day, SBI and ICICI Bank top gainers",morungexpress.com,https://morungexpress.com/sensex-rises-on-2nd-consecutive-day-sbi-and-icici-bank-top-gainers,,2024-10-29T20:30:00+05:30,20241029150000,2024-10-30,gdelt_gkg_observation,20241029150000-1629,Direct headline match with company alias,,,
3fdbf41282625d1b51e830cb3b7d4724c1314950,ICICIBANK.NS,ICICI Bank,"Sensex rises on 2nd consecutive day, SBI and ICICI Bank top gainers",newkerala.com,https://www.newkerala.com/news/2024/68270.htm,,2024-10-29T23:00:00+05:30,20241029173000,2024-10-30,gdelt_gkg_observation,20241029173000-822,Direct headline match with company alias,,,
b850eb8160af21fb6cca8cb9c770518ba1ef804a,ICICIBANK.NS,ICICI Bank,F&O Stock Strategy: How to trade ICICI Bank and NALCO,indiatimes.com,https://economictimes.indiatimes.com/markets/options/fo-stock-strategy-how-to-trade-icici-bank-and-nalco/articleshow/114763345.cms,,2024-10-30T12:15:00+05:30,20241030064500,2024-10-30,gdelt_gkg_observation,20241030064500-944,Direct headline match with company alias,,,
b0cdd0166d7967e813eefb13f394adeafd94ad63,ICICIBANK.NS,ICICI Bank,"SEBI's insider trading norms, RBI's new NBFC-P2P rules and ICICI Bank's credit card revisions: It's all happening in November",moneycontrol.com,https://www.moneycontrol.com/news/business/personal-finance/financial-changes-in-november-sebis-insider-trading-norms-rbis-new-nbfc-p2p-rules-and-icici-banks-credit-card-revisions-12855491.html,,2024-10-31T08:00:00+05:30,20241031023000,2024-10-31,gdelt_gkg_observation,20241031023000-55,Direct headline match with company alias,,,
8c3e6cb00d1d26fe40f49e76eec26c992c257432,ICICIBANK.NS,ICICI Bank,"ICICI Bank, LTIMindtree, Dixon, PNB Housing: 10 Diwali stock picks for up to 48% upsides",businesstoday.in,https://www.businesstoday.in/markets/stocks/story/icici-bank-ltimindtree-dixon-pnb-housing-10-diwali-stock-picks-for-up-to-48-upsides-452178-2024-10-31,,2024-10-31T13:45:00+05:30,20241031081500,2024-10-31,gdelt_gkg_observation,20241031081500-601,Direct headline match with company alias,,,
58ef62b45016b303aa5e554c2b75d4b7381d3047,ICICIBANK.NS,ICICI Bank,"Diwali 2024 stocks to watch: L&T, ICICI Bank, Zomato, HCL Tech, Titan among Motilal Oswal's top 10 picks - Market News",financialexpress.com,https://www.financialexpress.com/market/diwali-2024-stocks-to-watch-lampt-icici-bank-zomato-hcl-tech-titan-among-motilal-oswals-top-10-picks-3653545,2024-10-31T13:49:00+05:30,2024-10-31T17:00:00+05:30,20241031113000,2024-11-01,publisher_published_at,20241031113000-1256,Direct headline match with company alias,,,
63566bd69a3288fac1e4bb7ab70f58ec466e1306,ICICIBANK.NS,ICICI Bank,"Diwali Stock Picks 2024: ICICI Bank, Zomato, L&T among top bets to invest",moneycontrol.com,https://www.moneycontrol.com/web-stories/diwali-stock-picks-2024-icici-bank-zomato-lt-among-top-bets-to-invest-2578639.html,,2024-10-31T17:30:00+05:30,20241031120000,2024-11-01,gdelt_gkg_observation,20241031120000-1759,Direct headline match with company alias,,,
