gkg_record_id,headline,source,url,reason
20240101064500-177,ICICI Lombard Share Price: ICICI Lombard shares  gain  0.15% as Sensex  falls,indiatimes.com,https://economictimes.indiatimes.com/markets/stocks/stock-watch/icici-lombard-shares-gain-0-15-as-sensex-falls/articleshow/106438239.cms,Filtered by BigQueryGKGExtractor
20240101074500-691,ICICI Pru Life Share Price: ICICI Pru Life shares  down  0.43% as Nifty  drops,indiatimes.com,https://economictimes.indiatimes.com/markets/stocks/stock-watch/icici-pru-life-shares-down-0-43-as-nifty-drops/articleshow/106442692.cms,Filtered by BigQueryGKGExtractor
20240101100000-469,Market strategy for 2024: ICICI Direct sees Nifty fair value pegged at 25000,financialexpress.com,https://www.financialexpress.com/market/market-strategy-for-2024-icici-direct-sees-nifty-fair-value-pegged-at-25000-3352407/,Filtered by BigQueryGKGExtractor
20240101171500-1,"In Charts: Six sectors to watch out for in 2024, according to ICICI Direct",moneycontrol.com,https://www.moneycontrol.com/news/business/in-charts-six-sectors-to-watch-out-for-in-2024-according-to-icici-direct-11983331.html,Filtered by BigQueryGKGExtractor
20240102081500-370,ICICI Lombard Share Price: ICICI Lombard shares  down  0.78% as Sensex  falls,indiatimes.com,https://economictimes.indiatimes.com/markets/stocks/stock-watch/icici-lombard-shares-down-0-78-as-sensex-falls/articleshow/106479424.cms,Filtered by BigQueryGKGExtractor
20240103014500-T1419,"Four Banks Including Pnb And Icici Made Loans Expensive - Amar Ujala Hindi News Live - Loan:&#x92A;&#x940;&#x90F;&#x928;&#x92C;&#x940; &#x914;&#x930; Icici &#x938;&#x939;&#x93F;&#x924; &#x91A;&#x93E;&#x930; &#x92C;&#x948;&#x902;&#x915;&#x94B;&#x902; &#x928;&#x947; &#x92E;&#x939;&#x902;&#x917;&#x93E; &#x915;&#x93F;&#x92F;&#x93E; &#x915;&#x930;&#x94D;&#x91C;, &#x90F;&#x915; &#x91C;&#x928;&#x935;&#x930;&#x940; &#x938;&#x947; &#x932;&#x93E;&#x917;&#x942; &#x939;&#x941;&#x906; &#x928;&#x93F;&#x92F;&#x92E;",amarujala.com,https://www.amarujala.com/business/business-diary/four-banks-including-pnb-and-icici-made-loans-expensive-2024-01-03,Filtered by BigQueryGKGExtractor
20240103060000-98,"SCI stocks: Buy Shipping Corporation of India, target price Rs 185:  ICICI Direct",indiatimes.com,https://economictimes.indiatimes.com/markets/stocks/recos/buy-shipping-corporation-of-india-target-price-rs-185-icici-securities/articleshow/106503633.cms,Filtered by BigQueryGKGExtractor
20240103061500-420,ICICI Pru Life Share Price: ICICI Pru Life shares  rise  0.54% as Sensex  slides,indiatimes.com,https://economictimes.indiatimes.com/markets/stocks/stock-watch/icici-pru-life-shares-rise-0-54-as-sensex-slides/articleshow/106504468.cms,Filtered by BigQueryGKGExtractor
20240103061500-396,"Analyst Call Tracker: Banks, infra dominate Dec 'buy' lists; Bajaj Finance in top bets of 2023",moneycontrol.com,https://www.moneycontrol.com/news/business/markets/analyst-call-tracker-banks-infra-dominate-dec-buy-lists-bajaj-finance-in-top-bets-of-2023-11991501.html,Filtered by BigQueryGKGExtractor
20240103090000-232,ICICI Lombard Share Price: ICICI Lombard shares  drop  2.72% as Sensex  falls,indiatimes.com,https://economictimes.indiatimes.com/markets/stocks/stock-watch/icici-lombard-shares-drop-2-72-as-sensex-falls/articleshow/106509883.cms,Filtered by BigQueryGKGExtractor
20240103094500-447,"Paytm, SBI, Axis, ICICI, Kotak Bank, HDFC Bank shares: Bernstein sees up to 47% upside. Here's why",businesstoday.in,https://www.businesstoday.in/markets/stock-picks/story/paytm-sbi-axis-icici-kotak-bank-hdfc-bank-shares-bernstein-sees-up-to-47-upside-heres-why-411692-2024-01-03,Filtered by BigQueryGKGExtractor
20240104060000-92,"PNB hikes FD interest rates: Check fixed deposit return rates for SBI, ICICI",hindustantimes.com,https://www.hindustantimes.com/business/pnb-hikes-fd-interest-rates-check-fixed-deposit-return-rates-for-sbi-icici-hdfc-and-more-101704346312373.html,Filtered by BigQueryGKGExtractor
20240104073000-391,ICICI Lombard Share Price: ICICI Lombard shares  up  1.06% as Nifty  gains,indiatimes.com,https://economictimes.indiatimes.com/markets/stocks/stock-watch/icici-lombard-shares-up-1-06-as-nifty-gains/articleshow/106536442.cms,Filtered by BigQueryGKGExtractor
20240104131500-448,"Bajaj Finance, Tata Consumer top gainers on Nifty50; HDFC Bank, ICICI most active on Jan 4",businesstoday.in,https://www.businesstoday.in/visualstories/stock/bajaj-finance-tata-consumer-top-gainers-on-nifty50-hdfc-bank-icici-most-active-on-jan-4-86443-04-01-2024,Filtered by BigQueryGKGExtractor
20240105014500-889,ICICI Lombard's health plan tops Mint-Beshak ratings,livemint.com,https://www.livemint.com/money/personal-finance/icici-lombard-s-health-plan-tops-mint-beshak-ratings-11704385333526.html,Filtered by BigQueryGKGExtractor
20240105054500-630,"Bombay Dyeing & Manufacturing Company stocks: Buy Bombay Dyeing & Manufacturing Company, target price Rs 172:  ICICI Direct",indiatimes.com,https://economictimes.indiatimes.com/markets/stocks/recos/buy-bombay-dyeing-amp-manufacturing-company-target-price-rs-172-icici-direct/articleshow/106562445.cms,Filtered by BigQueryGKGExtractor
20240105080000-465,ICICI Pru Life Share Price: ICICI Pru Life stock price  up  0.1 per cent as Sensex  climbs,indiatimes.com,https://economictimes.indiatimes.com/markets/stocks/stock-watch/icici-pru-life-stock-price-up-0-1-per-cent-as-sensex-climbs/articleshow/106567968.cms,Filtered by BigQueryGKGExtractor
20240105083000-1112,ICICI Lombard Share Price: ICICI Lombard shares  rise  0.01% as Sensex  climbs,indiatimes.com,https://economictimes.indiatimes.com/markets/stocks/stock-watch/icici-lombard-shares-rise-0-01-as-sensex-climbs/articleshow/106569147.cms,Filtered by BigQueryGKGExtractor
20240105124500-T373,ICICI &#xC15;&#xC4D;&#xC30;&#xC46;&#xC21;&#xC3F;&#xC1F;&#xC4D;&#x200C; &#xC15;&#xC3E;&#xC30;&#xC4D;&#xC21;&#xC41; &#xC2A;&#xC4D;&#xC30;&#xC2F;&#xC4B;&#xC1C;&#xC28;&#xC3E;&#xC32;&#xC4D;&#xC32;&#xC4B; &#xC15;&#xC4B;&#xC24;.. &#xC07;&#xC15;&#xC2A;&#xC48; &#xC35;&#xC3E;&#xC30;&#xC3F;&#xC15;&#xC3F; &#xC2E;&#xC3E;&#xC24;&#xC4D;&#xC30;&#xC2E;&#xC47; &#xC32;&#xC3E;&#xC02;&#xC1C;&#xC4D;&#x200C; &#xC2F;&#xC3E;&#xC15;&#xC4D;&#xC38;&#xC46;&#xC38;&#xC4D;&#x200C;,eenadu.net,https://www.eenadu.net/telugu-news/business/icici-bank-reduces-benefits-on-these-credit-cards-imposes-minimum-card-usage-for-airport-lounge-acce/0104/124003254,Filtered by BigQueryGKGExtractor
20240105130000-1306,"Tata Power, ICICI Foundation join hands to launch 'GhanVan' tree plantation",deccanherald.com,https://www.deccanherald.com/environment/tata-power-icici-foundation-join-hands-to-launch-ghanvan-tree-plantation-2836800,Filtered by BigQueryGKGExtractor
20240105133000-1305,"Adani Ports, L&T, TCS top gainers on Nifty50; HDFC Bank, ICICI most active on Jan 5",businesstoday.in,https://www.businesstoday.in/visualstories/stock/adani-ports-l-t-tcs-top-gainers-on-nifty50-hdfc-bank-icici-most-active-on-jan-5-86655-05-01-2024,Filtered by BigQueryGKGExtractor
20240106123000-442,&#x200B;Senior citizens can get up to 8.1% interest rate on 3-year FDs; full list here,indiatimes.com,https://economictimes.indiatimes.com/wealth/invest/senior-citizens-can-get-up-to-8-1-interest-rate-on-3-year-fds-full-list-here/articleshow/106596668.cms,Filtered by BigQueryGKGExtractor
20240107064500-71,"Nifty Bank Outlook: Dragonfly Doji on weekly chart sends bullish signal; all eyes on ICICI, Axis, SBI, PNB",businesstoday.in,https://www.businesstoday.in/markets/story/nifty-bank-outlook-dragonfly-doji-on-weekly-chart-sends-bullish-signal-all-eyes-on-icici-axis-sbi-pnb-412159-2024-01-07,Filtered by BigQueryGKGExtractor
20240107070000-85,IIT Bhubaneswar organizes plantation drive with ICICI Foundation,orissadiary.com,https://orissadiary.com/iit-bhubaneswar-organizes-plantation-drive-with-icici-foundation/,Filtered by BigQueryGKGExtractor
20240108054500-105,ICICI Pru Life Share Price: Shares of ICICI Pru Life  rise  as Nifty  drops,indiatimes.com,https://economictimes.indiatimes.com/markets/stocks/stock-watch/shares-of-icici-pru-life-rise-as-nifty-drops/articleshow/106625389.cms,Filtered by BigQueryGKGExtractor
20240108063000-T274,"&#x906;&#x908;&#x938;&#x940;&#x906;&#x908;&#x938;&#x940;&#x906;&#x908; &#x92C;&#x948;&#x902;&#x915; &#x914;&#x930; &#x92C;&#x93E;&#x91F;&#x93E; &#x907;&#x902;&#x921;&#x93F;&#x92F;&#x93E; &#x916;&#x930;&#x940;&#x926;&#x947;&#x902;, &#x91F;&#x93E;&#x91F;&#x93E; &#x92E;&#x94B;&#x91F;&#x930;&#x94D;&#x938; &#x92C;&#x947;&#x91A;&#x947;&#x902; : &#x930;&#x93F;&#x932;&#x93E;&#x92F;&#x902;&#x938; &#x938;&#x93F;&#x915;&#x94D;&#x92F;&#x94B;&#x930;&#x93F;&#x91F;&#x940;&#x91C;",sharemanthan.in,https://www.sharemanthan.in/technical-tips/intraday-tips/73706-reliance-secrities-market-lens-intraday-calls-20240108,Filtered by BigQueryGKGExtractor
20240108071500-1107,"HDFC Bank, Tata Steel, RIL, ICICI, JSW Steel to drive Q3 Nifty results, says Motilal. Full table",businesstoday.in,https://www.businesstoday.in/markets/stocks/story/hdfc-bank-tata-steel-ril-icici-jsw-steel-to-drive-q3-nifty-results-says-motilal-full-table-412218-2024-01-08,Filtered by BigQueryGKGExtractor
20240109013000-506,ICICI to Hire 30 Investment Bankers on Expectations for Record India Fundraising,bloomberg.com,https://www.bloomberg.com/news/articles/2024-01-08/icici-to-hire-30-investment-bankers-on-expectations-for-record-india-fundraising,Filtered by BigQueryGKGExtractor
20240109014500-786,ICICI Is Hiring 30 Investment Bankers on Expectations for Record Fundraising in India,bnnbloomberg.ca,https://www.bnnbloomberg.ca/icici-is-hiring-30-investment-bankers-on-expectations-for-record-fundraising-in-india-1.2019416,Filtered by BigQueryGKGExtractor
20240109063000-305,ICICI Lombard Share Price: ICICI Lombard shares  up  1.07% as Sensex  rises,indiatimes.com,https://economictimes.indiatimes.com/markets/stocks/stock-watch/icici-lombard-shares-up-1-07-as-sensex-rises/articleshow/106656778.cms,Filtered by BigQueryGKGExtractor
20240109084500-724,ICICI Pru Life Share Price: ICICI Pru Life shares  rise  0.47% as Nifty  gains,indiatimes.com,https://economictimes.indiatimes.com/markets/stocks/stock-watch/icici-pru-life-shares-rise-0-47-as-nifty-gains/articleshow/106661838.cms,Filtered by BigQueryGKGExtractor
20240109140000-T768,"New credit card rules: SBI, HDFC, ICICI &#x914;&#x930; Axis Bank &#x915;&#x947; &#x917;&#x94D;&#x930;&#x93E;&#x939;&#x915; &#x927;&#x94D;&#x92F;&#x93E;&#x928; &#x926;&#x947;&#x902;, &#x915;&#x94D;&#x930;&#x947;&#x921;&#x93F;&#x91F; &#x915;&#x93E;&#x930;&#x94D;&#x921; &#x915;&#x94B; &#x932;&#x947;&#x915;&#x930; &#x92C;&#x926;&#x932; &#x917;&#x90F; &#x939;&#x948;&#x902; &#x905;&#x92C; &#x928;&#x93F;&#x92F;&#x92E; - New credit card rules For SBI HDFC ICICI And Axis Bank Customers Check Details",jagran.com,https://www.jagran.com/business/biz-new-credit-card-rules-for-sbi-hdfc-icici-and-axis-bank-customers-check-details-23624951.html,Filtered by BigQueryGKGExtractor
20240110051500-818,Hiring trend | ICICI ramping up recruitments over expectations of boom in fundraising by companies,telegraphindia.com,https://www.telegraphindia.com/business/icici-ramping-up-recruitments-over-expectations-of-boom-in-fundraising-by-companies/cid/1992737,Filtered by BigQueryGKGExtractor
20240110051500-858,Hiring trend | ICICI ramping up recruitments over expectations of boom in fundraising by companies,telegraphindia.com,https://www.telegraphindia.com/feeds/business/icici-ramping-up-recruitments-over-expectations-of-boom-in-fundraising-by-companies/cid/1992737,Filtered by BigQueryGKGExtractor
20240110053000-736,ICICI Pru Life Share Price: ICICI Pru Life shares  up  1.38% as Nifty  drops,indiatimes.com,https://economictimes.indiatimes.com/markets/stocks/stock-watch/icici-pru-life-shares-up-1-38-as-nifty-drops/articleshow/106685536.cms,Filtered by BigQueryGKGExtractor
20240110054500-799,Top medium to long duration funds offer over 7% in 2023; ICICI Pru Bond Fund offers 7.66%,indiatimes.com,https://economictimes.indiatimes.com/mf/analysis/top-medium-to-long-duration-funds-offer-over-7-in-2023-icici-pru-bond-fund-offers-7-66/articleshow/106686278.cms,Filtered by BigQueryGKGExtractor
20240110073000-77,ICICI Lombard Share Price: ICICI Lombard shares  decline  0.7% as Sensex  slides,indiatimes.com,https://economictimes.indiatimes.com/markets/stocks/stock-watch/icici-lombard-shares-decline-0-7-as-sensex-slides/articleshow/106690001.cms,Filtered by BigQueryGKGExtractor
20240110074500-T1377,"New Credit Card Rules : SBI, HDFC, ICICI &#xA24;&#xA47; Axis Bank &#xA26;&#xA47; &#xA17;&#xA3E;&#xA39;&#xA15; &#xA27;&#xA3F;&#xA06;&#xA28; &#xA26;&#xA47;&#xA23;, &#xA15;&#xA4D;&#xA30;&#xA48;&#xA21;&#xA3F;&#xA1F; &#xA15;&#xA3E;&#xA30;&#xA21; &#xA28;&#xA42;&#xA70; &#xA32;&#xA48; &#xA15;&#xA47; &#xA2C;&#xA26;&#xA32; &#xA17;&#xA0F; &#xA39;&#xA28; &#xA28;&#xA3F;&#xA2F;&#xA2E;",punjabijagran.com,https://www.punjabijagran.com/business/general-new-credit-card-rules-attention-customers-of-sbi-hdfc-icici-and-axis-bank-rules-have-changed-regarding-credit-cards-9322173.html,Filtered by BigQueryGKGExtractor
20240110150000-T1108,"Credit Card Rules: SBI-HDFC-ICICI &#x928;&#x947; &#x92C;&#x926;&#x932;&#x947; &#x915;&#x94D;&#x930;&#x947;&#x921;&#x200D;&#x93F;&#x91F; &#x915;&#x93E;&#x930;&#x94D;&#x921; &#x915;&#x947; &#x928;&#x200D;&#x93F;&#x92F;&#x92E;, &#x91C;&#x93E;&#x928;&#x200D;&#x93F;&#x90F; &#x928;&#x90F; &#x928;&#x93F;&#x92F;&#x92E;",haribhoomi.com,https://www.haribhoomi.com/business/news/credit-card-rules-sbi-hdfc-icici-changed-credit-card-rules-know-new-rules-3986,Filtered by BigQueryGKGExtractor
20240110161500-20,Rewari District Commission Holds Gas Agency And ICICI Lombard House Liable For Indane Cylinder Blast,livelaw.in,https://www.livelaw.in/consumer-cases/rewari-district-commission-holds-gas-agency-and-icici-lombard-house-liable-for-indane-cylinder-blast-246369,Filtered by BigQueryGKGExtractor
20240111070000-282,ICICI Pru Life Share Price: ICICI Pru Life shares  gain  0.8% as Sensex  rises,indiatimes.com,https://economictimes.indiatimes.com/markets/stocks/stock-watch/icici-pru-life-shares-gain-0-8-as-sensex-rises/articleshow/106720231.cms,Filtered by BigQueryGKGExtractor
20240111073000-709,ICICI Lombard Share Price: ICICI Lombard shares  up  0.39% as Nifty  gains,indiatimes.com,https://economictimes.indiatimes.com/markets/stocks/stock-watch/icici-lombard-shares-up-0-39-as-nifty-gains/articleshow/106721948.cms,Filtered by BigQueryGKGExtractor
20240112084500-386,ICICI Pru Life Share Price: ICICI Pru Life shares  decline  1.19% as Sensex  climbs,indiatimes.com,https://economictimes.indiatimes.com/markets/stocks/stock-watch/icici-pru-life-shares-decline-1-19-as-sensex-climbs/articleshow/106757254.cms,Filtered by BigQueryGKGExtractor
20240112180000-1787,"ICICI Pru Sensex ETF completes 21 years, delivers 17% CAGR",thehindubusinessline.com,https://www.thehindubusinessline.com/markets/icici-pru-sensex-etf-completes-21-years-delivers-17-cagr/article67735007.ece,Filtered by BigQueryGKGExtractor
20240113220000-T246,"&#xC10;&#xC38;&#xC40;&#xC10;&#xC38;&#xC40;&#xC10; &#xC2A;&#xC4D;&#xC30;&#xC41; &#xC32;&#xC3E;&#xC30;&#xC4D;&#xC1C;&#xC4D;&#x200C;, &#xC2E;&#xC3F;&#xC21;&#xC4D;&#x200C;&#xC15;&#xC4D;&#xC2F;&#xC3E;&#xC2A;&#xC4D;&#x200C; &#xC2B;&#xC02;&#xC21;&#xC4D;&#x200C; &#xC2D;&#xC33;&#xC3E;  | ICICI Pru Large, Midcap Fund Bhala",andhrajyothy.com,https://www.andhrajyothy.com/2024/business/icici-pru-large-midcap-fund-bhala-1196193.html,Filtered by BigQueryGKGExtractor
20240115071500-465,ICICI Lombard Share Price: ICICI Lombard shares  down  0.47% as Sensex  rises,indiatimes.com,https://economictimes.indiatimes.com/markets/stocks/stock-watch/icici-lombard-shares-down-0-47-as-sensex-rises/articleshow/106856483.cms,Filtered by BigQueryGKGExtractor
20240115090000-937,ICICI Pru Life Share Price: ICICI Pru Life shares  down  0.85% as Nifty  gains,indiatimes.com,https://economictimes.indiatimes.com/markets/stocks/stock-watch/icici-pru-life-shares-down-0-85-as-nifty-gains/articleshow/106860167.cms,Filtered by BigQueryGKGExtractor
20240115110000-145,"Mutual funds: How Rs 10,000 a month in SIP turned to Rs 2 crore",businesstoday.in,https://www.businesstoday.in/personal-finance/investment/story/mutual-funds-how-rs-10000-a-month-in-sip-tuned-to-rs-2-crore-413312-2024-01-15,Filtered by BigQueryGKGExtractor
20240115140000-1477,"ICICI Lombard Q3 Preview: Premium income to rise 15%, combined ratio to be elevated",moneycontrol.com,https://www.moneycontrol.com/news/business/earnings/icici-lombard-q3-preview-premium-income-to-rise-15-combined-ratio-to-be-elevated-12052561.html,Filtered by BigQueryGKGExtractor
20240116040000-632,"Q3 results today: HDFC Bank, ICICI Lombard, L&T Technology among 31 companies to announce Q3FY24 earnings today",livemint.com,https://www.livemint.com/companies/company-results/q3-results-today-hdfc-bank-icici-lombard-l-t-technology-among-31-companies-to-announce-q3fy24-earnings-today-11705368670107.html,Filtered by BigQueryGKGExtractor
20240116070000-454,"ICICI Pru Life Q3 Preview: APE to grow 2%, margins to contract on product mix change",moneycontrol.com,https://www.moneycontrol.com/news/business/markets/icici-pru-life-q3-preview-ape-to-grow-2-margins-to-contract-on-product-mix-change-12059251.html,Filtered by BigQueryGKGExtractor
20240116074500-1074,ICICI Pru Life Share Price: Share price of ICICI Pru Life  falls  as Sensex  drops  15.77 points,indiatimes.com,https://economictimes.indiatimes.com/markets/stocks/stock-watch/share-price-of-icici-pru-life-falls-as-sensex-drops-15-77-points/articleshow/106890450.cms,Filtered by BigQueryGKGExtractor
20240116081500-71,ICICI Lombard Share Price: ICICI Lombard shares  up  0.39% as Nifty  drops,indiatimes.com,https://economictimes.indiatimes.com/markets/stocks/stock-watch/icici-lombard-shares-up-0-39-as-nifty-drops/articleshow/106891819.cms,Filtered by BigQueryGKGExtractor
20240116084500-1124,Harmonisation of NBFC & HFC regulations: Relevant for PNB HF; Sundaram HF & ICICI HF at the margin,indiainfoline.com,https://www.indiainfoline.com/article/news-top-story/harmonisation-of-nbfc-hfc-regulations-relevant-for-pnb-hf-sundaram-hf-icici-hf-at-the-margin-1705382884334_1.html,Filtered by BigQueryGKGExtractor
20240116151500-297,ICICI Lombard posts 22% rise in Q3 profit as premiums climb,marketscreener.com,https://www.marketscreener.com/quote/stock/ICICI-LOMBARD-GENERAL-INS-105516312/news/ICICI-Lombard-posts-22-rise-in-Q3-profit-as-premiums-climb-45749027/,Filtered by BigQueryGKGExtractor
20240116153000-T611,ICICI Lombard affiche une hausse de 22 % de son b&#xE9;n&#xE9;fice au troisi&#xE8;me trimestre gr&#xE2;ce &#xE0; l'augmentation des primes,zonebourse.com,https://www.zonebourse.com/cours/action/ICICI-LOMBARD-GENERAL-INS-105516312/actualite/ICICI-Lombard-affiche-une-hausse-de-22-de-son-benefice-au-troisieme-trimestre-grace-a-l-augme-45749027/,Filtered by BigQueryGKGExtractor
20240116171500-2088,ICICI Lombard General Insurance Q3 result: Net profit rises 22.4% to Rs 431 crore,moneycontrol.com,https://www.moneycontrol.com/news/business/earnings/icici-lombard-general-insurance-q3-result-net-profit-rises-22-4-to-rs-431-crore-12059211.html,Filtered by BigQueryGKGExtractor
20240116210000-T60,ICICI Lombard General Insurance Q3 result: &#x915;&#x902;&#x92A;&#x928;&#x940; &#x915;&#x93E; &#x928;&#x947;&#x91F; &#x92A;&#x94D;&#x930;&#x949;&#x92B;&#x93F;&#x91F; 22.4 &#x92A;&#x930;&#x94D;&#x938;&#x947;&#x902;&#x91F; &#x92C;&#x922;&#x93C;&#x915;&#x930; 431 &#x915;&#x930;&#x94B;&#x921;&#x93C; &#x930;&#x941;&#x92A;&#x92F;&#x947; &#x930;&#x939;&#x93E;,moneycontrol.com,https://hindi.moneycontrol.com/news/company/company-results/icici-lombard-q3-result-net-profit-rises-22-4-percent-to-rs-431-crore-1722581.html,Filtered by BigQueryGKGExtractor
20240117010000-45,"Stocks in news: Stocks in news: Asian Paints, LTIMindtree, HDFC Bank, L&T Tech, ICICI Lombard",indiatimes.com,https://economictimes.indiatimes.com/markets/stocks/news/stocks-in-news-asian-paints-ltimindtree-hdfc-bank-lt-tech-icici-lombard/articleshow/106905435.cms,Filtered by BigQueryGKGExtractor
20240117011500-807,ICICI Lombard Q3 results: ICICI Lombard Oct-Dec net profit surges 22%,indiatimes.com,https://economictimes.indiatimes.com/markets/stocks/earnings/icici-lombard-oct-dec-net-profit-surges-22/articleshow/106910593.cms,Filtered by BigQueryGKGExtractor
20240117031500-1285,ICICI Lombard posts 22% rise in Q3 profit as premiums climb,indiatimes.com,https://timesofindia.indiatimes.com/business/india-business/icici-lombard-posts-22-rise-in-q3-profit-as-premiums-climb/articleshow/106911847.cms,Filtered by BigQueryGKGExtractor
20240117034500-1053,ICICI Lombard Profit Jumps 22% to Rs 431 Crore in Q3,indiainfoline.com,https://www.indiainfoline.com/article/news-top-story/icici-lombard-profit-jumps-to-rs-crore-in-q--1705460761947_1.html,Filtered by BigQueryGKGExtractor
20240117041500-774,"ICICI Lombard General Insurance Company Ltd Share Price Today, ICICIGI Share Price NSE, BSE",businesstoday.in,https://www.businesstoday.in/stocks/icici-lombard-general-insurance-company-ltd-icicigi-share-price-365156,Filtered by BigQueryGKGExtractor
20240117050000-957,"ICICI Lombard stocks: Buy ICICI Lombard General Insurance Company, target price Rs 1650:  Motilal Oswal",indiatimes.com,https://economictimes.indiatimes.com/markets/stocks/recos/buy-icici-lombard-general-insurance-company-target-price-rs-1650-motilal-oswalbr/articleshow/106914890.cms,Filtered by BigQueryGKGExtractor
20240117050000-677,"hdfc bank shares: Hot Stocks: Brokerages view on HDFC Bank, L&T Tech, ICICI Lombard and GAIL India",indiatimes.com,https://economictimes.indiatimes.com/markets/stocks/news/hot-stocks-brokerages-view-on-hdfc-bank-lt-tech-icici-lombard-and-gail-india/articleshow/106915257.cms,Filtered by BigQueryGKGExtractor
20240117050000-962,ICICI Lombard Share Price: ICICI Lombard shares  gain  2.97% as Sensex  falls,indiatimes.com,https://economictimes.indiatimes.com/markets/stocks/stock-watch/icici-lombard-shares-gain-2-97-as-sensex-falls/articleshow/106915376.cms,Filtered by BigQueryGKGExtractor
20240117054500-877,"ICICI Lombard nears 52-week high on Q3 beat, brokerages 'cautiously optimistic'",moneycontrol.com,https://www.moneycontrol.com/news/business/markets/icici-lombard-nears-52-week-high-on-q3-beat-brokerages-cautiously-optimistic-12065871.html,Filtered by BigQueryGKGExtractor
20240117060000-T1442,ICICI Lombard General Insurance Company gab Ergebnis zum abgelaufenen Quartal bekannt,finanzen.net,https://www.finanzen.net/nachricht/aktien/icici-lombard-general-insurance-company-gab-ergebnis-zum-abgelaufenen-quartal-bekannt-13182516,Filtered by BigQueryGKGExtractor
20240117070000-939,ICICI Lombard General Insurance Company Share Price Today -&#xA0;ICICI Lombard General Insurance Company Stock Price Live NSE/BSE,livemint.com,https://www.livemint.com/market/market-stats/stocks-icici-lombard-general-insurance-company-share-price-nse-bse-s0003174,Filtered by BigQueryGKGExtractor
20240117084500-294,Q3FY24 Review: ICICI Lombard General: Steady quarter; on track to achieve FY25 target,indiainfoline.com,https://www.indiainfoline.com/article/news-top-story/q-fy-review-icici-lombard-general-steady-quarter-on-track-to-achieve-fy-target-1705479167707_1.html,Filtered by BigQueryGKGExtractor
20240117094500-710,growth momentum: Will ICICI Lombard be able to gain market share going forward? Gopal Balachandran  answers,indiatimes.com,https://economictimes.indiatimes.com/markets/expert-view/will-icici-lombard-be-able-to-gain-market-share-going-forward-gopal-balachandran-answers/articleshow/106923811.cms,Filtered by BigQueryGKGExtractor
20240117104500-244,"ICICI Lombard shares gain over 7%, log biggest intraday jump in 8 months",livemint.com,https://www.livemint.com/market/stock-market-news/icici-lombard-share-price-today-gains-over-7-logs-biggest-intraday-jump-in-8-months-on-q3fy24-earnings-11705480030907.html,Filtered by BigQueryGKGExtractor
20240117181500-1715,ICICI Venture tweaks exit plan from portfolio; to still beat benchmark return,vccircle.com,https://www.vccircle.com/iciciventure-tweaks-exit-plan-from-portfolio-to-still-beat-benchmark-return,Filtered by BigQueryGKGExtractor
20240117233000-435,ICICI Lombard General Insurance Company Q3 FY24 Results Live: Profit Rises by 22.39% YoY,livemint.com,https://www.livemint.com/companies/company-results/icici-lombard-general-insurance-company-q3-fy24-results-live-profit-rises-by-22-39-yoy-11705524382619.html,Filtered by BigQueryGKGExtractor
20240118013000-1585,ICICI Pru Life Q3 results: ICICI Pru Life posts 3% rise in Q3 net profit,indiatimes.com,https://economictimes.indiatimes.com/markets/stocks/earnings/icici-pru-life-posts-3-rise-in-q3-net-profit/articleshow/106940916.cms,Filtered by BigQueryGKGExtractor
20240118031500-76,"Short Call | Buy on dips or sell on rise? Cochin Shipyard, Asian Paints, ICICI Lombard in focus",moneycontrol.com,https://www.moneycontrol.com/news/business/markets/short-call-buy-on-dips-or-sell-on-rise-cochin-shipyard-asian-paints-icici-lombard-in-focus-12073021.html,Filtered by BigQueryGKGExtractor
20240118053000-477,ICICI Lombard among 7 stocks showing RSI Trending Up on January 17,indiatimes.com,https://economictimes.indiatimes.com/markets/web-stories/icici-lombard-among-7-stocks-showing-rsi-trending-up-on-january-17/slideshow/106945963.cms,Filtered by BigQueryGKGExtractor
20240118061500-799,ICICI Lombard Share Price: Share price of ICICI Lombard  falls  as Sensex  drops  226.12 points,indiatimes.com,https://economictimes.indiatimes.com/markets/stocks/stock-watch/share-price-of-icici-lombard-falls-as-sensex-drops-226-12-points/articleshow/106947464.cms,Filtered by BigQueryGKGExtractor
20240118061500-759,"ICICI Pru Life sees biggest crash in one year, stock down 10% after Q3 misses estimates",moneycontrol.com,https://www.moneycontrol.com/news/business/stocks/icici-pru-life-sees-biggest-crash-in-one-year-stock-down-10-after-q3-misses-estimates-12073521.html,Filtered by BigQueryGKGExtractor
20240118070000-218,icici pru life shares: ICICI Pru Life shares tank 10% post muted Q3 earnings show,indiatimes.com,https://economictimes.indiatimes.com/markets/stocks/news/icici-pru-life-shares-tank-10-post-muted-q3-earnings-show/articleshow/106949012.cms,Filtered by BigQueryGKGExtractor
20240118081500-586,ICICI Lombard 9M FY24: Healthy earnings and upbeat guidance,moneycontrol.com,https://www.moneycontrol.com/news/business/icici-lombard-9m-fy24-healthy-earnings-and-upbeat-guidance-12075141.html,Filtered by BigQueryGKGExtractor
20240118091500-1027,ICICI Pru Life Share Price: Share price of ICICI Pru Life  falls  as Sensex  drops  390.02 points,indiatimes.com,https://economictimes.indiatimes.com/markets/stocks/stock-watch/share-price-of-icici-pru-life-falls-as-sensex-drops-390-02-points/articleshow/106953347.cms,Filtered by BigQueryGKGExtractor
20240118190000-T27,ICICI: &#xC10;&#xC38;&#xC40;&#xC10;&#xC38;&#xC40;&#xC10; &#xC2A;&#xC4D;&#xC30;&#xC41;&#xC21;&#xC46;&#xC28;&#xC4D;&#xC37;&#xC3F;&#xC2F;&#xC32;&#xC4D; &#xC2A;&#xC46;&#xC28;&#xC4D;&#xC37;&#xC28;&#xC4D; &#xC2A;&#xC4D;&#xC32;&#xC3E;&#xC28;&#xC4D;&#x200C;.. 100 &#xC36;&#xC3E;&#xC24;&#xC02; &#xC2A;&#xC4D;&#xC30;&#xC40;&#xC2E;&#xC3F;&#xC2F;&#xC02; &#xC35;&#xC3E;&#xC2A;&#xC38;&#xC4D;&#x200C;,eenadu.net,https://www.eenadu.net/telugu-news/business/icici-prudential-offers-100pc-refund-in-new-pension-plan/0101/124011438,Filtered by BigQueryGKGExtractor
20240119053000-270,ICICI Pru Life Share Price: ICICI Pru Life shares  up  1.99% as Nifty  gains,indiatimes.com,https://economictimes.indiatimes.com/markets/stocks/stock-watch/icici-pru-life-shares-up-1-99-as-nifty-gains/articleshow/106976081.cms,Filtered by BigQueryGKGExtractor
20240119063000-268,ICICI Lombard Share Price: ICICI Lombard shares  up  0.97% as Nifty  gains,indiatimes.com,https://economictimes.indiatimes.com/markets/stocks/stock-watch/icici-lombard-shares-up-0-97-as-nifty-gains/articleshow/106978224.cms,Filtered by BigQueryGKGExtractor
20240119110000-536,Stock markets recover after 3 days of loss ICICI Airtel major movers,theweek.in,https://www.theweek.in/wire-updates/business/2024/01/19/del48-biz-stocks-close.html,Filtered by BigQueryGKGExtractor
20240119111500-122,"Stock markets recover after three days of loss; ICICI, Airtel major movers",orissapost.com,https://www.orissapost.com/stock-markets-recover-after-three-days-of-loss-icici-airtel-major-movers/,Filtered by BigQueryGKGExtractor
20240119120000-125,"Stock markets recover after 3 days of loss; ICICI, Airtel major gainers",tribuneindia.com,https://www.tribuneindia.com/news/business/stock-markets-recover-after-3-days-of-loss-icici-airtel-major-gainers-582745,Filtered by BigQueryGKGExtractor
20240119121500-704,"Stock markets recover after 3 days of loss; ICICI, Airtel major movers",thehindu.com,https://www.thehindu.com/business/markets/stock-markets-recover-after-3-days-of-loss-icici-airtel-major-movers/article67755989.ece,Filtered by BigQueryGKGExtractor
20240119130000-1043,"Sensex jumps 496 points; ICICI, Airtel major movers",rediff.com,https://www.rediff.com/business/report/sensex-jumps-496-points-icici-airtel-major-movers/20240119.htm,Filtered by BigQueryGKGExtractor
20240119133000-1089,"Sensex | Stock markets recover after 3 days of loss; ICICI, Airtel major movers",telegraphindia.com,https://www.telegraphindia.com/feeds/business/stock-markets-recover-after-3-days-of-loss-icici-airtel-major-movers/cid/1994909,Filtered by BigQueryGKGExtractor
20240119150000-1631,"Sensex | Stock markets recover after 3 days of loss; ICICI, Airtel major movers",telegraphindia.com,https://www.telegraphindia.com/business/stock-markets-recover-after-3-days-of-loss-icici-airtel-major-movers/cid/1994909,Filtered by BigQueryGKGExtractor
20240119184500-723,"ICICI Venture, Infosys co-founder's family office making healthcare bet",vccircle.com,https://www.vccircle.com/iciciventure-infosys-co-founder-s-family-office-making-healthcare-bet,Filtered by BigQueryGKGExtractor
20240119194500-385,"Stock markets recover after 3 days of loss; ICICI, Airtel major movers",dailyexcelsior.com,https://www.dailyexcelsior.com/stock-markets-recover-after-3-days-of-loss-icici-airtel-major-movers/,Filtered by BigQueryGKGExtractor
20240120110000-T1609,La banque indienne ICICI affiche un b&#xE9;n&#xE9;fice record au troisi&#xE8;me trimestre,zonebourse.com,https://www.zonebourse.com/cours/action/ICICI-BANK-LIMITED-23672738/actualite/La-banque-indienne-ICICI-affiche-un-benefice-record-au-troisieme-trimestre-45780469/,Filtered by BigQueryGKGExtractor
20240120121500-T1329,ICICI &#x92C;&#x948;&#x902;&#x915; &#x915;&#x947; &#x924;&#x940;&#x938;&#x930;&#x940; &#x924;&#x93F;&#x92E;&#x93E;&#x939;&#x940; &#x915;&#x947; &#x936;&#x941;&#x926;&#x94D;&#x927; &#x932;&#x93E;&#x92D; &#x92E;&#x947;&#x902; 23.5 &#x92A;&#x94D;&#x930;&#x924;&#x93F;&#x936;&#x924; &#x915;&#x940; &#x92C;&#x922;&#x93C;&#x94B;&#x924;&#x930;&#x940;,khaskhabar.com,https://www.business.khaskhabar.com/daily-news.php/icici-bank-third-quarter-net-profit-increased-by-235-percent-613780-BKN.html,Filtered by BigQueryGKGExtractor
20240120124500-T1277,ICICI &#x92C;&#x948;&#x902;&#x915; &#x915;&#x947; &#x924;&#x940;&#x938;&#x930;&#x940; &#x924;&#x93F;&#x92E;&#x93E;&#x939;&#x940; &#x915;&#x947; &#x936;&#x941;&#x926;&#x94D;&#x927; &#x932;&#x93E;&#x92D; &#x92E;&#x947;&#x902; 23.5 &#x92A;&#x94D;&#x930;&#x924;&#x93F;&#x936;&#x924; &#x915;&#x940; &#x92C;&#x922;&#x93C;&#x94B;&#x924;&#x930;&#x940;,khaskhabar.com,https://www.business.khaskhabar.com/business-news/icici-bank-third-quarter-net-profit-increased-by-235-percent-613780-BKN.html,Filtered by BigQueryGKGExtractor
20240120220000-T1399,&#xC10;&#xC38;&#xC40;&#xC10;&#xC38;&#xC40;&#xC10; &#xC2A;&#xC4D;&#xC30;&#xC41; &#xC17;&#xC4D;&#xC2F;&#xC3E;&#xC30;&#xC02;&#xC1F;&#xC40;&#xC21;&#xC4D;&#x200C; &#xC2A;&#xC46;&#xC28;&#xC4D;&#xC37;&#xC28;&#xC4D;&#x200C; &#xC2A;&#xC4D;&#xC32;&#xC3E;&#xC28;&#xC4D;&#x200C; &#xC2B;&#xC4D;&#xC32;&#xC46;&#xC15;&#xC4D;&#xC38;&#xC40; | ICICI Pru Guaranteed Pension Plan Flexi,andhrajyothy.com,https://www.andhrajyothy.com/2024/business/icici-pru-guaranteed-pension-plan-flexi-1198966.html,Filtered by BigQueryGKGExtractor
20240121003000-669,"Union, IDBI, ICICI & IDFC stocks rise on strong Q3 FY24 profits",indiatimes.com,https://timesofindia.indiatimes.com/business/india-business/union-idbi-icici-idfc-stocks-rise-on-strong-q3-fy24-profits/articleshow/107020814.cms,Filtered by BigQueryGKGExtractor
20240123061500-1324,ICICI Lombard Share Price: ICICI Lombard shares  up  1.39% as Sensex  falls,indiatimes.com,https://economictimes.indiatimes.com/markets/stocks/stock-watch/icici-lombard-shares-up-1-39-as-sensex-falls/articleshow/107071689.cms,Filtered by BigQueryGKGExtractor
20240123061500-900,ICICI Pru Life Share Price: ICICI Pru Life shares  decline  0.91% as Sensex  slides,indiatimes.com,https://economictimes.indiatimes.com/markets/stocks/stock-watch/icici-pru-life-shares-decline-0-91-as-sensex-slides/articleshow/107071536.cms,Filtered by BigQueryGKGExtractor
20240123064500-T1385,La banque indienne ICICI atteint un niveau record gr&#xE2;ce &#xE0; un b&#xE9;n&#xE9;fice sup&#xE9;rieur aux pr&#xE9;visions et &#xE0; des marges confortables,zonebourse.com,https://www.zonebourse.com/cours/action/ICICI-BANK-LIMITED-23672738/actualite/La-banque-indienne-ICICI-atteint-un-niveau-record-grace-a-un-benefice-superieur-aux-previsions-45789024/,Filtered by BigQueryGKGExtractor
20240123083000-T697,&#x928;&#x947;&#x91F; &#x92A;&#x94D;&#x930;&#x949;&#x92B;&#x93F;&#x91F; &#x92E;&#x947;&#x902; 23.5% &#x915;&#x940; &#x92C;&#x922;&#x93C;&#x94B;&#x924;&#x930;&#x940; &#x915;&#x947; &#x92C;&#x93E;&#x926; ICICI &#x92C;&#x948;&#x902;&#x915; &#x915;&#x947; &#x936;&#x947;&#x92F;&#x930;&#x94B;&#x902; &#x92E;&#x947;&#x902; 3 &#x92A;&#x930;&#x94D;&#x938;&#x947;&#x902;&#x91F; &#x915;&#x940; &#x924;&#x947;&#x91C;&#x940;,moneycontrol.com,https://hindi.moneycontrol.com/news/markets/icici-bank-stock-gains-3-2-percent-on-the-back-of-23-5-percent-rise-in-q3-net-profit-1735691.html,Filtered by BigQueryGKGExtractor
20240123111500-T605,&#x906;&#x908;&#x938;&#x940;&#x906;&#x908;&#x938;&#x940;&#x906;&#x908; &#x92C;&#x948;&#x902;&#x915; &#x92C;&#x928;&#x93E;&#x92E; &#x90F;&#x91A;&#x921;&#x940;&#x90F;&#x92B;&#x938;&#x940; &#x92C;&#x948;&#x902;&#x915;: &#x907;&#x928;&#x92E;&#x947;&#x902; &#x938;&#x947; &#x915;&#x94C;&#x928; &#x938;&#x93E; '&#x91C;&#x930;&#x942;&#x930;&#x940; &#x916;&#x930;&#x940;&#x926;&#x928;&#x947; &#x935;&#x93E;&#x932;&#x93E;' &#x938;&#x94D;&#x91F;&#x949;&#x915; &#x939;&#x948;? &#x92F;&#x939;&#x93E;&#x902; &#x939;&#x948;&#x902; &#x936;&#x947;&#x92F;&#x930; &#x92E;&#x942;&#x932;&#x94D;,pratahkal.com,https://www.pratahkal.com/Encyc/2024/1/23/ICICI-Bank-vs-HDFC-Bank-Which-one-is-a-must-buy-stock-Here-are-the-share-price-targets.html,Filtered by BigQueryGKGExtractor
20240123130000-T855,"SBI vs ICICI vs HDFC: &#x92F;&#x947; &#x924;&#x940;&#x928; &#x92C;&#x948;&#x902;&#x915; &#x90F;&#x92B;&#x921;&#x940; &#x92A;&#x930; &#x926;&#x947; &#x930;&#x939;&#x947; &#x939;&#x948;&#x902; &#x938;&#x92C;&#x938;&#x947; &#x91C;&#x94D;&#x92F;&#x93E;&#x926;&#x93E; &#x92C;&#x94D;&#x92F;&#x93E;&#x91C;, &#x915;&#x939;&#x93E;&#x902; &#x92E;&#x93F;&#x932; &#x930;&#x939;&#x93E; &#x939;&#x948; &#x91C;&#x94D;&#x92F;&#x93E;&#x926;&#x93E; &#x92B;&#x93E;&#x92F;&#x926;&#x93E;",moneycontrol.com,https://hindi.moneycontrol.com/news/your-money/sbi-vs-icici-vs-hdfc-these-3-banks-offering-maximum-interest-check-latest-rates-1736001.html,Filtered by BigQueryGKGExtractor
20240123174500-T1932,&#x906;&#x908;&#x938;&#x940;&#x906;&#x908;&#x938;&#x940;&#x906;&#x908; &#x92C;&#x948;&#x902;&#x915; &#x915;&#x93E; &#x92E;&#x941;&#x928;&#x93E;&#x92B;&#x93E; &#x924;&#x940;&#x938;&#x930;&#x940; &#x924;&#x93F;&#x92E;&#x93E;&#x939;&#x940; &#x92E;&#x947;&#x902; 23.6% &#x92C;&#x922;&#x93C;&#x93E;,sharemanthan.in,https://www.sharemanthan.in/61-news/corporate-update/73862-icici-bank-profit-q3-nii-23012024,Filtered by BigQueryGKGExtractor
20240124063000-688,ICICI Pru Life Share Price: ICICI Pru Life shares  gain  1.17% as Sensex  rises,indiatimes.com,https://economictimes.indiatimes.com/markets/stocks/stock-watch/icici-pru-life-shares-gain-1-17-as-sensex-rises/articleshow/107103046.cms,Filtered by BigQueryGKGExtractor
20240124071500-440,ICICI Lombard Share Price: ICICI Lombard shares  gain  0.89% as Sensex  rises,indiatimes.com,https://economictimes.indiatimes.com/markets/stocks/stock-watch/icici-lombard-shares-gain-0-89-as-sensex-rises/articleshow/107104279.cms,Filtered by BigQueryGKGExtractor
20240124113000-247,"Coal India is ICICI Direct's 'high conviction pick', sees over 33% upside; 3 reasons why",livemint.com,https://www.livemint.com/market/stock-market-news/coal-india-is-icici-directs-high-conviction-pick-sees-over-33-upside-3-reasons-why-11706091035805.html,Filtered by BigQueryGKGExtractor
20240124180000-2093,"Senior Citizen 5-Year FDs Of SBI, HDFC, ICICI, PNB vs SCSS: Where Should You Park Your Savings?",india.com,https://zeenews.india.com/personal-finance/senior-citizen-5-year-fds-of-sbi-hdfc-icici-pnb-vs-scss-where-should-you-park-your-savings-2713580.html,Filtered by BigQueryGKGExtractor
20240125024500-T516,"provident fund loan interest rate emi of personal loan calculator sbi pnb icici hdfc mdn | Loan: &#x92A;&#x930;&#x94D;&#x938;&#x928;&#x932; &#x932;&#x94B;&#x928; &#x92A;&#x930; &#x91C;&#x94D;&#x92F;&#x93E;&#x926;&#x93E; &#x92C;&#x94D;&#x92F;&#x93E;&#x91C; &#x926;&#x947;&#x928;&#x947; &#x915;&#x940; &#x928;&#x939;&#x940;&#x902; &#x939;&#x948; &#x91C;&#x930;&#x942;&#x930;&#x924;, &#x915;&#x947;&#x935;&#x932; 1% &#x92C;&#x94D;&#x200D;&#x92F;&#x93E;&#x91C; &#x92A;&#x930; &#x92E;&#x93F;&#x932;&#x947;&#x917;&#x93E; &#x915;&#x930;&#x94D;&#x91C;! &#x91C;&#x93E;&#x928;&#x947;&#x902; &#x915;&#x948;&#x938;&#x947; &#x915;&#x930;&#x947;&#x902; &#x906;&#x935;&#x947;&#x926;&#x928;",prabhatkhabar.com,https://www.prabhatkhabar.com/business/provident-fund-loan-interest-rate-emi-of-personal-loan-calculator-sbi-pnb-icici-hdfc-mdn,Filtered by BigQueryGKGExtractor
20240125071500-947,ICICI Pru Life Share Price: ICICI Pru Life shares  down  0.67% as Nifty  drops,indiatimes.com,https://economictimes.indiatimes.com/markets/stocks/stock-watch/icici-pru-life-shares-down-0-67-as-nifty-drops/articleshow/107135279.cms,Filtered by BigQueryGKGExtractor
20240125084500-922,ICICI Lombard Share Price: ICICI Lombard shares  drop  1.97% as Sensex  falls,indiatimes.com,https://economictimes.indiatimes.com/markets/stocks/stock-watch/icici-lombard-shares-drop-1-97-as-sensex-falls/articleshow/107138874.cms,Filtered by BigQueryGKGExtractor
20240125093000-T2368,"personal loan from banks with lowest interest rates icici hdfc sbi bank of baroda pnb kotak mahindra mdn | Personal Loan &#x932;&#x947;&#x928;&#x947; &#x915;&#x93E; &#x92C;&#x928;&#x93E; &#x930;&#x939;&#x947; &#x939;&#x948;&#x902; &#x92E;&#x928;, &#x924;&#x94B; &#x91C;&#x93E;&#x928; &#x932;&#x947;&#x902; &#x915;&#x93F;&#x928; &#x926;&#x938; &#x92C;&#x948;&#x902;&#x915;&#x94B;&#x902; &#x92E;&#x947;&#x902; &#x939;&#x948; &#x938;&#x92C;&#x938;&#x947; &#x915;&#x92E; &#x92C;&#x94D;&#x92F;&#x93E;&#x91C; &#x926;&#x930;",prabhatkhabar.com,https://www.prabhatkhabar.com/business/personal-loan-from-banks-with-lowest-interest-rates-icici-hdfc-sbi-bank-of-baroda-pnb-kotak-mahindra-mdn,Filtered by BigQueryGKGExtractor
20240128060000-155,ICICI Lombard acquires 1.08% stake in Karnataka Bank for Rs 100 crore,businesstoday.in,https://www.businesstoday.in/markets/stocks/story/icici-lombard-acquires-108-stake-in-karnataka-bank-for-rs-100-crore-415083-2024-01-28,Filtered by BigQueryGKGExtractor
20240128123000-133,icici lombard general insurance: Karnataka Bank to raise Rs 100 cr equity from ICICI Lombard,indiatimes.com,https://economictimes.indiatimes.com/industry/banking/finance/banking/karnataka-bank-to-raise-rs-100-cr-equity-from-icici-lombard/articleshow/107205244.cms,Filtered by BigQueryGKGExtractor
20240128190000-191,Karnataka Bank To Strengthen Finances With Rs 100 Cr Equity Infusion From ICICI Lombard,businessworld.in,https://www.businessworld.in/article/Karnataka-Bank-To-Strengthen-Finances-With-Rs-100-Cr-Equity-Infusion-From-ICICI-Lombard/28-01-2024-507924/,Filtered by BigQueryGKGExtractor
20240129060000-T626,"&#x906;&#x908;&#x938;&#x940;&#x906;&#x908;&#x938;&#x940;&#x906;&#x908; &#x92C;&#x948;&#x902;&#x915; &#x914;&#x930; &#x92A;&#x93E;&#x935;&#x930;&#x917;&#x94D;&#x930;&#x93F;&#x921; &#x915;&#x949;&#x930;&#x94D;&#x92A;&#x94B;&#x930;&#x947;&#x936;&#x928; &#x916;&#x930;&#x940;&#x926;&#x947;&#x902;, &#x90F;&#x938;&#x92C;&#x940;&#x906;&#x908; &#x932;&#x93E;&#x907;&#x92B; &#x907;&#x902;&#x936;&#x94D;&#x200D;&#x92F;&#x94B;&#x930;&#x947;&#x902;&#x938; &#x915;&#x902;&#x92A;&#x928;&#x940; &#x92C;&#x947;&#x91A;&#x947;&#x902; : &#x930;&#x93F;&#x932;&#x93E;&#x92F;&#x902;&#x938; &#x938;&#x93F;&#x915;&#x94D;&#x92F;&#x94B;&#x930;&#x93F;&#x91F;&#x940;&#x91C;",sharemanthan.in,https://www.sharemanthan.in/technical-tips/intraday-tips/73902-reliance-secrities-market-lens-intraday-calls-20240129,Filtered by BigQueryGKGExtractor
20240129073000-748,ICICI Pru Life Share Price: ICICI Pru Life shares  up  0.95% as Sensex  rises,indiatimes.com,https://economictimes.indiatimes.com/markets/stocks/stock-watch/icici-pru-life-shares-up-0-95-as-sensex-rises/articleshow/107222586.cms,Filtered by BigQueryGKGExtractor
20240129080000-920,ICICI Lombard Share Price: ICICI Lombard shares  gain  0.11% as Sensex  rises,indiatimes.com,https://economictimes.indiatimes.com/markets/stocks/stock-watch/icici-lombard-shares-gain-0-11-as-sensex-rises/articleshow/107223883.cms,Filtered by BigQueryGKGExtractor
20240129081500-79,Karnataka Bank plans to raise Rs 100 crore equity from ICICI Lombard,indiainfoline.com,https://www.indiainfoline.com/article/news-top-story/karnataka-bank-plans-to-raise-rs-crore-equity-from-icici-lombard-1706513889940_1.html,Filtered by BigQueryGKGExtractor
20240130043000-543,SBI vs HDFC vs ICICI vs PNB vs BoB vs Kotak vs Axis: Which bank is offering the highest interest rate on fixed deposits?,livemint.com,https://www.livemint.com/money/personal-finance/sbi-vs-hdfc-vs-icici-vs-pnb-vs-bob-vs-kotak-vs-axis-which-bank-is-offering-the-highest-interest-rate-on-fixed-deposits-11706583491937.html,Filtered by BigQueryGKGExtractor
20240130060000-656,ICICI Pru Life Share Price: ICICI Pru Life shares  gain  0.75% as Sensex  falls,indiatimes.com,https://economictimes.indiatimes.com/markets/stocks/stock-watch/icici-pru-life-shares-gain-0-75-as-sensex-falls/articleshow/107249892.cms,Filtered by BigQueryGKGExtractor
20240130060000-1049,ICICI Lombard Share Price: ICICI Lombard shares  rise  0.77 per cent in Tuesday's trading session,indiatimes.com,https://economictimes.indiatimes.com/markets/stocks/stock-watch/icici-lombard-shares-rise-0-77-per-cent-in-tuesdays-trading-session/articleshow/107250416.cms,Filtered by BigQueryGKGExtractor
20240130091500-1194,ICICI Venture-backed Epack Durable drops on stock market debut,vccircle.com,https://www.vccircle.com/iciciventure-backed-epack-durable-drops-on-stock-market-debut,Filtered by BigQueryGKGExtractor
20240130183000-1359,"Axis, ICICI go slow on hiring, HDFC Bank pushing ahead",livemint.com,https://www.livemint.com/industry/banking/axis-icici-go-slow-on-hiring-hdfc-bank-pushing-ahead-11706636288212.html,Filtered by BigQueryGKGExtractor
20240131051500-989,ICICI Direct's new campaign promotes inclusivity and balance in financial goals: Best Media Info,bestmediainfo.com,https://bestmediainfo.com/2024/01/icici-direct-s-new-campaign-promotes-inclusivity-and-balance-in-financial-goals,Filtered by BigQueryGKGExtractor
20240131073000-1030,ICICI Pru Life Share Price: ICICI Pru Life shares  rise  1.67% as Nifty  gains,indiatimes.com,https://economictimes.indiatimes.com/markets/stocks/stock-watch/icici-pru-life-shares-rise-1-67-as-nifty-gains/articleshow/107284192.cms,Filtered by BigQueryGKGExtractor
