audit_id,article_id,date_extracted,timestamp_basis,source,headline,url,human_label,human_notes
ITC_JAN25_AUDIT_001,dd9c0a204ba61c10c82a32ba13d22f544e091c8f,,gdelt_gkg_observation,financialexpress.com,"Stocks To Watch: ITC, Thomas Cook, ITD Cementation, Piramal Enterprises, Kalpataru Projects, Kirloskar Industries, SJVN, Sun Pharma",https://www.financialexpress.com/market/stocks-to-watch-itc-thomas-cook-itd-cementation-piramal-enterprises-kalpataru-projects-kirloskar-industries-sjvn-sun-pharma-3704791,INDIRECTLY_RELEVANT,Market commentary including ITC.NS.
ITC_JAN25_AUDIT_002,9618b9e056a0a2b0de08b16883f9a7988532a823,,gdelt_gkg_observation,indiatimes.com,"Stocks in news: Stocks in news: ITC, Orient Cement, Surya Roshni and Newgen Software",https://economictimes.indiatimes.com/markets/stocks/news/stocks-in-news-itc-orient-cement-surya-roshni-and-newgen-software/articleshow/116838017.cms,INDIRECTLY_RELEVANT,Market commentary including ITC.NS.
ITC_JAN25_AUDIT_003,c68abc45ea0c548ce7cf597523b68222cb80fde9,,gdelt_gkg_observation,moneycontrol.com,"Stocks to Watch Today: Kalpataru Projects, ITC, SJVN, Newgen Software, Utkarsh SFB, TVS Holdings in focus on 1 January",https://www.moneycontrol.com/news/business/markets/stocks-to-watch-today-kalpataru-projects-itc-sjvn-newgen-software-utkarsh-sfb-tvs-holdings-in-focus-on-1-january-12901387.html,INDIRECTLY_RELEVANT,Market commentary including ITC.NS.
ITC_JAN25_AUDIT_004,81ad23f4f2554f96de7b054b44a4fa7a4aff4ed3,,gdelt_gkg_observation,indiatimes.com,ITC shares in focus as hotels' demerger commences today,https://economictimes.indiatimes.com/markets/stocks/news/itc-shares-in-focus-as-hotels-demerger-commences-today/articleshow/116843903.cms,DIRECTLY_RELEVANT,"Direct operational earnings, demerger progress, corporate action, or stock price movement for ITC Limited."
ITC_JAN25_AUDIT_005,8af6dd3025efa792ca67e84c5ace1583f68d1a97,,gdelt_gkg_observation,businesstoday.in,"ITC Hotels demerger: Stock listing date, share price calculation, F&O inclusion & more",https://www.businesstoday.in/markets/stocks/story/itc-hotels-demerger-stock-listing-date-share-price-calculation-fo-inclusion-more-459177-2025-01-01,DIRECTLY_RELEVANT,"Direct operational earnings, demerger progress, corporate action, or stock price movement for ITC Limited."
ITC_JAN25_AUDIT_006,efbeeac514be96ae287989631da6862e7890255f,,gdelt_gkg_observation,businesstoday.in,"Stocks in news today: ITC, Sun Pharma, Piramal Enterprises, SJVN, Utkarsh SFB & LT Foods",https://www.businesstoday.in/markets/story/stocks-in-news-today-itc-sun-pharma-piramal-enterprises-sjvn-utkarsh-sfb-lt-foods-459175-2025-01-01,INDIRECTLY_RELEVANT,Market commentary including ITC.NS.
ITC_JAN25_AUDIT_007,67e298355e51a1214fe26a7f1ec74458a7b0717b,,gdelt_gkg_observation,businesstoday.in,"ITC, ICICI Bank, Indus Towers: Key support & resistance levels for these 3 stocks",https://www.businesstoday.in/markets/company-stock/story/itc-icici-bank-indus-towers-key-support-resistance-levels-for-these-3-stocks-459178-2025-01-01,DIRECTLY_RELEVANT,Direct operational performance or securities action of ITC.
ITC_JAN25_AUDIT_008,168fe0bcc440268f1fb4244453124a752fb22acf,,gdelt_gkg_observation,business-standard.com,"Stocks to Watch: नए साल में Auto stocks, ITC, Sun Pharma और Piramal Ent पर रखें नजर - stocks to watch keep an eye on auto stocks itc sun pharma and piramal ent in the new year",https://hindi.business-standard.com/markets/stocks-to-watch-keep-an-eye-on-auto-stocks-itc-sun-pharma-and-piramal-ent-in-the-new-year-id-399129,INDIRECTLY_RELEVANT,Market commentary including ITC.NS.
ITC_JAN25_AUDIT_009,0dd817c2cda7aea562d6f5225c8185b85bf76fc2,,gdelt_gkg_observation,businesstoday.in,"ITC, HDFC Bank, RIL, M&M: Nifty stocks to consider in 2025",https://www.businesstoday.in/markets/stocks/story/itc-hdfc-bank-ril-mm-nifty-stocks-to-consider-in-2025-459191-2025-01-01,INDIRECTLY_RELEVANT,Market commentary including ITC.NS.
ITC_JAN25_AUDIT_010,b457855046a45e8e5d92dfcf33da7c2c4a46f31b,,gdelt_gkg_observation,indiatimes.com,ITC | ITC share price | ITC Hotels: Expect Rs 20 gain per share of ITC from ITC Hotels listing if duty remains unchanged: Amnish Aggarwal,https://economictimes.indiatimes.com/markets/expert-view/expect-rs-20-gain-per-share-of-itc-from-itc-hotels-listing-if-duty-remains-unchanged-amnish-aggarwal/articleshow/116847919.cms,DIRECTLY_RELEVANT,"Direct operational earnings, demerger progress, corporate action, or stock price movement for ITC Limited."
ITC_JAN25_AUDIT_011,dd11eb85de59100e8b2054ea43699022a2625962,,gdelt_gkg_observation,news18.com,"Stocks to Watch on January 1: SJVN, Kalpataru, ITC, Sun Pharma, Piramal Enterprises, LT Foods",https://www.news18.com/business/markets/stocks-to-watch-on-january-1-sjvn-kalpataru-itc-sun-pharma-piramal-enterprises-lt-foods-9174284.html,INDIRECTLY_RELEVANT,Market commentary including ITC.NS.
ITC_JAN25_AUDIT_012,ae8080d8e0dd7a9a7f4e711a11aef27d92653ac4,,gdelt_gkg_observation,businesstoday.in,"ITC shares at Rs 500, ITC Hotels stock at Rs 150-175? What analysts say",https://www.businesstoday.in/markets/stocks/story/itc-shares-at-rs-500-itc-hotels-stock-at-rs-150-175-what-analysts-say-459198-2025-01-01,DIRECTLY_RELEVANT,"Direct operational earnings, demerger progress, corporate action, or stock price movement for ITC Limited."
ITC_JAN25_AUDIT_013,bb78dcb8e59cae8bed694fccd62b5cad9ef38a1f,,gdelt_gkg_observation,business-standard.com,"ITC Hotels demerger: आईटीसी होटल्स का डीमर्जर हुआ प्रभावी, निवेशकों के लिए क्या है इसके मायने ? - itc hotels demerger itc hotels demerger what does it mean for influential investors",https://hindi.business-standard.com/companies/itc-hotels-demerger-itc-hotels-demerger-what-does-it-mean-for-influential-investors-id-399294,DIRECTLY_RELEVANT,"Direct operational earnings, demerger progress, corporate action, or stock price movement for ITC Limited."
ITC_JAN25_AUDIT_014,5863456b40d76a3b30fc86f62db4bf4f0b95fe0f,,gdelt_gkg_observation,businesstoday.in,"Buy ITC shares, ITC Hotels demerger positive, says Centrum; here's target price",https://www.businesstoday.in/markets/stocks/story/buy-itc-shares-itc-hotels-demerger-positive-says-centrum-heres-target-price-459260-2025-01-02,DIRECTLY_RELEVANT,"Direct operational earnings, demerger progress, corporate action, or stock price movement for ITC Limited."
ITC_JAN25_AUDIT_015,33ad8aac747225754b268027fee343b4d0ed1a74,,gdelt_gkg_observation,indiatimes.com,ITC Hotels share listing price can go up to Rs 300 after demerger. What brokerages say,https://economictimes.indiatimes.com/markets/stocks/news/itc-hotels-share-listing-price-can-go-up-to-rs-300-after-demerger-what-brokerages-say/articleshow/116874217.cms,DIRECTLY_RELEVANT,"Direct operational earnings, demerger progress, corporate action, or stock price movement for ITC Limited."
ITC_JAN25_AUDIT_016,a0306d4fce0316928430632d3a1bb332e0731c05,,gdelt_gkg_observation,thehindubusinessline.com,ITC shares rise 0.67% following hotels business demerger - The Hindu BusinessLine,https://www.thehindubusinessline.com/markets/stock-markets/itc-shares-rise-067-following-hotels-business-demerger/article69052923.ece,DIRECTLY_RELEVANT,"Direct operational earnings, demerger progress, corporate action, or stock price movement for ITC Limited."
ITC_JAN25_AUDIT_017,40e387b2f8b0d762151bf1b65a743c82a592b3f2,,gdelt_gkg_observation,rediff.com,ITC Hotels' demerger to mirror Reliance Industries-Jio Financial playbook,https://www.rediff.com/business/report/itc-hotels-demerger-to-mirror-reliance-industries-jio-financial-playbook/20250102.htm,DIRECTLY_RELEVANT,"Direct operational earnings, demerger progress, corporate action, or stock price movement for ITC Limited."
ITC_JAN25_AUDIT_018,112eb53bbb510436dce1a6b675be0e3630b4fe99,,gdelt_gkg_observation,rediff.com,ITC demerger: Analysts upbeat on ITC share outlook; support seen at Rs 442,https://www.rediff.com/business/report/itc-demerger-analysts-upbeat-on-itc-share-outlook-support-seen-at-rs-442/20250102.htm,DIRECTLY_RELEVANT,"Direct operational earnings, demerger progress, corporate action, or stock price movement for ITC Limited."
ITC_JAN25_AUDIT_019,e24947706882697d3651fd8cd83d9d8d68796a61,,gdelt_gkg_observation,financialexpress.com,ITC Share demerger: When will you get the ITC Hotel shares in your account?,https://www.financialexpress.com/market/itc-share-demerger-when-will-you-get-the-itc-hotel-shares-in-your-account-3705751,DIRECTLY_RELEVANT,"Direct operational earnings, demerger progress, corporate action, or stock price movement for ITC Limited."
ITC_JAN25_AUDIT_020,419b441aaf193cb0d70517a4c0d2c6c2327732da,,gdelt_gkg_observation,indiatimes.com,"Stocks in news: Stocks in news: DMart, ITC, Hero MotoCorp, Pricol, NHPC",https://economictimes.indiatimes.com/markets/stocks/news/stocks-in-news-dmart-itc-hero-motocorp-pricol-nhpc/articleshow/116892405.cms,INDIRECTLY_RELEVANT,Market commentary including ITC.NS.
ITC_JAN25_AUDIT_021,39ea92bf1d794b205475e1f425c1f89ee926c69d,,gdelt_gkg_observation,moneycontrol.com,"Trade Spotlight: How should you trade Kotak Mahindra Bank, Kalyan Jewellers, HCL Technologies, ITC, PB Fintech, and others on January 3?",https://www.moneycontrol.com/news/business/markets/trade-spotlight-how-should-you-trade-kotak-mahindra-bank-kalyan-jewellers-hcl-technologies-itc-pb-fintech-and-others-on-january-3-12902467.html,INDIRECTLY_RELEVANT,Indirect corporate/market mention.
ITC_JAN25_AUDIT_022,2238f92723c04ef2ef25f353f09eaaf62f1f22fe,,gdelt_gkg_observation,indiatimes.com,ITC Hotels to be 51st Nifty stock in dummy form till listing. Last day to buy today before demerger,https://economictimes.indiatimes.com/markets/stocks/news/itc-hotels-to-be-51st-nifty-stock-in-dummy-form-till-listing-last-day-to-buy-today-before-demerger/articleshow/116900833.cms,DIRECTLY_RELEVANT,"Direct operational earnings, demerger progress, corporate action, or stock price movement for ITC Limited."
ITC_JAN25_AUDIT_023,684535d51850c2c84bfaec5a6750cdd047317a60,,gdelt_gkg_observation,news18.com,"Stocks To Watch: Tata Motors, ITC, DMart, IRFC, Varun Beverages, IOC, And Others",https://www.news18.com/business/markets/stocks-to-watch-tata-motors-itc-dmart-irfc-varun-beverages-ioc-and-others-9175754.html,INDIRECTLY_RELEVANT,Market commentary including ITC.NS.
ITC_JAN25_AUDIT_024,238b9f78f282f2b2fb3e0691df0aa06f61961909,,gdelt_gkg_observation,moneycontrol.com,"ITC Hotels Demerger: Final boarding call to hop on before the D-day, here's all you need to know",https://www.moneycontrol.com/news/business/markets/itc-demerger-final-boarding-call-to-hop-on-before-the-d-day-all-you-need-to-know-12902525.html,DIRECTLY_RELEVANT,"Direct operational earnings, demerger progress, corporate action, or stock price movement for ITC Limited."
ITC_JAN25_AUDIT_025,cddaf818d7859bc79e9e7179c0f426d25f361097,,gdelt_gkg_observation,thehindubusinessline.com,Explained: ITC's strategic demerger of its hotel business - The Hindu BusinessLine,https://www.thehindubusinessline.com/companies/explained-itcs-strategic-demerger-of-its-hotel-business/article69056574.ece,DIRECTLY_RELEVANT,Direct operational performance or securities action of ITC.
ITC_JAN25_AUDIT_026,524e3564eebf15277bdbf35419a9cfed39a52e03,,gdelt_gkg_observation,livehindustan.com,"today is the last chance to buy itc shares before demerger it will be the 51st stock in nifty and 31st in Sensex डीमर्जर से पहले ITC के शेयर खरीदने का आज आखिरी मौका, निफ्टी का 51वां और सेंसेक्स में 31वां स्टॉक होगा, Business Hindi News",https://www.livehindustan.com/business/today-is-the-last-chance-to-buy-itc-shares-before-demerger-it-will-be-the-51st-stock-in-nifty-and-31st-in-sensex-201735887968816.html,DIRECTLY_RELEVANT,"Direct operational earnings, demerger progress, corporate action, or stock price movement for ITC Limited."
ITC_JAN25_AUDIT_027,095f621e2f60fc6720f6318bfde1c68b6e677c20,,gdelt_gkg_observation,wn.com,Explained: ITC's strategic demerger of its hotel business,https://article.wn.com/view/2025/01/03/Explained_ITC_s_strategic_demerger_of_its_hotel_business,DIRECTLY_RELEVANT,Direct operational performance or securities action of ITC.
ITC_JAN25_AUDIT_028,89d56fccc747a1f66764c9017d3c8cd60cce23ee,,gdelt_gkg_observation,indiatimes.com,"markets: ITC Hotels could see market cap of Rs 30,000-35,000 crore post-listing: Prashant Biyani",https://economictimes.indiatimes.com/markets/expert-view/itc-hotels-could-see-market-cap-of-rs-30000-35000-crore-post-listing-prashant-biyani/articleshow/116907856.cms,DIRECTLY_RELEVANT,"Direct operational earnings, demerger progress, corporate action, or stock price movement for ITC Limited."
ITC_JAN25_AUDIT_029,3f0a7374dd6aa564332d70690f9ee98d82893abd,,gdelt_gkg_observation,financialexpress.com,"What will be the price of ITC Hotels share? Listing date, price, valuation and all other details",https://www.financialexpress.com/market/what-will-be-the-price-of-itc-hotels-share-listing-date-price-valuation-and-all-other-details-3706544,DIRECTLY_RELEVANT,"Direct operational earnings, demerger progress, corporate action, or stock price movement for ITC Limited."
ITC_JAN25_AUDIT_030,a55519496da5793713bacd3642e5bc7f7901e65f,,gdelt_gkg_observation,skift.com,ITC Hotels' Demerger Takes Effect: What it Means for India's Hospitality Market,https://skift.com/2025/01/03/itc-hotels-demerger-takes-effect-what-it-means-for-indias-hospitality-market,DIRECTLY_RELEVANT,"Direct operational earnings, demerger progress, corporate action, or stock price movement for ITC Limited."
ITC_JAN25_AUDIT_031,e6180c5672176c54dee958b4c6e471c026a30af1,,gdelt_gkg_observation,moneycontrol.com,"Demerged ITC Hotels stock could get listed at Rs 150-175, says Nuvama; Nomura pegs range at Rs 200-300",https://www.moneycontrol.com/news/business/markets/demerged-itc-hotels-stock-could-get-listed-at-rs-150-175-says-nuvama-nomura-pegs-range-at-rs-200-300-12902894.html,DIRECTLY_RELEVANT,"Direct operational earnings, demerger progress, corporate action, or stock price movement for ITC Limited."
ITC_JAN25_AUDIT_032,837636b4e5d8de38d48fa66b99dda03743b56e91,,gdelt_gkg_observation,timesnownews.com,ITC Hotels Joins Nifty As Dummy Stock: Last Chance To Buy Before Demerger,https://www.timesnownews.com/business-economy/markets/itc-hotels-joins-nifty-as-dummy-stock-last-chance-to-buy-before-demerger-article-116904692,DIRECTLY_RELEVANT,"Direct operational earnings, demerger progress, corporate action, or stock price movement for ITC Limited."
ITC_JAN25_AUDIT_033,88473a91feecfcf3c9fd96e5aae20495ac38d5eb,,gdelt_gkg_observation,financialexpress.com,"Market cap of HDFC Bank, TCS, SBI decline nearly by Rs 1 lakh crore this week; RIL, ITC emerge winners",https://www.financialexpress.com/market/market-cap-of-hdfc-bank-tcs-sbi-decline-nearly-by-rs-1-lakh-crore-this-week-ril-itc-emerge-winners-3707624,INDIRECTLY_RELEVANT,Indirect corporate/market mention.
ITC_JAN25_AUDIT_034,e4eec87052769773eff29967109c4b1db40a4e1d,,gdelt_gkg_observation,livehindustan.com,"FMCG Sector companies Struggle in September Quarter HUL, ITC, टाटा कंज्यूमर जैसी FMCG सेक्टर की कंपनियों पर बनाए रखें नजर, इस रिपोर्ट ने बढ़ाई टेंशन, Business Hindi News",https://www.livehindustan.com/business/fmcg-sector-companies-struggle-in-september-quarter-201736072647847.html,DIRECTLY_RELEVANT,Direct operational performance or securities action of ITC.
ITC_JAN25_AUDIT_035,10da615ce4016a0e2969e9bc925dc7563dcbbc9e,,gdelt_gkg_observation,indiatimes.com,"Post-Adani exit, Wilmar to emulate ITC; leverage cash-cow oil business to expand FMCG portfolio",https://economictimes.indiatimes.com/industry/cons-products/fmcg/post-adani-exit-wilmar-to-emulate-itc-leverage-cash-cow-oil-business-to-expand-fmcg-portfolio/articleshow/116967807.cms,DIRECTLY_RELEVANT,Direct operational performance or securities action of ITC.
ITC_JAN25_AUDIT_036,70cdccd4f25edf2c13b9184d8e2a09eb309f26cd,,gdelt_gkg_observation,business-standard.com,"Adani के अलग होने के बाद ITC के नक्शेकदों पर चलेगी Wilmar, FMCG मार्केट में कैसे जमाएगी पैर? सामने रखा ब्लूप्रिंट - after the separation of adani wilmar will follow the footsteps of itc blueprint put forward on how it will establish its foothold in the fmcg market",https://hindi.business-standard.com/companies/after-the-separation-of-adani-wilmar-will-follow-the-footsteps-of-itc-blueprint-put-forward-on-how-it-will-establish-its-foothold-in-the-fmcg-market-id-400460,DIRECTLY_RELEVANT,Direct operational performance or securities action of ITC.
ITC_JAN25_AUDIT_037,c3672ec0b2ff7729fa8608a3ad7e7bde5e0c897a,,gdelt_gkg_observation,deccanherald.com,"Post-Adani exit, Wilmar to emulate ITC; leverage cash-cow oil business to expand FMCG portfolio",https://www.deccanherald.com/business/post-adani-exit-wilmar-to-emulate-itc-leverage-cash-cow-oil-business-to-expand-fmcg-portfolio-3342262,DIRECTLY_RELEVANT,Direct operational performance or securities action of ITC.
ITC_JAN25_AUDIT_038,16f21e5b7b098512970c0ded7834fa3f3550dbb9,,gdelt_gkg_observation,moneycontrol.com,"Post-Adani exit, Wilmar to emulate ITC; leverage cash-cow oil business to expand FMCG portfolio",https://www.moneycontrol.com/news/business/companies/post-adani-exit-wilmar-to-emulate-itc-leverage-cash-cow-oil-business-to-expand-fmcg-portfolio-12903705.html,DIRECTLY_RELEVANT,Direct operational performance or securities action of ITC.
ITC_JAN25_AUDIT_039,925eae173bc910efa1f9ec131ec6032474104d33,,gdelt_gkg_observation,indiatimes.com,"Adani Wilmar: Post-Adani exit, Wilmar to emulate ITC; leverage cash-cow oil business to expand FMCG portfolio, ET Retail",https://retail.economictimes.indiatimes.com/news/food-entertainment/personal-care-pet-supplies-liquor/post-adani-exit-wilmar-to-emulate-itc-leverage-cash-cow-oil-business-to-expand-fmcg-portfolio/116971169,DIRECTLY_RELEVANT,Direct operational performance or securities action of ITC.
ITC_JAN25_AUDIT_040,889fb29ac8e971101ad5efd549ab5d326bb551a3,,gdelt_gkg_observation,indiatimes.com,"Stocks in news: Stocks in news: ITC, HDFC Bank, Adani Wilmar, Kotak Bank, HUL",https://economictimes.indiatimes.com/markets/stocks/news/stocks-in-news-itc-hdfc-bank-adani-wilmar-kotak-bank-hul/articleshow/116970960.cms,INDIRECTLY_RELEVANT,Market commentary including ITC.NS.
ITC_JAN25_AUDIT_041,654ba79678c34d295f051570d3ecd1a9da1631cf,,gdelt_gkg_observation,indiatimes.com,ITC demerger: ITC demerger: Stock exchanges to hold special session today to set ITC Hotels share price,https://economictimes.indiatimes.com/markets/stocks/news/itc-demerger-stock-exchanges-to-hold-special-session-today-to-set-itc-hotels-share-price/articleshow/116977022.cms,DIRECTLY_RELEVANT,"Direct operational earnings, demerger progress, corporate action, or stock price movement for ITC Limited."
ITC_JAN25_AUDIT_042,88eb8bce6950e1e54702c3f0b5cf2ed5a63ea20c,,gdelt_gkg_observation,moneycontrol.com,"Stocks to Watch Today: ITC, HDFC Bank, Bajaj Finance, AU SFB, Nykaa, HG Infra, Brigade Enterprises, NTPC Green, Marico, Bank of Baroda in focus on 6 January",https://www.moneycontrol.com/news/business/markets/stocks-to-watch-today-itc-hdfc-bank-bajaj-finance-au-sfb-nykaa-hg-infra-brigade-enterprises-ntpc-green-marico-bank-of-baroda-in-focus-on-6-january-12903688.html,INDIRECTLY_RELEVANT,Market commentary including ITC.NS.
ITC_JAN25_AUDIT_043,1ed6f086549d1a47d722ed48fb765c9f118b9173,,gdelt_gkg_observation,businesstoday.in,"Stocks in news: HDFC Bank, ICICI Bank, ITC, Bajaj Finance, Vedanta, NTPC Green, Nykaa & Tata Elxsi",https://www.businesstoday.in/markets/story/stocks-in-news-hdfc-bank-icici-bank-itc-bajaj-finance-vedanta-ntpc-green-nykaa-tata-elxsi-459647-2025-01-06,INDIRECTLY_RELEVANT,Market commentary including ITC.NS.
ITC_JAN25_AUDIT_044,ab6940f115c64288a58da5686b6e8ce46db9a58a,,gdelt_gkg_observation,indiatimes.com,ITC shares in focus as stock exchanges hold special session to set ITC hotels share price,https://economictimes.indiatimes.com/markets/stocks/news/itc-shares-in-focus-as-stock-exchanges-hold-special-session-to-set-itc-hotels-share-price/articleshow/116977904.cms,DIRECTLY_RELEVANT,"Direct operational earnings, demerger progress, corporate action, or stock price movement for ITC Limited."
ITC_JAN25_AUDIT_045,bfce24e87dbf4f6e31d05032b25c3b7cc6810247,,gdelt_gkg_observation,wn.com,"Stocks To Watch: HDFC Bank, ITC, Nykaa, Adani Wilmar, Coal India, HUL, And Others",https://article.wn.com/view/2025/01/06/Stocks_To_Watch_HDFC_Bank_ITC_Nykaa_Adani_Wilmar_Coal_India_,INDIRECTLY_RELEVANT,Market commentary including ITC.NS.
ITC_JAN25_AUDIT_046,a456699d1811166c4518e034a856a51bc17632d3,,gdelt_gkg_observation,business-standard.com,ITC शेयरहोल्डर्स के लिए आज बड़ा दिन! BSE और NSE पर स्पेशल सेशन; जानें क्या है इसका मतलब - today is a big day for itc shareholders special session on bse and nse,https://hindi.business-standard.com/markets/share-market/today-is-a-big-day-for-itc-shareholders-special-session-on-bse-and-nse-id-400622,DIRECTLY_RELEVANT,"Direct operational earnings, demerger progress, corporate action, or stock price movement for ITC Limited."
ITC_JAN25_AUDIT_047,4e3996ef24d0fa56800289df88448ed01a23cf63,,gdelt_gkg_observation,financialexpress.com,"Stocks To Watch: ITC, HDFC Bank, NTPC Green, Vedanta, Bajaj Finance, Brigade Enterprises, ICICI Bank, Kotak Mahindra Bank, JSW Infra",https://www.financialexpress.com/market/stocks-to-watch-itc-hdfc-bank-ntpc-green-vedanta-bajaj-finance-brigade-enterprises-icici-bank-kotak-mahindra-bank-jsw-infra-3707829,INDIRECTLY_RELEVANT,Market commentary including ITC.NS.
ITC_JAN25_AUDIT_048,5dde1453422323b459471146169e8e6e29ad7cd2,,gdelt_gkg_observation,news18.com,"ITC Demerger: BSE, NSE To Hold Special Session To Set ITC Hotels Share Price",https://www.news18.com/business/markets/itc-demerger-bse-nse-to-hold-special-session-to-set-itc-hotels-share-price-9178089.html,DIRECTLY_RELEVANT,"Direct operational earnings, demerger progress, corporate action, or stock price movement for ITC Limited."
ITC_JAN25_AUDIT_049,89b02c99ff933d10d643fafe4c3c328ee999ebc1,,gdelt_gkg_observation,news18.com,"Stocks To Watch: HDFC Bank, ITC, Nykaa, Adani Wilmar, Coal India, HUL, And Others",https://www.news18.com/business/markets/stocks-to-watch-hdfc-bank-itc-nykaa-adani-wilmar-coal-india-hul-and-others-9178038.html,INDIRECTLY_RELEVANT,Market commentary including ITC.NS.
ITC_JAN25_AUDIT_050,b110697a5b1a32b1bf4c4ed581db8cd07af82660,,gdelt_gkg_observation,livehindustan.com,"ITC Demerger Record date today Stock Market holds special session for ITC Hotels share price ITC के लिए आज बड़ा दिन, अलग हो रहा है होटल बिजनेस, जानें कब से खरीद और बेच पाएंगे शेयर, Business Hindi News",https://www.livehindustan.com/business/itc-demerger-record-date-today-stock-market-holds-special-session-for-itc-hotels-share-price-201736133220399.html,DIRECTLY_RELEVANT,"Direct operational earnings, demerger progress, corporate action, or stock price movement for ITC Limited."
ITC_JAN25_AUDIT_051,ef22ac5a1bef0f0117ef03c940e058b87effac35,,gdelt_gkg_observation,indiatimes.com,ITC share price adjusts by Rs 26 on NSE as stock trades ex-demerger of hotels biz,https://economictimes.indiatimes.com/markets/stocks/news/itc-share-price-adjusts-by-rs-26-on-nse-as-stock-trades-ex-demerger-of-hotels-biz/articleshow/116981313.cms,DIRECTLY_RELEVANT,"Direct operational earnings, demerger progress, corporate action, or stock price movement for ITC Limited."
ITC_JAN25_AUDIT_052,5ad17d800eff4267b4c7ddb8c1a5a9fd9249188e,,gdelt_gkg_observation,businesstoday.in,ITC shares turn ex-demerger; key things stock investors should know about ITC Hotels listing,https://www.businesstoday.in/markets/stocks/story/itc-shares-turn-ex-demerger-key-things-stock-investors-should-know-about-itc-hotels-listing-459664-2025-01-06,DIRECTLY_RELEVANT,"Direct operational earnings, demerger progress, corporate action, or stock price movement for ITC Limited."
ITC_JAN25_AUDIT_053,d245b1c93d4b2732cd245b05e6bcc1c2baae6e74,,gdelt_gkg_observation,businesstoday.in,ITC falls 6% as stock trades ex-demerger; ITC Hotels update & more,https://www.businesstoday.in/markets/company-stock/story/itc-falls-6-as-stock-trades-ex-demerger-itc-hotels-update-more-459662-2025-01-06,DIRECTLY_RELEVANT,"Direct operational earnings, demerger progress, corporate action, or stock price movement for ITC Limited."
ITC_JAN25_AUDIT_054,8acf335713d899884e221049761a436a6ab26426,,gdelt_gkg_observation,thehindu.com,"ITC hotels demerger: Shares falls 5% to ""discover"" price after hotels business spin off",https://www.thehindu.com/business/itc-hotels-demerger-shares-falls-5-to-discover-price-after-hotels-business-spin-off/article69067156.ece,DIRECTLY_RELEVANT,"Direct operational earnings, demerger progress, corporate action, or stock price movement for ITC Limited."
ITC_JAN25_AUDIT_055,5e733637bbe87e63fb3cd86750300e7c0a5f6392,,gdelt_gkg_observation,businesstoday.in,"ITC Hotels demerger: ITC shares to turn ex-date today; target prices, listing date & more",https://www.businesstoday.in/markets/stocks/story/itc-hotels-demerger-itc-shares-to-turn-ex-date-today-target-prices-listing-date-more-459649-2025-01-06,DIRECTLY_RELEVANT,"Direct operational earnings, demerger progress, corporate action, or stock price movement for ITC Limited."
ITC_JAN25_AUDIT_056,8ce9dc0e93d35d5d3d4e390ccdaee406f435086f,,gdelt_gkg_observation,yourstory.com,"Post-Adani exit, Wilmar to emulate ITC; leverage cash-cow oil business to expand FMCG portfolio",https://yourstory.com:443/2025/01/post-adani-exit-wilmar-emulate-itc-expand-fmcg-portfolio,DIRECTLY_RELEVANT,Direct operational performance or securities action of ITC.
ITC_JAN25_AUDIT_057,8b9056a0aed0b5dbee5e31ee102522a7762749a7,,gdelt_gkg_observation,thehindubusinessline.com,"ITC Hotels Demerger & Share Price Live Updates: ITC shares fall 5%, stock to turn ex-date today",https://www.thehindubusinessline.com/markets/stock-markets/itc-hotels-demerger-itc-hotels-share-price-live-updates/article69066936.ece,DIRECTLY_RELEVANT,"Direct operational earnings, demerger progress, corporate action, or stock price movement for ITC Limited."
ITC_JAN25_AUDIT_058,095bd077416578b097c5a42bd352ef3a76e7b9dc,,gdelt_gkg_observation,livehindustan.com,"ITC Demerger hotel business split check new stock price ITC से अलग हुआ होटल बिजनेस, जानें अब क्या है नया शेयर प्राइस?, Business Hindi News",https://www.livehindustan.com/business/itc-demerger-hotel-business-split-check-new-stock-price-201736142302515.html,DIRECTLY_RELEVANT,"Direct operational earnings, demerger progress, corporate action, or stock price movement for ITC Limited."
ITC_JAN25_AUDIT_059,c0526ac87641107032504daea9c4666013ba916a,,gdelt_gkg_observation,moneycontrol.com,ITC: Demerger to improve return profile for the existing business,https://www.moneycontrol.com/news/business/stocks/itc-demerger-to-improve-return-profile-for-the-existing-business-12903827.html,DIRECTLY_RELEVANT,Direct operational performance or securities action of ITC.
ITC_JAN25_AUDIT_060,82de50893e97efa55e9cee8ff471ede489d42628,,gdelt_gkg_observation,news18.com,ITC Demerger: ITC Shares Trade At Rs 455.8 After Special Session For Price Discovery; Check Details,https://www.news18.com/business/markets/itc-demerger-itc-shares-trade-at-rs-455-8-after-special-session-for-price-discovery-check-details-9178167.html,DIRECTLY_RELEVANT,"Direct operational earnings, demerger progress, corporate action, or stock price movement for ITC Limited."
ITC_JAN25_AUDIT_061,c84ee66e45af01c1dc0ca3395afd166644678872,,gdelt_gkg_observation,theweek.in,ITC declines as stock trades post demerger of hotels business,https://www.theweek.in/news/biz-tech/2025/01/06/itc-declines-in-price-discovery-after-demerger-of-hotels-business.html,DIRECTLY_RELEVANT,Direct operational performance or securities action of ITC.
ITC_JAN25_AUDIT_062,2d0ad339f8d3d397f36913e3eb861a41b6e0c28d,,gdelt_gkg_observation,theweek.in,ITC shares adjust after hotels biz demerger,https://www.theweek.in/wire-updates/business/2025/01/06/dcm14--biz-stocks-itc.html,DIRECTLY_RELEVANT,"Direct operational earnings, demerger progress, corporate action, or stock price movement for ITC Limited."
ITC_JAN25_AUDIT_063,e4221c86815cee87fa65e0a26206bcc58f3dffbc,,gdelt_gkg_observation,punjabkesari.in,"ITC Hotels का ऐतिहासिक विभाजन से शेयर बाजार में हलचल, निवेशकों की नजर लिस्टिंग पर - historic split of itc hotels creates stir in stock market",https://www.punjabkesari.in/national/news/historic-split-of-itc-hotels-creates-stir-in-stock-market-2085434,DIRECTLY_RELEVANT,"Direct operational earnings, demerger progress, corporate action, or stock price movement for ITC Limited."
ITC_JAN25_AUDIT_064,15746d350a16067a27900e7a67d83776e3ae56aa,,gdelt_gkg_observation,wn.com,ITC Demerger: ITC Shares Trade At Rs 455.8 After Special Session For Price Discovery; Check Details,https://article.wn.com/view/2025/01/06/ITC_Demerger_ITC_Shares_Trade_At_Rs_4558_After_Special_Sessi,DIRECTLY_RELEVANT,"Direct operational earnings, demerger progress, corporate action, or stock price movement for ITC Limited."
ITC_JAN25_AUDIT_065,7ef349a044ce4dbc50d4c011869caa14309fdc76,,gdelt_gkg_observation,indiatimes.com,ITC Hotels demerger: 6 reasons why it is a win-win for ITC shareholders,https://economictimes.indiatimes.com/markets/stocks/news/itc-hotels-demerger-6-reasons-why-it-is-a-win-win-for-itc-shareholders/articleshow/116991221.cms,DIRECTLY_RELEVANT,"Direct operational earnings, demerger progress, corporate action, or stock price movement for ITC Limited."
ITC_JAN25_AUDIT_066,d7e0dba9602f9347df42adac995f8197b614515d,,gdelt_gkg_observation,indiatimes.com,"Gainers & Losers: ITC, ITI among 6 stocks in action on Monday",https://economictimes.indiatimes.com/markets/web-stories/gainers-amp-losers-itc-iti-among-6-stocks-in-action-on-monday/slideshow/116994521.cms,DIRECTLY_RELEVANT,Direct operational performance or securities action of ITC.
ITC_JAN25_AUDIT_067,2c82825852efa17a754c212ec6fbdf9059090a26,,gdelt_gkg_observation,business-standard.com,"ITC होटल्स डिमर्जर के बीच पैसा बनाने को तैयार ये 7 होटल स्टॉक्स, देखें टेक्निकल चार्ट - these 7 hotel stocks are ready to make money amid itc hotels demerger see technical chart",https://hindi.business-standard.com/markets/these-7-hotel-stocks-are-ready-to-make-money-amid-itc-hotels-demerger-see-technical-chart-id-400770,DIRECTLY_RELEVANT,"Direct operational earnings, demerger progress, corporate action, or stock price movement for ITC Limited."
ITC_JAN25_AUDIT_068,0d389c17e3cee2a338260b73de43eaf98d3bd2b3,,gdelt_gkg_observation,indiatimes.com,ITC Hotels demerger could lead to passive outflow of $180 million: Nuvama,https://economictimes.indiatimes.com/markets/stocks/news/itc-hotels-demerger-could-lead-to-passive-outflow-of-180-million-nuvama/articleshow/117015884.cms,DIRECTLY_RELEVANT,"Direct operational earnings, demerger progress, corporate action, or stock price movement for ITC Limited."
ITC_JAN25_AUDIT_069,32d207bcc8bf42366a6687604d9fccc3d7bf716f,,gdelt_gkg_observation,businesstoday.in,"ITC, HUL, Nestle: Here's what to expect from FMCG sector in Q3 result season",https://www.businesstoday.in/markets/company-stock/story/itc-hul-nestle-heres-what-to-expect-from-fmcg-sector-in-q3-result-season-459885-2025-01-07,DIRECTLY_RELEVANT,Direct operational performance or securities action of ITC.
ITC_JAN25_AUDIT_070,9758100bd91f7c70d2b56652bbfaead4230048c1,,gdelt_gkg_observation,indiatimes.com,"ITC Hotels demerger: Investors of ITC, its hotels arm may gain in demerger",https://economictimes.indiatimes.com/markets/stocks/news/investors-of-itc-its-hotels-arm-may-gain-in-demerger/articleshow/117037560.cms,DIRECTLY_RELEVANT,"Direct operational earnings, demerger progress, corporate action, or stock price movement for ITC Limited."
ITC_JAN25_AUDIT_071,ea4285275aac31785a24623a30e4e2ffe2a2e9d9,,gdelt_gkg_observation,indiatimes.com,Stocks to buy: Macquarie maintains an outperform on HDFC Bank; Goldman sees 13% upside in ITC in 2025,https://economictimes.indiatimes.com/markets/stocks/news/stocks-to-buy-macquarie-maintains-an-outperform-on-hdfc-bank-goldman-sees-13-upside-in-itc-in-2025/articleshow/117041301.cms,DIRECTLY_RELEVANT,Direct operational performance or securities action of ITC.
ITC_JAN25_AUDIT_072,3ef70c214c5e366c60990a1e3ac752c4ea230604,,gdelt_gkg_observation,rediff.com,Passive funds have to sell Rs 1.5K crore ITC Hotels shares after listing,https://www.rediff.com/business/report/passive-funds-have-to-sell-rs-15k-crore-itc-hotels-shares-after-listing/20250108.htm,DIRECTLY_RELEVANT,"Direct operational earnings, demerger progress, corporate action, or stock price movement for ITC Limited."
ITC_JAN25_AUDIT_073,ee3299865bb614154e4314b896e1c379aac3dcea,,gdelt_gkg_observation,thehindubusinessline.com,"ITC expands agri-biz operations to aromatic, medicinal herbal products",https://www.thehindubusinessline.com/economy/agri-business/itc-expands-agri-biz-operations-to-aromatic-medicinal-herbal-products/article69075303.ece,INDIRECTLY_RELEVANT,Indirect corporate/market mention.
ITC_JAN25_AUDIT_074,c935f4b25d1346918affe7eaf74f6fc3495c44cd,,gdelt_gkg_observation,thehindubusinessline.com,"Bullish on Indian manufacturing, private investments picking up, says CII President Sanjiv Puri",https://www.thehindubusinessline.com/economy/bullish-on-indian-manufacturing-private-investments-picking-up-says-cii-president-sanjiv-puri/article69077517.ece,DIRECTLY_RELEVANT,"Direct operational earnings, demerger progress, corporate action, or stock price movement for ITC Limited."
ITC_JAN25_AUDIT_075,cea610b6436a55a07584483987947052ced5bb7e,,gdelt_gkg_observation,indiatimes.com,"Union Budget 2025: Rise in government capex and I-T relief can boost growth, says CII president Sanjiv Puri",https://economictimes.indiatimes.com/news/economy/policy/union-budget-2025-rise-in-government-capex-and-i-t-relief-can-boost-growth-says-cii-president-sanjiv-puri/articleshow/117063640.cms,DIRECTLY_RELEVANT,"Direct operational earnings, demerger progress, corporate action, or stock price movement for ITC Limited."
ITC_JAN25_AUDIT_076,d539c5565757604a5a2cb9a8c9aea3dba2f03e57,,gdelt_gkg_observation,financialexpress.com,"'Higher corporate efficiency is behind lower wage growth': Sanjiv Puri, president, CII - Economy News",https://www.financialexpress.com/policy/economy-higher-corporate-efficiency-is-behind-lower-wage-growth-sanjiv-puri-president-cii-3710544,DIRECTLY_RELEVANT,"Direct operational earnings, demerger progress, corporate action, or stock price movement for ITC Limited."
ITC_JAN25_AUDIT_077,98a284d120a0cdc5b4c731ddf7e3bb202860bde8,,gdelt_gkg_observation,indianexpress.com,"Increase public capex by 25% for FY26, give tax relief to middle class to boost consumption: CII President Sanjiv Puri",https://indianexpress.com/article/business/increase-public-capex-by-25-for-fy26-give-tax-relief-to-middle-class-to-boost-consumption-cii-president-sanjiv-puri-9767858,DIRECTLY_RELEVANT,"Direct operational earnings, demerger progress, corporate action, or stock price movement for ITC Limited."
ITC_JAN25_AUDIT_078,000c8061a8ae19add06eb06426db3c469861abd3,,gdelt_gkg_observation,livemint.com,China factor delaying private investments: Sanjiv Puri,https://www.livemint.com/news/china-factor-private-investments-sanjiv-puri-cii-gdp-itc-ltd-plant-and-machinery-capex-petrol-diesel-infrastructure-gst-11736346839216.html,DIRECTLY_RELEVANT,"Direct operational earnings, demerger progress, corporate action, or stock price movement for ITC Limited."
ITC_JAN25_AUDIT_079,bd91ab2b27f66b4560683a6639411baa8736a9c4,,gdelt_gkg_observation,indiatimes.com,"Lower taxes, rates can push demand, says CII president Sanjiv Puri",https://timesofindia.indiatimes.com/business/india-business/lower-taxes-rates-can-push-demand-says-cii-president-sanjiv-puri/articleshow/117068360.cms,DIRECTLY_RELEVANT,"Direct operational earnings, demerger progress, corporate action, or stock price movement for ITC Limited."
ITC_JAN25_AUDIT_080,7376add6db940a789237e176e0a186f9a39a27a0,,gdelt_gkg_observation,businesstoday.in,"Stock recommendations by analyst for January 10: ITC, SBI Life and HUL",https://www.businesstoday.in/visualstories/stock/stock-recommendations-by-analyst-for-january-10-itc-sbi-life-and-hul-201231-10-01-2025,DIRECTLY_RELEVANT,Direct operational performance or securities action of ITC.
ITC_JAN25_AUDIT_081,a1a45133b407ee5e31d6a57c4af0310438243baf,,gdelt_gkg_observation,moneycontrol.com,"FMCG valuations reasonable, says Nomura, time to buy HUL, ITC, Marico",https://www.moneycontrol.com/news/business/markets/fmcg-valuations-reasonable-says-nomura-time-to-buy-hul-itc-marico-12907316.html,DIRECTLY_RELEVANT,Direct operational performance or securities action of ITC.
ITC_JAN25_AUDIT_082,7b38ee8c73302a0574fc57d8211fa56a8b767bca,,gdelt_gkg_observation,thehindubusinessline.com,"ITC Limited expands FoodTech business with Aashirvaad Soul Creations, Sunfeast Baked Creations, and ITC Master Chef Creations",https://www.thehindubusinessline.com/companies/itc-eyes-pan-india-expansion-for-foodtech-business-in-35-yrs/article69084814.ece,DIRECTLY_RELEVANT,"Direct operational earnings, demerger progress, corporate action, or stock price movement for ITC Limited."
ITC_JAN25_AUDIT_083,f1b343aa5bf0374abe718f4e438bd9c6faf85cbe,,gdelt_gkg_observation,hindustantimes.com,"Budget must focus on consumption, capex, jobs: CII president Sanjiv Puri",https://www.hindustantimes.com/business/budget-must-focus-on-consumption-capex-jobs-cii-president-sanjiv-puri-101736519502766.html,DIRECTLY_RELEVANT,"Direct operational earnings, demerger progress, corporate action, or stock price movement for ITC Limited."
ITC_JAN25_AUDIT_084,30b99cb5c2bf3be1a60ef1bf4b1c7e606de46d0f,,gdelt_gkg_observation,moneycontrol.com,"FMCG कंपनियों का वैल्यूएशन अच्छा, ITC के साथ इन 2 शेयरों का खरीदने का यही सही समय: नोमुरा",https://hindi.moneycontrol.com/news/markets/stocks-to-buy-hul-itc-marico-brokerage-nomura-says-valuations-reasonable-in-fmcg-segments-check-target-price-1949930.html,DIRECTLY_RELEVANT,Direct operational performance or securities action of ITC.
ITC_JAN25_AUDIT_085,715185ec891bf9093fa7477cba0c4a77d3396d6d,,gdelt_gkg_observation,indiatimes.com,ITC allots 125.11 crore shares of ITC Hotels to shareholders,https://economictimes.indiatimes.com/markets/stocks/news/itc-allots-125-11-crore-shares-of-itc-hotels-to-shareholders/articleshow/117169761.cms,DIRECTLY_RELEVANT,"Direct operational earnings, demerger progress, corporate action, or stock price movement for ITC Limited."
ITC_JAN25_AUDIT_086,750d6cbd2fe09a4d66df175c5bf1dbd266a5121b,,gdelt_gkg_observation,indianexpress.com,"Targeted interventions in labour-intensive sectors, MSMEs needed to take growth to the next level: CII president Sanjiv Puri",https://indianexpress.com/article/business/targeted-interventions-in-labour-intensive-sectors-msmes-needed-to-take-growth-to-the-next-level-cii-president-sanjiv-puri-9775393,DIRECTLY_RELEVANT,"Direct operational earnings, demerger progress, corporate action, or stock price movement for ITC Limited."
ITC_JAN25_AUDIT_087,3f9d76da4ba5ad74ad380b0bb4dcadd56ec5b082,,gdelt_gkg_observation,businesstoday.in,ITC shares: Can bulls return to the FMCG counter this year?,https://www.businesstoday.in/markets/company-stock/story/itc-shares-can-bulls-return-to-the-fmcg-counter-this-year-price-targets-outlook-460589-2025-01-13,DIRECTLY_RELEVANT,"Direct operational earnings, demerger progress, corporate action, or stock price movement for ITC Limited."
ITC_JAN25_AUDIT_088,0b6e1ba5110910f8f9d0435079764027dd2789a4,,gdelt_gkg_observation,indiatimes.com,ITC share price: 'We would not do that...': ITC boss Sanjiv Puri enters the '90-hour workweek' debate,https://economictimes.indiatimes.com/news/company/corporate-trends/we-would-not-do-that-itc-boss-sanjiv-puri-enters-the-90-hour-workweek-debate/articleshow/117230183.cms,DIRECTLY_RELEVANT,"Direct operational earnings, demerger progress, corporate action, or stock price movement for ITC Limited."
ITC_JAN25_AUDIT_089,23b9adb8110e21efd41b8d8db0308b67461c4e11,,gdelt_gkg_observation,hindustantimes.com,'Would rather like people to be…': ITC chairman Sanjiv Puri on 90-hour work week debate,https://www.hindustantimes.com/business/would-rather-like-people-to-be-itc-chairman-sanjiv-puri-on-90-hour-work-week-debate-101736845037541.html,DIRECTLY_RELEVANT,"Direct operational earnings, demerger progress, corporate action, or stock price movement for ITC Limited."
ITC_JAN25_AUDIT_090,a0da50b2f43bb2bc3081d1bec0ec3b3fec23a8b6,,gdelt_gkg_observation,news18.com,ITC Hotels Shares Credited To Demat Accounts Post Allotment; Key Points For Investors,https://www.news18.com/business/markets/itc-hotels-listing-date-itc-hotels-shares-credited-to-demat-accounts-post-allotment-key-points-for-investors-9188094.html,DIRECTLY_RELEVANT,"Direct operational earnings, demerger progress, corporate action, or stock price movement for ITC Limited."
ITC_JAN25_AUDIT_091,8cbbdb2162c35b2f7524ee42da24814f42c7d027,,gdelt_gkg_observation,indiatimes.com,"India economy 2047: It's India's moment in history, well poised to become developed nation by 2047: ITC chief Sanjiv Puri",https://economictimes.indiatimes.com/news/india/its-indias-moment-in-history-well-poised-to-become-developed-nation-by-2047-itc-chief-sanjiv-puri/articleshow/117237260.cms,DIRECTLY_RELEVANT,"Direct operational earnings, demerger progress, corporate action, or stock price movement for ITC Limited."
ITC_JAN25_AUDIT_092,715791248be083782c9a2a80d0249650feecbd80,,gdelt_gkg_observation,rediff.com,90-hour workweek: What ITC chairman Sanjiv Puri says,https://www.rediff.com/business/report/90-hour-workweek-what-itc-chairman-sanjiv-puri-says/20250114.htm,DIRECTLY_RELEVANT,"Direct operational earnings, demerger progress, corporate action, or stock price movement for ITC Limited."
ITC_JAN25_AUDIT_093,ed596e80209fc3570f6aeb0b5a4ddfb355a38265,,gdelt_gkg_observation,financialexpress.com,"L&T 90-hour workweek row: ITC chairman Sanjiv Puri says 'would not do that', bats for work-life balance - Industry News",https://www.financialexpress.com/business/industry-lampt-90-hour-workweek-row-itc-chairman-sanjiv-puri-says-would-not-do-that-bats-for-work-life-balance-3715040,DIRECTLY_RELEVANT,"Direct operational earnings, demerger progress, corporate action, or stock price movement for ITC Limited."
ITC_JAN25_AUDIT_094,ac1b46486a129e54914fdd13162316585bb88083,,gdelt_gkg_observation,businesstoday.in,'We wouldn't do that': ITC chief Sanjiv Puri as 90-hour work week debate rages on,https://www.businesstoday.in/latest/corporate/story/90-hour-work-week-debate-itc-sanjiv-puri-larsen-toubro-lt-chairman-sn-subrahmanyan-work-life-balance-india-inc-corporate-life-460733-2025-01-14,DIRECTLY_RELEVANT,"Direct operational earnings, demerger progress, corporate action, or stock price movement for ITC Limited."
ITC_JAN25_AUDIT_095,2fc5fb015b99f00324b2af057f5633f5eef49898,,gdelt_gkg_observation,ipwatchdog.com,"Supreme Court Denies Petitions on Hatch-Waxman Safe Harbor, ITC Economic Prong Analysis and Stay of Federal Trade Secret Claims",https://ipwatchdog.com/2025/01/14/supreme-court-petitions-hatch-waxman-safe-harbor-itc-economic-prong-analysis-stay-federal-trade-secret-claims/id=185066,INDIRECTLY_RELEVANT,Indirect corporate/market mention.
ITC_JAN25_AUDIT_096,4a1baf7dec3e5ee2fb255725b4deadb61e998b7b,,gdelt_gkg_observation,indiatimes.com,Demerger to push pace of growth: ITC Hotels MD,https://timesofindia.indiatimes.com/business/india-business/demerger-to-push-pace-of-growth-itc-hotels-md/articleshow/117248250.cms,DIRECTLY_RELEVANT,"Direct operational earnings, demerger progress, corporate action, or stock price movement for ITC Limited."
ITC_JAN25_AUDIT_097,d136bd7213761d399730f0a62c5e4a4e28c96f35,,gdelt_gkg_observation,ndtv.com,What ITC Chairman Sanjiv Puri Said About L&T Chief's 90-Hour Workweek Call,https://www.ndtv.com/business-news/what-itc-chairman-sanjiv-puri-said-about-l-t-chiefs-90-hour-workweek-call-7475913,DIRECTLY_RELEVANT,"Direct operational earnings, demerger progress, corporate action, or stock price movement for ITC Limited."
ITC_JAN25_AUDIT_098,7178aaae42cb5306d8fd3df04f5af30300293a3c,,gdelt_gkg_observation,devdiscourse.com,DPIIT and ITC Limited Join Forces to Boost Indian Startups,https://www.devdiscourse.com/article/business/3225337-dpiit-and-itc-limited-join-forces-to-boost-indian-startups,DIRECTLY_RELEVANT,"Direct operational earnings, demerger progress, corporate action, or stock price movement for ITC Limited."
ITC_JAN25_AUDIT_099,de2360aacfe82bffd2a2b3b60dcf13d2e20f6e8a,,gdelt_gkg_observation,indiatimes.com,ITC Hotels eyes overseas expansion post-demerger,https://economictimes.indiatimes.com/industry/services/hotels-/-restaurants/itc-hotels-eyes-overseas-expansion-post-demerger/articleshow/117264513.cms,DIRECTLY_RELEVANT,"Direct operational earnings, demerger progress, corporate action, or stock price movement for ITC Limited."
ITC_JAN25_AUDIT_100,cabde459c6aedd3b84fbe8b1e5dfeb0b85a76dd9,,gdelt_gkg_observation,dailyexcelsior.com,ITC Hotels eyes overseas expansion post-demerger,https://www.dailyexcelsior.com/itc-hotels-eyes-overseas-expansion-post-demerger,DIRECTLY_RELEVANT,"Direct operational earnings, demerger progress, corporate action, or stock price movement for ITC Limited."
ITC_JAN25_AUDIT_101,2249b6fe775d5cd637ee4d6654c67b7340795531,,gdelt_gkg_observation,thestatesman.com,DPIIT partners with ITC Ltd to deploy startup solutions,https://www.thestatesman.com/business/dpiit-partners-with-itc-ltd-to-deploy-startup-solutions-1503386825.html,INDIRECTLY_RELEVANT,Indirect corporate/market mention.
ITC_JAN25_AUDIT_102,6c5c7cc639030ef910aaa9e12914e934fe6950c2,,gdelt_gkg_observation,latestly.com,Indian Government Partners With ITC Ltd To Promote Entrepreneurship and Innovation in Countryâ€™s Startup Ecosystem,https://www.latestly.com/technology/indian-government-partners-with-itc-ltd-to-promote-entrepreneurship-and-innovation-in-countrys-startup-ecosystem-6567689.html,INDIRECTLY_RELEVANT,Indirect corporate/market mention.
ITC_JAN25_AUDIT_103,903ba1e64ce8ab54d8a672fd4d07802d1d30be8c,,gdelt_gkg_observation,business-standard.com,"HCL, ITC, Dabur पर लेटेस्ट रिपोर्ट, क्या इन FMCG Stocks में निवेशकों को होगा फायदा? - latest report on hcl itc dabur will investors benefit in these fmcg stocks",https://hindi.business-standard.com/markets/latest-report-on-hcl-itc-dabur-will-investors-benefit-in-these-fmcg-stocks-id-403766,DIRECTLY_RELEVANT,Direct operational performance or securities action of ITC.
ITC_JAN25_AUDIT_104,32c19b14027aacb17c02965e04241987cdf6f9a8,,gdelt_gkg_observation,thehindubusinessline.com,ITC Hotels plans global expansion post-demerger; listing expected by mid-February,https://www.thehindubusinessline.com/markets/stock-markets/itc-hotels-plans-global-expansion-post-demerger-listing-expected-by-mid-february/article69103745.ece,DIRECTLY_RELEVANT,"Direct operational earnings, demerger progress, corporate action, or stock price movement for ITC Limited."
ITC_JAN25_AUDIT_105,e2b001ea7c04370423f41eb40aa147501e655fcb,,gdelt_gkg_observation,indiatimes.com,"ITC, Zydus and FMCG giants can't ignore this booming part of India if they want to win",https://economictimes.indiatimes.com/industry/cons-products/fmcg/itc-zydus-and-fmcg-giants-cant-ignore-this-booming-part-of-india-if-they-want-to-win/articleshow/117290744.cms,DIRECTLY_RELEVANT,Direct operational performance or securities action of ITC.
ITC_JAN25_AUDIT_106,599ea033a92743f831bb19fa6ee304b512715b41,,gdelt_gkg_observation,indiatimes.com,"ITC, Zydus and FMCG giants can't ignore this booming part of India if they want to win, ET Retail",https://retail.economictimes.indiatimes.com/news/food-entertainment/personal-care-pet-supplies-liquor/itc-zydus-and-fmcg-giants-cant-ignore-this-booming-part-of-india-if-they-want-to-win/117300226,DIRECTLY_RELEVANT,Direct operational performance or securities action of ITC.
ITC_JAN25_AUDIT_107,9ecb2ac6d6fc48e89c98ed5669bcd2f3276584b3,,gdelt_gkg_observation,indiatimes.com,"HDFC Bank, ITC, Swiggy among 10 most sold stocks by mutual funds in December. What should investors do?",https://economictimes.indiatimes.com/mf/analysis/hdfc-bank-itc-swiggy-among-10-most-sold-stocks-by-mutual-funds-in-december-what-should-investors-do/articleshow/117319550.cms,DIRECTLY_RELEVANT,Direct operational performance or securities action of ITC.
ITC_JAN25_AUDIT_108,23474947332ad75cc5cf72f6e0c37ab0a6ffecdd,,gdelt_gkg_observation,indiatimes.com,Want to be a leader in every segment we operate in: ITC Chairman Sanjiv Puri,https://economictimes.indiatimes.com/industry/cons-products/fmcg/want-to-be-a-leader-in-every-segment-we-operate-in-itc-chairman-sanjiv-puri/articleshow/117372383.cms,DIRECTLY_RELEVANT,"Direct operational earnings, demerger progress, corporate action, or stock price movement for ITC Limited."
ITC_JAN25_AUDIT_109,c78f6c1ffc236126ab357785ee12ead23c7bccdd,,gdelt_gkg_observation,moneycontrol.com,Want to be a leader in every segment we operate in: ITC Chairman Sanjiv Puri,https://www.moneycontrol.com/news/business/companies/want-to-be-a-leader-in-every-segment-we-operate-in-itc-chairman-sanjiv-puri-12914078.html,DIRECTLY_RELEVANT,"Direct operational earnings, demerger progress, corporate action, or stock price movement for ITC Limited."
ITC_JAN25_AUDIT_110,c9ee98a946bdd4d0109196e0b9336ada72f167dc,,gdelt_gkg_observation,indiatimes.com,"Want to be a leader in every segment we operate in: ITC Chairman Sanjiv Puri, ET Retail",https://retail.economictimes.indiatimes.com/news/food-entertainment/personal-care-pet-supplies-liquor/want-to-be-a-leader-in-every-segment-we-operate-in-itc-chairman-sanjiv-puri/117384145,DIRECTLY_RELEVANT,"Direct operational earnings, demerger progress, corporate action, or stock price movement for ITC Limited."
ITC_JAN25_AUDIT_111,4379bd3fb3bef7f81b73a5b2b1337d4c43c496dd,,gdelt_gkg_observation,indiatimes.com,"Budget will keep ITC investors on tenterhooks, Nuvama says sharp tax hike unlikely",https://economictimes.indiatimes.com/markets/stocks/news/budget-will-keep-itc-investors-on-tenterhooks-nuvama-says-sharp-tax-hike-unlikely/articleshow/117416005.cms,DIRECTLY_RELEVANT,"Direct operational earnings, demerger progress, corporate action, or stock price movement for ITC Limited."
ITC_JAN25_AUDIT_112,161737e12a36adbbd3eab853cdde1d49167ea7b8,,gdelt_gkg_observation,businesstoday.in,ITC shares: Sharp tax hike coming in Union Budget 2025? Here's target price,https://www.businesstoday.in/union-budget/share-market/story/itc-shares-sharp-tax-hike-coming-in-union-budget-2025-heres-target-price-461467-2025-01-21,DIRECTLY_RELEVANT,"Direct operational earnings, demerger progress, corporate action, or stock price movement for ITC Limited."
ITC_JAN25_AUDIT_113,f5f8ab60c2dd399fc69360ca58157423126db346,,gdelt_gkg_observation,financialexpress.com,"Nuvama on ITC: Budget jitters for Tobacco, but watch out for THIS segment... - Market News",https://www.financialexpress.com/market/nuvama-on-itc-budget-jitters-for-tobacco-but-watch-out-for-this-segment-3723308,DIRECTLY_RELEVANT,"Direct operational earnings, demerger progress, corporate action, or stock price movement for ITC Limited."
ITC_JAN25_AUDIT_114,d7a797abef73cfe6ed00bcea701c9129dccd3605,,gdelt_gkg_observation,indiatimes.com,"ITC, Nestle and other FMCG giants widen ecomm web to click with customers",https://economictimes.indiatimes.com/industry/cons-products/fmcg/itc-nestle-and-other-fmcg-giants-widen-ecomm-web-to-click-with-customers/articleshow/117496278.cms,DIRECTLY_RELEVANT,Direct operational performance or securities action of ITC.
ITC_JAN25_AUDIT_115,1bd12c47f399da5f9ba8248b1241e532ed11985a,,gdelt_gkg_observation,indiatimes.com,"FMCG Ecommerce: ITC, Nestle and other FMCG giants widen ecomm web to click with customers, ET Retail",https://retail.economictimes.indiatimes.com/news/food-entertainment/personal-care-pet-supplies-liquor/itc-nestle-and-other-fmcg-giants-widen-ecomm-web-to-click-with-customers/117505235,DIRECTLY_RELEVANT,Direct operational performance or securities action of ITC.
ITC_JAN25_AUDIT_116,530674a2390c20fac9567f108377984f8073ca19,,gdelt_gkg_observation,worldipreview.com,Ex-ITC chair joins WilmerHale's trade practice,https://www.worldipreview.com/careers/ex-itc-chair-joins-wilmerhales-trade-practice,INDIRECTLY_RELEVANT,Indirect corporate/market mention.
ITC_JAN25_AUDIT_117,150f4069fd400b537b2d9cac6577b9b72ce62a07,,gdelt_gkg_observation,jdsupra.com,Federal Circuit Asked to Rethink ITC's Longstanding Exclusion of Investment Categories for Economic Domestic Industry | DLA Piper,https://www.jdsupra.com/legalnews/federal-circuit-asked-to-rethink-itc-s-6915813,INDIRECTLY_RELEVANT,Indirect corporate/market mention.
ITC_JAN25_AUDIT_118,532eec078357b78471fd158ef285d2992794029d,,gdelt_gkg_observation,financialexpress.com,"ITC Hotels files application with NSE, BSE for listing- A look at tentative listing date",https://www.financialexpress.com/market/itc-hotels-files-application-with-nse-bse-for-listing-a-look-at-tentative-listing-date-3726786,DIRECTLY_RELEVANT,"Direct operational earnings, demerger progress, corporate action, or stock price movement for ITC Limited."
ITC_JAN25_AUDIT_119,8a562b5213ce024bb83b9359ca9ad6ac55583bc6,,gdelt_gkg_observation,businesstoday.in,"ITC, RVNL, LIC, Waaree Energies, Tata Steel: Union Budget 2025 stock ideas",https://www.businesstoday.in/union-budget/story/itc-rvnl-lic-waaree-energies-tata-steel-union-budget-2025-stock-ideas-462080-2025-01-27,DIRECTLY_RELEVANT,"Direct operational earnings, demerger progress, corporate action, or stock price movement for ITC Limited."
ITC_JAN25_AUDIT_120,db4c89e554ce3ce75ac53044fe8f7dfa7014aa73,,gdelt_gkg_observation,indiatimes.com,itc hotels listing: ITC Hotels shares to be listed on stock exchanges on January 29,https://economictimes.indiatimes.com/markets/stocks/news/itc-hotels-shares-to-be-listed-on-stock-exchanges-on-january-29/articleshow/117604751.cms,DIRECTLY_RELEVANT,"Direct operational earnings, demerger progress, corporate action, or stock price movement for ITC Limited."
ITC_JAN25_AUDIT_121,71b919ea7e52c38c1a8e0775651f235199de038e,,gdelt_gkg_observation,moneycontrol.com,"ITC demerger: ITC Hotels shares to be listed on BSE, NSE on January 29",https://www.moneycontrol.com/news/business/itc-demerger-itc-hotels-shares-to-be-listed-on-bse-nse-on-january-29-12920657.html,DIRECTLY_RELEVANT,"Direct operational earnings, demerger progress, corporate action, or stock price movement for ITC Limited."
ITC_JAN25_AUDIT_122,0f17a585e8f0dca71d5ce214fe2a2b9f1f7dbe15,,gdelt_gkg_observation,news18.com,"ITC Hotels Listing Date Finalised! Shares To List On BSE, NSE On January 29; Check Price",https://www.news18.com/business/markets/itc-hotels-listing-date-finalised-shares-to-list-on-bse-nse-on-january-29-9204229.html,DIRECTLY_RELEVANT,"Direct operational earnings, demerger progress, corporate action, or stock price movement for ITC Limited."
ITC_JAN25_AUDIT_123,082f1612f8ef51c51a302fd400ef19f10f335ecf,,gdelt_gkg_observation,aninews.in,ITC Hotels to get listed on January 29 as part of ITC demerger,https://aninews.in/news/business/itc-hotels-to-get-listed-on-january-29-as-part-of-itc-demerger20250127200756,DIRECTLY_RELEVANT,"Direct operational earnings, demerger progress, corporate action, or stock price movement for ITC Limited."
ITC_JAN25_AUDIT_124,db92b499e9630effab0a26e50ccafb6cc3e06d52,,gdelt_gkg_observation,webindia123.com,ITC Hotels to get listed on January 29 as part of ITC demerger,https://news.webindia123.com/news/Articles/Business/20250127/4281107.html,DIRECTLY_RELEVANT,"Direct operational earnings, demerger progress, corporate action, or stock price movement for ITC Limited."
ITC_JAN25_AUDIT_125,fc14e7bc2a8f32c8c833991c2015bb6e2f1ef335,,gdelt_gkg_observation,thehindubusinessline.com,ITC Hotels shares set to be listed for trading on bourses on January 29,https://www.thehindubusinessline.com/markets/itc-hotels-shares-set-to-be-listed-for-trading-on-bourses-on-january-29/article69147482.ece,DIRECTLY_RELEVANT,"Direct operational earnings, demerger progress, corporate action, or stock price movement for ITC Limited."
ITC_JAN25_AUDIT_126,2fbc40e34e1f56fb6c0273e9a4b14d9f28359dc8,,gdelt_gkg_observation,bignewsnetwork.com,ITC Hotels to get listed on January 29 as part of ITC demerger,https://www.bignewsnetwork.com/news/274991663/itc-hotels-to-get-listed-on-january-29-as-part-of-itc-demerger,DIRECTLY_RELEVANT,"Direct operational earnings, demerger progress, corporate action, or stock price movement for ITC Limited."
ITC_JAN25_AUDIT_127,cd43db588c2bde5dec9b070b73a8966302b3e257,,gdelt_gkg_observation,indiatimes.com,"Stocks in news: Stocks in news: Tata Steel, Bajaj Auto, Cipla, ITC, Coal India",https://economictimes.indiatimes.com/markets/stocks/news/stocks-in-news-tata-steel-bajaj-auto-cipla-itc-coal-india/articleshow/117615514.cms,INDIRECTLY_RELEVANT,Market commentary including ITC.NS.
ITC_JAN25_AUDIT_128,6f34f4c5f0c988b7f685fd43d6fc886312f7716b,,gdelt_gkg_observation,businesstoday.in,ITC Hotels shares: Demerged biz listing on January 29; here's likely stock price,https://www.businesstoday.in/markets/stocks/story/itc-hotels-shares-demerged-biz-listing-on-january-29-heres-likely-stock-price-462204-2025-01-28,DIRECTLY_RELEVANT,"Direct operational earnings, demerger progress, corporate action, or stock price movement for ITC Limited."
ITC_JAN25_AUDIT_129,e348f8ff2945d44e3897c04a94db5f6220ea72a0,,gdelt_gkg_observation,loksatta.com,ITC Hotels Limited shares listed on the stock exchange print eco news | आयटीसी हॉटेल्सच्या शेअर्सचा भाव तीन अंकी सूर मारेल? बाजारात शेअर्सचे लिस्टिंग येत्या बुधवारी,https://www.loksatta.com/business/market/itc-hotels-limited-shares-listed-on-the-stock-exchange-print-eco-news-amy-95-4853596,DIRECTLY_RELEVANT,"Direct operational earnings, demerger progress, corporate action, or stock price movement for ITC Limited."
ITC_JAN25_AUDIT_130,97952863337898b4a05e4bf60a499aae7ea3ff41,,gdelt_gkg_observation,news18.com,"Stocks To Watch: Tata Steel, Bajaj Auto, Cipla, ITC, Coal India, Emami, And Others",https://www.news18.com/business/markets/stocks-to-watch-tata-steel-bajaj-auto-cipla-itc-coal-india-emami-and-others-9204736.html,INDIRECTLY_RELEVANT,Market commentary including ITC.NS.
ITC_JAN25_AUDIT_131,71013202ebab3b9133119bf16f942cdcd8ba64db,,gdelt_gkg_observation,indiatimes.com,ITC shares in focus as ITC Hotels set to list on stock exchanges tomorrow,https://economictimes.indiatimes.com/markets/stocks/news/itc-shares-in-focus-as-itc-hotels-set-to-list-on-stock-exchanges-tomorrow/articleshow/117616859.cms,DIRECTLY_RELEVANT,"Direct operational earnings, demerger progress, corporate action, or stock price movement for ITC Limited."
ITC_JAN25_AUDIT_132,a98406a3be3fe1eab3f5f2050fafaaaab884ef0a,,gdelt_gkg_observation,newkerala.com,ITC Hotels Spin-Off: New Stock Listing Revealed,https://www.newkerala.com/news/o/itc-hotels-get-listed-january-29-part-itc-demerger-115,DIRECTLY_RELEVANT,"Direct operational earnings, demerger progress, corporate action, or stock price movement for ITC Limited."
ITC_JAN25_AUDIT_133,bbfd10eb1797037648bb2afea6253595dcd3cc49,,gdelt_gkg_observation,indiatimes.com,ITC Hotels shares to list on Wednesday. Here's what to expect,https://economictimes.indiatimes.com/markets/stocks/news/itc-hotels-shares-to-list-on-wednesday-heres-what-to-expect/articleshow/117627751.cms,DIRECTLY_RELEVANT,"Direct operational earnings, demerger progress, corporate action, or stock price movement for ITC Limited."
ITC_JAN25_AUDIT_134,e45bc700d72b125e9f6f0ae5583716bbea89e567,,gdelt_gkg_observation,thehindubusinessline.com,ITC corrects cost allocation figure in hotels business demerger,https://www.thehindubusinessline.com/markets/stock-markets/itc-corrects-cost-allocation-figure-in-hotels-business-demerger/article69149807.ece,DIRECTLY_RELEVANT,Direct operational performance or securities action of ITC.
ITC_JAN25_AUDIT_135,d6e2087f116983866d97a359707b65a9d259eaf0,,gdelt_gkg_observation,thehindubusinessline.com,"NSE/BSE, Top Gainers & Top Losers Today 28 Jan 2025: Bajaj Finance, Axis Bank, Bajaj Finserv, HDFC Bank, Tata Motors, Sun Pharmaceutical Industries, Larsen & Toubro (L&T), NTPC, Power Grid Corporation of India, ITC.",https://www.thehindubusinessline.com/markets/stock-markets/bajaj-finance-leads-gains-as-banking-stocks-drive-recovery/article69150584.ece,INDIRECTLY_RELEVANT,Indirect corporate/market mention.
ITC_JAN25_AUDIT_136,1b14b97bb138943d8b1663e153b1720a956937e4,,gdelt_gkg_observation,sharemanthan.in,ITC Ltd Latest News: पोर्टफोलियो में विविधता के लिए कोटक में कर सकते हैं निवेश,https://www.sharemanthan.in/462-advice/77238-market-outlook-itc-shares-shomesh-kumar-views-20250128,INDIRECTLY_RELEVANT,Indirect corporate/market mention.
ITC_JAN25_AUDIT_137,3ab75d003baa58bb57abf36d3c6a8addc5d802d0,,gdelt_gkg_observation,news18.com,"ITC Hotels Shares To List Today: Know Listing Price, Other Key Points For Investors",https://www.news18.com/business/markets/itc-hotels-shares-to-list-today-know-listing-price-other-key-points-for-investors-9206040.html,DIRECTLY_RELEVANT,"Direct operational earnings, demerger progress, corporate action, or stock price movement for ITC Limited."
ITC_JAN25_AUDIT_138,a6b0308d0903372af141c8abe332265e35494a24,,gdelt_gkg_observation,financialexpress.com,"Stocks To Watch: ITC Hotels, Indian Oil Corp, JSW Energy, Nandan Denim, Arvind, Colgate Palolive, Hindustan Zinc, IIFL Finance, Suzlon Energy, Bajaj Auto - Market News",https://www.financialexpress.com/market/stocks-to-watch-itc-hotels-indian-oil-corp-jsw-energy-nandan-denim-arvind-colgate-palmolive-hindustan-zinc-iifl-finance-suzlon-energy-bajaj-auto-3729447,INDIRECTLY_RELEVANT,Multi-stock market overview / basket analysis mentioning ITC.NS.
ITC_JAN25_AUDIT_139,fe4c00bf273106fb3b7e91ef07500a4279199d73,,gdelt_gkg_observation,financialexpress.com,"ITC Hotels share price live updates: ITC Hotels to list on NSE, BSE; check listing price, other details here",https://www.financialexpress.com/market/itc-hotels-share-price-live-updates-itc-hotels-to-list-on-nse-bse-check-listing-price-other-details-here-3729539,DIRECTLY_RELEVANT,"Direct operational earnings, demerger progress, corporate action, or stock price movement for ITC Limited."
ITC_JAN25_AUDIT_140,bd2d6b4bb05a0b518cf32c7b845e8094179d19b3,,gdelt_gkg_observation,indiatimes.com,ITC Hotels Share Price Live: ITC Hotels shares list at Rs 188 on BSE and Rs 180 on NSE,https://economictimes.indiatimes.com/markets/stocks/live-blog/itc-hotels-share-price-live-updates-nse-bse-itc-stock-demerger-news-today-target-expectations-date-and-time-29-january-2025/liveblog/117666871.cms,DIRECTLY_RELEVANT,"Direct operational earnings, demerger progress, corporate action, or stock price movement for ITC Limited."
ITC_JAN25_AUDIT_141,08d9099e8311f03080fcfc8318437634dc627615,,gdelt_gkg_observation,indiatimes.com,suzlon energy: Stocks to buy today: Jefferies remains bullish on ITC ahead of Budget 2025; Morgan Stanley sees 40% upside in Suzlon,https://economictimes.indiatimes.com/markets/stocks/news/stocks-to-buy-today-jefferies-remains-bullish-on-itc-ahead-of-budget-2025-morgan-stanley-sees-40-upside-in-suzlon/articleshow/117667659.cms,DIRECTLY_RELEVANT,"Direct operational earnings, demerger progress, corporate action, or stock price movement for ITC Limited."
ITC_JAN25_AUDIT_142,68746d877fe0c5011cb0ead58a2658b31af8ca13,,gdelt_gkg_observation,indiatimes.com,"ITC Hotels shares to debut on stock exchanges today, listing price expected between Rs 140-175",https://economictimes.indiatimes.com/markets/stocks/news/itc-hotels-shares-to-debut-on-stock-exchanges-today-listing-price-expected-between-rs-140-175/articleshow/117667311.cms,DIRECTLY_RELEVANT,"Direct operational earnings, demerger progress, corporate action, or stock price movement for ITC Limited."
ITC_JAN25_AUDIT_143,fa8f0c521545c55a45824ba95e70fc76a0824eb0,,gdelt_gkg_observation,moneycontrol.com,"ITC Hotels shares list at 30% discount on NSE, stock debuts at Rs 180 after demerger",https://www.moneycontrol.com/news/business/itc-hotels-shares-listing-stock-settles-with-30-discount-to-implied-price-at-rs-180-on-nse-12922230.html,DIRECTLY_RELEVANT,"Direct operational earnings, demerger progress, corporate action, or stock price movement for ITC Limited."
ITC_JAN25_AUDIT_144,475cf0096c6b4abd6617e0c08af4c8271f31f3fc,,gdelt_gkg_observation,hindustantimes.com,"ITC Hotels to list on BSE, NSE today | Check details",https://www.hindustantimes.com/business/itc-hotels-to-list-on-bse-nse-today-check-details-101738117940145.html,DIRECTLY_RELEVANT,"Direct operational earnings, demerger progress, corporate action, or stock price movement for ITC Limited."
ITC_JAN25_AUDIT_145,1389e5d32f72c5ba54fb8607afe6d00e2676061b,,gdelt_gkg_observation,businesstoday.in,"ITC Hotels shares list at Rs 188 on BSE, Rs 180 on NSE; key details",https://www.businesstoday.in/markets/stocks/story/itc-hotels-shares-list-at-rs-188-on-bse-rs-180-on-nse-key-details-462368-2025-01-29,DIRECTLY_RELEVANT,"Direct operational earnings, demerger progress, corporate action, or stock price movement for ITC Limited."
ITC_JAN25_AUDIT_146,8bf9da44570518f0fee5a1fb890f6689104dfa7e,,gdelt_gkg_observation,businesstoday.in,"ITC Hotels stock listing today: Likely listing price; Indian Hotels, EIH comparison & more",https://www.businesstoday.in/markets/stocks/story/itc-hotels-stock-listing-today-likely-listing-price-indian-hotels-eih-comparison-more-462354-2025-01-29,DIRECTLY_RELEVANT,"Direct operational earnings, demerger progress, corporate action, or stock price movement for ITC Limited."
ITC_JAN25_AUDIT_147,e2ad31e7fdb049a4137b5f161cdd1fe3e6ab9bea,,gdelt_gkg_observation,marketscreener.com,India's ITC Hotels slips in trading debut after spin-off,https://www.marketscreener.com/quote/stock/ITC-LIMITED-9743470/news/India-s-ITC-Hotels-slips-in-trading-debut-after-spin-off-48895947,DIRECTLY_RELEVANT,"Direct operational earnings, demerger progress, corporate action, or stock price movement for ITC Limited."
ITC_JAN25_AUDIT_148,1a6f4da6f06ba55abdd16cb12e36d6c5140cc888,,gdelt_gkg_observation,news18.com,"ITC Hotels Lists At 31% Discount: Price Opens At 182 Per Share On NSE, Rs 188 On BSE",https://www.news18.com/business/markets/itc-hotels-lists-at-182-per-share-on-nse-rs-188-on-bse-9206284.html,DIRECTLY_RELEVANT,"Direct operational earnings, demerger progress, corporate action, or stock price movement for ITC Limited."
ITC_JAN25_AUDIT_149,463fcbb52fdbbcb25a4fa85250589dc182148997,,gdelt_gkg_observation,moneycontrol.com,किस भाव पर होगी ITC Hotels की एंट्री? क्या शेयर बनेगा Sensex-Nifty का हिस्सा?,https://hindi.moneycontrol.com/news/markets/at-what-price-itc-hotels-may-list-on-nse-bse-today-after-itc-demerger-1953767.html,DIRECTLY_RELEVANT,"Direct operational earnings, demerger progress, corporate action, or stock price movement for ITC Limited."
ITC_JAN25_AUDIT_150,b139aea031a06174edb27db23572d1370ef4fa63,,gdelt_gkg_observation,prabhatkhabar.com,"Itc Hotel Share Price: 31% गिरावट के साथ NSE पर लिस्टेड, शुरुआती कीमत 180 रुपये",https://www.prabhatkhabar.com/business/itc-hotel-share-price-listed-on-nse-with-31-percent-drop-opening-at-180,DIRECTLY_RELEVANT,Direct operational performance or securities action of ITC.
ITC_JAN25_AUDIT_151,bd47ecb933ba9bd225be2779a16cf5ede99ee394,,gdelt_gkg_observation,financialexpress.com,ITC Hotels lists at Rs 188 on BSE - Listing price 7.5% higher than popular estimates - Market News,https://www.financialexpress.com/market/itc-hotels-lists-at-rs-188-on-bse-listing-price-7-5-higher-than-popular-estimates-3729582,DIRECTLY_RELEVANT,"Direct operational earnings, demerger progress, corporate action, or stock price movement for ITC Limited."
ITC_JAN25_AUDIT_152,4d4ceef9875f14e566d3d1e8ca4634e6af539f0d,,gdelt_gkg_observation,bhaskar.com,Denta Water IPO Listing Share Price 2025 Update | BSE NSE | डेंटा वाटर का शेयर 11% ऊपर ₹325 पर लिस्ट: इश्यू प्राइस ₹294 था; ITC होटल्स का शेयर 30% डिस्काउंट पर लिस्ट,https://www.bhaskar.com/business/news/denta-water-ipo-listing-share-price-2025-update-bse-nse-134376344.html,INDIRECTLY_RELEVANT,Indirect corporate/market mention.
ITC_JAN25_AUDIT_153,0710682a8638c4b2f42c34d90d431ddb3234e536,,gdelt_gkg_observation,indiatimes.com,"ITC Hotels debuts on D-Street; shares list at Rs 188 on BSE at Rs 39,000 crore market cap",https://timesofindia.indiatimes.com/business/india-business/itc-hotels-debuts-on-d-street-shares-list-at-rs-188-on-bse-at-rs-39000-crore-market-cap/articleshow/117671726.cms,DIRECTLY_RELEVANT,"Direct operational earnings, demerger progress, corporate action, or stock price movement for ITC Limited."
ITC_JAN25_AUDIT_154,9c3f370745d203f859db0016ecff5812362f3110,,gdelt_gkg_observation,indiatimes.com,ITC demerger news: ITC Hotels' demerger marks new era of stakeholder value creation: Sanjiv Puri,https://economictimes.indiatimes.com/markets/expert-view/itc-hotels-demerger-marks-new-era-of-stakeholder-value-creation-sanjiv-puri/articleshow/117673106.cms,DIRECTLY_RELEVANT,"Direct operational earnings, demerger progress, corporate action, or stock price movement for ITC Limited."
ITC_JAN25_AUDIT_155,fbf363ec771f20719d566d8d41d0c7eb31d5971f,,gdelt_gkg_observation,indiatimes.com,"ITC Hotels shares fall 5% after listing. Should you buy, sell or hold?",https://economictimes.indiatimes.com/markets/stocks/news/itc-hotels-shares-fall-5-after-listing-should-you-buy-sell-or-hold/articleshow/117673247.cms,DIRECTLY_RELEVANT,"Direct operational earnings, demerger progress, corporate action, or stock price movement for ITC Limited."
ITC_JAN25_AUDIT_156,287f4a550b92c10fb59ff1fec7d573303926534c,,gdelt_gkg_observation,vccircle.com,"ITC Hotels slips in trading debut, valued at $4.2 bn",https://www.vccircle.com/itchotels-slips-in-trading-debut-valued-at-4-2-bn,DIRECTLY_RELEVANT,"Direct operational earnings, demerger progress, corporate action, or stock price movement for ITC Limited."
ITC_JAN25_AUDIT_157,05ded714f7059b99cf123568f55060182671d543,,gdelt_gkg_observation,thehindubusinessline.com,"ITC Hotels debuts at ₹180, slips 2.4% in early trade - The Hindu BusinessLine",https://www.thehindubusinessline.com/markets/stock-markets/itc-hotels-debuts-at-180-slips-24-in-early-trade/article69153655.ece,DIRECTLY_RELEVANT,"Direct operational earnings, demerger progress, corporate action, or stock price movement for ITC Limited."
ITC_JAN25_AUDIT_158,f4232e539b6e235fb90f8288b65810b3901f44e1,,gdelt_gkg_observation,business-standard.com,"ITC Hotels listing today: आईटीसी होटल्स का बाजार में डेब्यू, शेयर लिस्टिंग के बाद 5% कमजोर - itc hotels listing today itc hotels debuts in market stock weaker by 5 after listing",https://hindi.business-standard.com/markets/itc-hotels-listing-today-itc-hotels-debuts-in-market-stock-weaker-by-5-after-listing,DIRECTLY_RELEVANT,"Direct operational earnings, demerger progress, corporate action, or stock price movement for ITC Limited."
ITC_JAN25_AUDIT_159,02b0aebfb486338e85c8d61a5d7b1cc2a2511563,,gdelt_gkg_observation,rediff.com,"ITC Hotels lists at Rs 188 on BSE, Rs 180 on NSE",https://www.rediff.com/business/report/itc-hotels-lists-at-rs-188-on-bse-rs-180-on-nse/20250129.htm,DIRECTLY_RELEVANT,"Direct operational earnings, demerger progress, corporate action, or stock price movement for ITC Limited."
ITC_JAN25_AUDIT_160,36f8c5839c40d3659354087bbdca6b3168f54003,,gdelt_gkg_observation,punjabkesari.in,"ITC Hotels की कमजोर लिस्टिंग, 30% डिस्काउंट पर खुले शेयर, निवेशकों को तगड़ा नुकसान - weak listing of itc hotels shares opened at 30 discount",https://www.punjabkesari.in/business/news/weak-listing-of-itc-hotels-shares-opened-at-30-discount-2096731,DIRECTLY_RELEVANT,"Direct operational earnings, demerger progress, corporate action, or stock price movement for ITC Limited."
ITC_JAN25_AUDIT_161,4fc88ecf17fe989e525c03f49e3804be7d4f4fa7,,gdelt_gkg_observation,bhaskar.com,"Denta Water shares listed at ₹325, up 11% | डेंटा वॉटर शेअर्स ₹325 वर लिस्ट, 11% वाढ: इश्यूची किंमत ₹294 होती; ITC हॉटेल्सचे शेअर्स 30% डिस्काउंटवर सूचीबद्ध",https://divyamarathi.bhaskar.com/business/ipo-update/news/denta-water-shares-listed-at-325-up-11-134376883.html,DIRECTLY_RELEVANT,Direct operational performance or securities action of ITC.
ITC_JAN25_AUDIT_162,d8e56711c51f26f754b2aaa6b0794ac165ae79c9,,gdelt_gkg_observation,theweek.in,ITC Hotels demerger: Shares hit 5 pc lower circuit limit after opening at Rs 188,https://www.theweek.in/news/biz-tech/2025/01/29/itc-hotels-demerger-shares-hit-5-pc-lower-circuit-limit-after-opening-at-rs-188.html,DIRECTLY_RELEVANT,"Direct operational earnings, demerger progress, corporate action, or stock price movement for ITC Limited."
ITC_JAN25_AUDIT_163,13f5bec0f5e974107a136fab3f22b2a57c17aae9,,gdelt_gkg_observation,dailypioneer.com,ITC Hotels lists on stock exchanges,https://www.dailypioneer.com/2025/trending-news/itc-hotels-lists-on-stock-exchanges.html,DIRECTLY_RELEVANT,"Direct operational earnings, demerger progress, corporate action, or stock price movement for ITC Limited."
ITC_JAN25_AUDIT_164,f383933e840275585d91677022cdaf544a12fca7,,gdelt_gkg_observation,indiatimes.com,ITC Hotels' shares get listed on stock exchanges,https://economictimes.indiatimes.com/markets/stocks/news/itc-hotels-shares-get-listed-on-stock-exchanges/articleshow/117689781.cms,DIRECTLY_RELEVANT,"Direct operational earnings, demerger progress, corporate action, or stock price movement for ITC Limited."
ITC_JAN25_AUDIT_165,9240f5bd5e101e1952925ff66b63a679804ab62e,,gdelt_gkg_observation,thehindubusinessline.com,ITC Hotels shares slip on debut; Puri sees bright growth prospects,https://www.thehindubusinessline.com/markets/itc-hotels-shares-slip-on-debut-puri-sees-bright-growth-prospects/article69154267.ece,DIRECTLY_RELEVANT,"Direct operational earnings, demerger progress, corporate action, or stock price movement for ITC Limited."
ITC_JAN25_AUDIT_166,a61838824aa7cb617831f2d7c27f9b1549aaf93a,,gdelt_gkg_observation,thehindubusinessline.com,"NSE/BSE, Top Gainers & Top Losers Today 29 Jan 2025: Zomato, Tata Motors, Infosys, ITC, ITC Hotels",https://www.thehindubusinessline.com/markets/stock-markets/nse-bse-stock-market-top-gainers-top-losers-today-zomato-tatamotors-inf-itc-itchotels-29-jan-2025/article69154655.ece,DIRECTLY_RELEVANT,"Direct operational earnings, demerger progress, corporate action, or stock price movement for ITC Limited."
ITC_JAN25_AUDIT_167,d531f624a458fb3fd617acbc933f7001e7df2e36,,gdelt_gkg_observation,indiatimes.com,"ITC Hotels: ITC Hotels list on stock exchange, close 5% lower on BSE",https://timesofindia.indiatimes.com/business/india-business/itc-hotels-list-on-stock-exchange-close-5-lower-on-bse/articleshow/117693522.cms,DIRECTLY_RELEVANT,"Direct operational earnings, demerger progress, corporate action, or stock price movement for ITC Limited."
ITC_JAN25_AUDIT_168,001771960e44dee239775283a178f003117b9bad,,gdelt_gkg_observation,indiatimes.com,"ITC Hotels Ltd charts robust growth plan, listed on stock exchanges",https://timesofindia.indiatimes.com/business/india-business/itc-hotels-ltd-charts-robust-growth-plan-listed-on-stock-exchanges/articleshow/117699159.cms,DIRECTLY_RELEVANT,"Direct operational earnings, demerger progress, corporate action, or stock price movement for ITC Limited."
ITC_JAN25_AUDIT_169,a99b616418401b2418c678cf00b016bbf0988a24,,gdelt_gkg_observation,indiatimes.com,ITC Hotels shares fall 5% on day 2 of trading; analysts see long-term upside,https://economictimes.indiatimes.com/markets/stocks/news/itc-hotels-shares-fall-5-on-day-2-of-trading-analysts-see-long-term-upside/articleshow/117722905.cms,DIRECTLY_RELEVANT,"Direct operational earnings, demerger progress, corporate action, or stock price movement for ITC Limited."
ITC_JAN25_AUDIT_170,69d90a549e35d99ca6462956080ca261aa1af430,,gdelt_gkg_observation,moneycontrol.com,ITC Hotels: Should investors check into the stock to play the hotel theme?,https://www.moneycontrol.com/news/business/stocks/itc-hotels-should-investors-check-into-the-stock-to-play-the-hotel-theme-12923728.html,DIRECTLY_RELEVANT,"Direct operational earnings, demerger progress, corporate action, or stock price movement for ITC Limited."
ITC_JAN25_AUDIT_171,0b4b0179bf2f0cf3bc96c167512c82017a3d27bc,,gdelt_gkg_observation,financialexpress.com,ITC Hotels shares fall 5% for second consecutive day,https://www.financialexpress.com/market/itc-hotels-shares-fall-5-for-second-consecutive-day-3731062,DIRECTLY_RELEVANT,"Direct operational earnings, demerger progress, corporate action, or stock price movement for ITC Limited."
ITC_JAN25_AUDIT_172,df20ac2229feb43208fd10908bb1436ce2f11c6f,,gdelt_gkg_observation,rttnews.com,"Sensex, Nifty End Higher For Third Day; Tata Motors And ITC Hotels Tumble",https://www.rttnews.com/story.aspx?Id=3507455,DIRECTLY_RELEVANT,"Direct operational earnings, demerger progress, corporate action, or stock price movement for ITC Limited."
ITC_JAN25_AUDIT_173,927c51e02054e85255a780cfc370aff96fdb3c94,,gdelt_gkg_observation,rttnews.com,"Sensex, Nifty End Higher For Third Day; Tata Motors And ITC Hotels Tumble",https://www.rttnews.com/3507455/sensex-nifty-end-higher-for-third-day-tata-motors-and-itc-hotels-tumble.aspx,DIRECTLY_RELEVANT,"Direct operational earnings, demerger progress, corporate action, or stock price movement for ITC Limited."
ITC_JAN25_AUDIT_174,3da8e777f1053dde834cbbb517f72aa8b1a8831e,,gdelt_gkg_observation,thehindubusinessline.com,"NSE/BSE, Top Gainers & Top Losers Today 30 Jan 2025: Bharti Airtel, Power Grid, Bajaj Finance Lead Gains; Tata Motors, ITC Hotels Decline",https://www.thehindubusinessline.com/markets/stock-markets/nse-bse-stock-market-top-gainers-top-losers-today-bharti-airtel-power-grid-bajaj-finance-30-jan-2025/article69159411.ece,DIRECTLY_RELEVANT,"Direct operational earnings, demerger progress, corporate action, or stock price movement for ITC Limited."
ITC_JAN25_AUDIT_175,ef1c248cb7ff8b5c02424f94ab7d8edfb31626ca,,gdelt_gkg_observation,indiatimes.com,"Sensex Today | Stock Market LIVE Updates: Sensex rises over 400 pts, Nifty above 23,350; L&T gains 4%, ITC Hotels falls 5%",https://economictimes.indiatimes.com/markets/stocks/live-blog/bse-sensex-today-live-nifty-stock-market-updates-31-january-2025/liveblog/117764365.cms,INDIRECTLY_RELEVANT,Multi-stock market overview / basket analysis mentioning ITC.NS.
ITC_JAN25_AUDIT_176,5fb821699f3294316f7ba2eed8198d12d1095bf6,,gdelt_gkg_observation,thehindubusinessline.com,"NSE/BSE Top Gainers & Top Losers Today 31 Jan 2025: L&T, Nestle, IndusInd Bank surge; ITC Hotels, Bharti Airtel decline",https://www.thehindubusinessline.com/markets/stock-markets/nse-bse-stock-market-top-gainers-top-losers-today-lt-nestle-indusind-titan-tatamotors-31-jan-2025/article69163932.ece,DIRECTLY_RELEVANT,"Direct operational earnings, demerger progress, corporate action, or stock price movement for ITC Limited."
