article_id,ticker,company,headline,source,url,published_at,seen_at,source_timestamp,trading_date,timestamp_basis,gkg_record_id,company_match_reason,finbert_label,finbert_confidence,sentiment_score,human_label,human_notes
ee96a5efd5d12ae381b126979aa662d6ab449679,LT.NS,Larsen & Toubro,At multi-year highs: L&T among 5 stocks that witnessed 5-year swing high breakout,indiatimes.com,https://economictimes.indiatimes.com/markets/web-stories/at-multi-year-highs-lampt-among-5-stocks-that-witnessed-5-year-swing-high-breakout/slideshow/108928722.cms,,2024-04-01T08:15:00+05:30,20240401024500,2024-04-01,gdelt_gkg_observation,20240401024500-340,Direct headline match with company alias,,,,DIRECTLY_RELEVANT,Technical multi-year swing high breakout for parent L&T stock.
a8bdb1366bfa7a4869f6fea056c24536bce7cf30,LT.NS,Larsen & Toubro,L&T Arm Flags Off Crucial Component for India's 1st Domestically Built 700 MW Nuclear Reactor – Indian Defence Research Wing,idrw.org,https://idrw.org/lt-arm-flags-off-crucial-component-for-indias-1st-domestically-built-700-mw-nuclear-reactor,,2024-04-01T23:00:00+05:30,20240401173000,2024-04-02,gdelt_gkg_observation,20240401173000-550,Direct headline match with company alias,,,,DIRECTLY_RELEVANT,L&T Heavy Engineering flags off critical component for domestic 700 MW nuclear power reactor.
3647eb2ec0f6c7b54376fcbb8332a161dd092fce,LT.NS,Larsen & Toubro,"Stock Radar: L&T breaks out from Cup & Handle pattern; stock likely to hit 4,000 levels",indiatimes.com,https://economictimes.indiatimes.com/markets/stocks/news/stock-radar-lt-breaks-out-from-cup-handle-pattern-stock-likely-to-hit-4000-levels/articleshow/108941845.cms,,2024-04-02T05:30:00+05:30,20240402000000,2024-04-02,gdelt_gkg_observation,20240402000000-541,Direct headline match with company alias,,,,DIRECTLY_RELEVANT,"Technical breakout analysis projecting L&T stock to hit Rs 4,000 target level."
dca5abaf631b8e2b0ffbd3a85202c735ec4ba71a,LT.NS,Larsen & Toubro,L&T Finance Holding: Management meeting takeaways,indiainfoline.com,https://www.indiainfoline.com/news/invest-right/lt-finance-holding-management-meeting-takeaways,2024-04-03T10:37:00+05:30,2024-04-03T12:45:00+05:30,20240403071500,2024-04-03,publisher_published_at,20240403071500-890,Direct headline match with company alias,,,,INDIRECTLY_RELEVANT,Management meeting institutional investor takeaways for L&T Finance Holdings.
674ddaa76a7c2e49d4dbdb0c6e50486e96113aaf,LT.NS,Larsen & Toubro,"MC Interview | Rs 1 lakh cr hydrocarbon order book gives revenue visibility, not worried about Saudi project deferment: L&T energy head",moneycontrol.com,https://www.moneycontrol.com/news/business/markets/mc-interview-rs-1-lakh-cr-hydrocarbon-order-book-gives-revenue-visibility-not-worried-about-saudi-project-deferment-lt-energy-head-12567441.html,,2024-04-03T14:30:00+05:30,20240403090000,2024-04-03,gdelt_gkg_observation,20240403090000-522,Direct headline match with company alias,,,,DIRECTLY_RELEVANT,Interview with L&T Energy head discussing Rs 1 lakh crore hydrocarbon order book and Saudi projects.
d2f7a09451f6fbbbbd97602124c5b52070fb67d0,LT.NS,Larsen & Toubro,L&T Finance Holdings trades higher on reporting 33% rise in retail disbursements during Q4FY24,udaipurkiran.com,https://udaipurkiran.com/lt-finance-holdings-trades-higher-on-reporting-33-rise-in-retail-disbursements-during-q4fy24,2024-04-04T14:01:00+05:30,2024-04-04T15:15:00+05:30,20240404094500,2024-04-04,publisher_published_at,20240404094500-727,Direct headline match with company alias,,,,INDIRECTLY_RELEVANT,L&T Finance Holdings reports 33% increase in Q4 retail disbursements.
d65821bdadd6106a1a999a7ce80883e0f459ae4a,LT.NS,Larsen & Toubro,L&T Finance Holdings | Udaipur Kiran,udaipurkiran.com,https://udaipurkiran.com/tag/lt-finance-holdings,2024-04-04T14:01:00+05:30,2024-04-04T15:15:00+05:30,20240404094500,2024-04-04,publisher_published_at,20240404094500-129,Direct headline match with company alias,,,,NOT_RELEVANT,Static website tag index / category directory page without genuine news content.
83a7ec5d7de1902100b86f583872d939a90a67ae,LT.NS,Larsen & Toubro,L&T Finance | Udaipur Kiran,udaipurkiran.com,https://udaipurkiran.com/tag/lt-finance,2024-04-04T14:01:00+05:30,2024-04-04T15:15:00+05:30,20240404094500,2024-04-04,publisher_published_at,20240404094500-602,Direct headline match with company alias,,,,NOT_RELEVANT,Static website tag index / category directory page without genuine news content.
24c0a20d28116c293676bc7c85fd4a86e5e58624,LT.NS,Larsen & Toubro,l&t finance holding | Udaipur Kiran,udaipurkiran.com,https://udaipurkiran.com/tag/lt-finance-holding,2024-04-04T14:01:00+05:30,2024-04-04T15:15:00+05:30,20240404094500,2024-04-04,publisher_published_at,20240404094500-351,Direct headline match with company alias,,,,NOT_RELEVANT,Static website tag index / category directory page without genuine news content.
8230ef5f56d3f8d80c029f76a71d3fcc5b531af0,LT.NS,Larsen & Toubro,l&t finance holdings latest news | Udaipur Kiran,udaipurkiran.com,https://udaipurkiran.com/tag/lt-finance-holdings-latest-news,2024-04-04T14:01:00+05:30,2024-04-04T15:15:00+05:30,20240404094500,2024-04-04,publisher_published_at,20240404094500-507,Direct headline match with company alias,,,,NOT_RELEVANT,Static website tag index / category directory page without genuine news content.
6246252b9cbdb22b804967469befe99d4857f387,LT.NS,Larsen & Toubro,l&t finance holdings ltd stock analysis,udaipurkiran.com,https://udaipurkiran.com/tag/lt-finance-holdings-ltd-stock-analysis,2024-04-04T14:01:00+05:30,2024-04-04T15:15:00+05:30,20240404094500,2024-04-04,publisher_published_at,20240404094500-1340,Direct headline match with company alias,,,,NOT_RELEVANT,Static website tag index / category directory page without genuine news content.
0f64e0c3e2ec7736c9291fbcd6195b025dddb52d,LT.NS,Larsen & Toubro,l&t finance holdings ltd stock review,udaipurkiran.com,https://udaipurkiran.com/tag/lt-finance-holdings-ltd-stock-review,2024-04-04T14:01:00+05:30,2024-04-04T15:15:00+05:30,20240404094500,2024-04-04,publisher_published_at,20240404094500-434,Direct headline match with company alias,,,,NOT_RELEVANT,Static website tag index / category directory page without genuine news content.
1068d2f79aa609d9d9ee1bb1b2c8faee01b1bcfb,LT.NS,Larsen & Toubro,l&t finance holdings ltd | Udaipur Kiran,udaipurkiran.com,https://udaipurkiran.com/tag/lt-finance-holdings-ltd,2024-04-04T14:01:00+05:30,2024-04-04T15:15:00+05:30,20240404094500,2024-04-04,publisher_published_at,20240404094500-716,Direct headline match with company alias,,,,NOT_RELEVANT,Static website tag index / category directory page without genuine news content.
bf40b0aa72be343bf393112a637dbbce9a2cf7fd,LT.NS,Larsen & Toubro,l&t finance holdings nse | Udaipur Kiran,udaipurkiran.com,https://udaipurkiran.com/tag/lt-finance-holdings-nse,2024-04-04T14:01:00+05:30,2024-04-04T15:15:00+05:30,20240404094500,2024-04-04,publisher_published_at,20240404094500-1386,Direct headline match with company alias,,,,NOT_RELEVANT,Static website tag index / category directory page without genuine news content.
d3f25443233efd08e2f2c6ad71ddbe13a06d7cdb,LT.NS,Larsen & Toubro,l&t finance holdings share analysis,udaipurkiran.com,https://udaipurkiran.com/tag/lt-finance-holdings-share-analysis,2024-04-04T14:01:00+05:30,2024-04-04T15:15:00+05:30,20240404094500,2024-04-04,publisher_published_at,20240404094500-1150,Direct headline match with company alias,,,,NOT_RELEVANT,Static website tag index / category directory page without genuine news content.
59e1e7d3b91a8176560e00339e39b70b766bf3cb,LT.NS,Larsen & Toubro,l&t finance holdings share | Udaipur Kiran,udaipurkiran.com,https://udaipurkiran.com/tag/lt-finance-holdings-share,2024-04-04T14:01:00+05:30,2024-04-04T15:15:00+05:30,20240404094500,2024-04-04,publisher_published_at,20240404094500-1214,Direct headline match with company alias,,,,NOT_RELEVANT,Static website tag index / category directory page without genuine news content.
45c1b7e8d4acbdf5aa8824649372e978094343c5,LT.NS,Larsen & Toubro,larsen and toubro finance holdings,udaipurkiran.com,https://udaipurkiran.com/tag/larsen-and-toubro-finance-holdings,2024-04-04T14:01:00+05:30,2024-04-04T15:15:00+05:30,20240404094500,2024-04-04,publisher_published_at,20240404094500-890,Direct headline match with company alias,,,,NOT_RELEVANT,Static website tag index / category directory page without genuine news content.
4cf31e78cf35f3555383b49a80d39c7ea697ede1,LT.NS,Larsen & Toubro,Stock in focus: L&T Finance Holdings records 33% growth in Q4 retail disbursements,businesstoday.in,https://www.businesstoday.in/markets/company-stock/story/stock-in-focus-lt-finance-holdings-growth-in-retail-disbursements-424178-2024-04-03,,2024-04-03T18:15:00+05:30,20240403124500,2024-04-04,gdelt_gkg_observation,20240403124500-399,Direct headline match with company alias,,,,INDIRECTLY_RELEVANT,Stock in focus: L&T Finance Holdings retail disbursement growth.
3a1076b0fc2f42eef35bf3c36240b2d62b4b4e58,LT.NS,Larsen & Toubro,"Trade Spotlight | How you should deal in PNB, Escorts Kubota, L&T Tech Services today",moneycontrol.com,https://www.moneycontrol.com/news/business/markets/trade-spotlight-how-you-should-deal-in-pnb-escorts-kubota-lt-tech-services-today-12571331.html,,2024-04-04T08:15:00+05:30,20240404024500,2024-04-04,gdelt_gkg_observation,20240404024500-1079,Direct headline match with company alias,,,,INDIRECTLY_RELEVANT,Technical trading analysis for L&T Technology Services (LTTS).
5e73b3f0c0c8a3a903c0e51350258695c7b31fc7,LT.NS,Larsen & Toubro,"Hot Stocks: Brokerage view on L&T Finance, Federal Bank, D-Mart and RBL Bank",indiatimes.com,https://economictimes.indiatimes.com/markets/stocks/news/hot-stocks-brokerage-view-on-lt-finance-federal-bank-d-mart-and-rbl-bank/articleshow/109021978.cms,,2024-04-04T10:15:00+05:30,20240404044500,2024-04-04,gdelt_gkg_observation,20240404044500-997,Direct headline match with company alias,,,,INDIRECTLY_RELEVANT,Brokerage view on L&T Finance Holdings.
79e2e3a50be2f4d8368616601b46e2bdc41a3c6b,LT.NS,Larsen & Toubro,"Axis Bank, TCS, L&T, Vodafone Idea, Federal Bank, Motilal Oswal, Hindalco; Know Share Price Target",india.com,https://www.india.com/business/axis-bank-tcs-l-know-share-price-target-6834636,,2024-04-04T13:30:00+05:30,20240404080000,2024-04-04,gdelt_gkg_observation,20240404080000-771,Direct headline match with company alias,,,,DIRECTLY_RELEVANT,Multi-stock target price roundup including Larsen & Toubro.
dd08aec2600a8e5dba39ef75d8c2fa6bc9a90f02,LT.NS,Larsen & Toubro,L&T IDPL inaugurates healthcare facilities in Coimbatore villages,thehindu.com,https://www.thehindu.com/news/cities/Coimbatore/lt-idpl-inaugurates-healthcare-facilities-in-coimbatore-villages/article68023672.ece,2024-04-04T18:48:00+05:30,2024-04-04T19:15:00+05:30,20240404134500,2024-04-05,publisher_published_at,20240404134500-141,Direct headline match with company alias,,,,DIRECTLY_RELEVANT,L&T Infrastructure Development Projects (IDPL) CSR healthcare initiatives in Tamil Nadu.
adb255503c6d60e4e37131b9dc8676784ae6b858,LT.NS,Larsen & Toubro,L&T fined ₹60.84 crore by Qatar for variation in income,cnbctv18.com,https://www.cnbctv18.com/business/companies/lt-fined-rs-60-84-crore-qatar-general-tax-authority-variation-income-19392478.htm,2024-04-05T04:27:00+05:30,2024-04-05T05:00:00+05:30,20240404233000,2024-04-05,publisher_published_at,20240404233000-590,Direct headline match with company alias,,,,DIRECTLY_RELEVANT,Regulatory tax penalty disclosure: Qatar General Tax Authority fines L&T Rs 60.84 crore.
e140a734a49b6af0916881d56c954cc324407e6b,LT.NS,Larsen & Toubro,How a distinctive sonic identity added depth and resonance to L&T Finance's narrative,adgully.com,https://www.adgully.com/how-a-distinctive-sonic-identity-added-depth-and-resonance-to-l-t-finance-s-narrative-144120.html,,2024-04-05T13:15:00+05:30,20240405074500,2024-04-05,gdelt_gkg_observation,20240405074500-896,Direct headline match with company alias,,,,INDIRECTLY_RELEVANT,Brand identity and sonic marketing update for L&T Finance.
da9bfe4ab30539b412a4b3935efab24fe53cb65e,LT.NS,Larsen & Toubro,"F&O stocks: Vodafone Idea, L&T among 5 stocks with short buildup",indiatimes.com,https://economictimes.indiatimes.com/markets/options/fo-stocks-vodafone-idea-lt-among-5-stocks-with-short-buildup/articleshow/109058274.cms,,2024-04-05T13:15:00+05:30,20240405074500,2024-04-05,gdelt_gkg_observation,20240405074500-382,Direct headline match with company alias,,,,DIRECTLY_RELEVANT,Derivatives market data indicating short buildup in L&T futures.
81015a842d92e138ce22ed2599ef3b23ed3104e1,LT.NS,Larsen & Toubro,L&T launches office bubbles at Hyderabad metro stations,siasat.com,https://www.siasat.com/lt-launches-office-bubbles-at-hyderabad-metro-stations-3004220,,2024-04-05T14:00:00+05:30,20240405083000,2024-04-05,gdelt_gkg_observation,20240405083000-346,Direct headline match with company alias,,,,DIRECTLY_RELEVANT,L&T Metro Rail Hyderabad commercial office space launch at metro stations.
c40f6fcc72b9be72b12dd3db438a2671b1bb492d,LT.NS,Larsen & Toubro,indian navy signs mou with l&t | Udaipur Kiran,udaipurkiran.com,https://udaipurkiran.com/tag/indian-navy-signs-mou-with-lt,2024-04-06T07:24:00+05:30,2024-04-06T08:00:00+05:30,20240406023000,2024-04-08,publisher_published_at,20240406023000-1216,Direct headline match with company alias,,,,NOT_RELEVANT,Static website tag index page from Udaipur Kiran.
46e0420fc744908800592b8dd1c9934262b2788b,LT.NS,Larsen & Toubro,"Stocks on Focus: Wipro, L&T, Adani Green, Vi, Cochin Shipyard, ZEEL, Titan",siliconindia.com,https://www.siliconindia.com/news/general/stocks-on-focus-wipro-lt-adani-green-vi-cochin-shipyard-zeel-titan-nid-228877-cid-1.html,,2024-04-08T10:45:00+05:30,20240408051500,2024-04-08,gdelt_gkg_observation,20240408051500-1080,Direct headline match with company alias,,,,DIRECTLY_RELEVANT,Market watchlist featuring L&T stock.
adb579ec2e8748b6cc133ad74664e186c8256f7a,LT.NS,Larsen & Toubro,"Stock recommendations by analyst for April 9: Reliance Industries, IDBI Bank and L&T",businesstoday.in,https://www.businesstoday.in/visualstories/stock/stock-recommendations-by-analyst-for-april-9-reliance-industries-idbi-bank-and-lt-124350-09-04-2024,2024-04-09T07:17:00+05:30,2024-04-09T10:00:00+05:30,20240409043000,2024-04-09,publisher_published_at,20240409043000-1107,Direct headline match with company alias,,,,DIRECTLY_RELEVANT,Analyst stock recommendations for L&T.
336ceec9455128f6d68e606ef7c44ac9e04874a2,LT.NS,Larsen & Toubro,"F&O stocks to buy today: L&T, Axis Bank among top 10 trading ideas for 9 April 2024",indiatimes.com,https://economictimes.indiatimes.com/markets/options/fo-stocks-to-buy-today-lt-axis-bank-among-top-10-trading-ideas-for-9-april-2024/articleshow/109150770.cms,,2024-04-09T10:15:00+05:30,20240409044500,2024-04-09,gdelt_gkg_observation,20240409044500-1078,Direct headline match with company alias,,,,DIRECTLY_RELEVANT,F&O stock trading ideas for L&T.
34ce74cc9ee8afa6895bc0ac7dbf2c0b5582c694,LT.NS,Larsen & Toubro,"Kandla Port: L&T, RIL to invest ₹1 lakh crore in green energy; Deendayal Port Authority allots 14 land parcels",livemint.com,https://www.livemint.com/companies/news/kandla-port-l-t-ril-to-invest-rs-1-lakh-crore-in-green-energy-deendayal-port-authority-allots-14-land-parcels-11712722353305.html,2024-04-10T10:34:00+05:30,2024-04-10T12:15:00+05:30,20240410064500,2024-04-10,publisher_published_at,20240410064500-436,Direct headline match with company alias,,,,DIRECTLY_RELEVANT,Mega capex plan: L&T and RIL to invest Rs 1 lakh crore in green energy hub at Kandla port.
a533b1f2669b324368e6845b47be324889b5b6ec,LT.NS,Larsen & Toubro,"RIL, L&T, Greenko, Welspun Plan ₹1 Lakh Crore Green Hydrogen Hub at Kandla Port",indiainfoline.com,https://www.indiainfoline.com/news/companies/ril-lt-greenko-welspun-plan-1-lakh-crore-green-hydrogen-hub-at-kandla-port,2024-04-10T11:49:00+05:30,2024-04-10T13:15:00+05:30,20240410074500,2024-04-10,publisher_published_at,20240410074500-405,Direct headline match with company alias,,,,DIRECTLY_RELEVANT,Green hydrogen hub at Deendayal Port Kandla planned by L&T and RIL consortium.
88ba1efb24dffc50c558917c499fbb56e248db2f,LT.NS,Larsen & Toubro,L&T Defence Shifts Gears: Diversifying into Non-Military Projects – Indian Defence Research Wing,idrw.org,https://idrw.org/lt-defence-shifts-gears-diversifying-into-non-military-projects,,2024-04-09T21:15:00+05:30,20240409154500,2024-04-10,gdelt_gkg_observation,20240409154500-1814,Direct headline match with company alias,,,,DIRECTLY_RELEVANT,L&T Defence strategic diversification into non-military engineering sectors.
84293cd369ccff3aebe8fa6938c0d821e79f9de4,LT.NS,Larsen & Toubro,"Business News: L&T, Microsoft sign pact to develop regulated sector-focused cloud offering",rashtranews.com,https://www.rashtranews.com/business-news-lt-microsoft-sign-pact-to-develop-regulated-sector-focused-cloud-offering,,2024-04-09T23:45:00+05:30,20240409181500,2024-04-10,gdelt_gkg_observation,20240409181500-528,Direct headline match with company alias,,,,DIRECTLY_RELEVANT,Strategic partnership: L&T and Microsoft sign MoU for regulated industry cloud solutions.
f8866ddcb6460330af6ceea744a0d6e86a6ccbee,LT.NS,Larsen & Toubro,L&T sells stake in L&T Infrastructure Development Projects - The Hindu BusinessLine,thehindubusinessline.com,https://www.thehindubusinessline.com/markets/stock-markets/lt-sells-stake-in-lt-infrastructure-development-projects/article68053125.ece,2024-04-11T10:14:00+05:30,2024-04-11T10:45:00+05:30,20240411051500,2024-04-12,publisher_published_at,20240411051500-151,Direct headline match with company alias,,,,DIRECTLY_RELEVANT,"Material corporate divestment: L&T sells entire 51% stake in L&T IDPL to Edelweiss Alternatives for Rs 6,000 crore enterprise valuation."
40ddae0b9d7c5558fa02c935c92853ddc78d1e01,LT.NS,Larsen & Toubro,"L&T completes divestment of L&T Infrastructure Development Projects, sells entire 51% stake",financialexpress.com,https://www.financialexpress.com/business/industry-lt-completes-divestment-of-lt-infrastructure-development-projects-sells-entire-51-stake-3453570,2024-04-11T12:37:00+05:30,2024-04-11T13:15:00+05:30,20240411074500,2024-04-12,publisher_published_at,20240411074500-378,Direct headline match with company alias,,,,DIRECTLY_RELEVANT,"Material corporate divestment: L&T sells entire 51% stake in L&T IDPL to Edelweiss Alternatives for Rs 6,000 crore enterprise valuation."
e85d302fd1016620b40c084fc0ca6f8f3c17c6fc,LT.NS,Larsen & Toubro,Larsen & Toubro Divests Entire 51% Stake In L&T Infra Development Projects Limited,news18.com,https://www.news18.com/business/larsen-and-toubro-divests-entire-51-stake-in-lt-infra-development-projects-limited-8847874.html,2024-04-11T14:22:00+05:30,2024-04-11T17:00:00+05:30,20240411113000,2024-04-12,publisher_published_at,20240411113000-2120,Direct headline match with company alias,,,,DIRECTLY_RELEVANT,"Material corporate divestment: L&T sells entire 51% stake in L&T IDPL to Edelweiss Alternatives for Rs 6,000 crore enterprise valuation."
1eaa08f6559571d276e7f3a53029167d80816de2,LT.NS,Larsen & Toubro,Larsen & Toubro Divests Entire Stake In L&T Infrastructure Development Projects,ibcworldnews.com,https://ibcworldnews.com?p=142725,2024-04-11T18:44:00+05:30,2024-04-11T22:15:00+05:30,20240411164500,2024-04-12,publisher_published_at,20240411164500-2284,Direct headline match with company alias,,,,DIRECTLY_RELEVANT,"Material corporate divestment: L&T sells entire 51% stake in L&T IDPL to Edelweiss Alternatives for Rs 6,000 crore enterprise valuation."
d68d1c7967d3c902bae5c6478ddbf0c5de5fc59a,LT.NS,Larsen & Toubro,L&T sells entire 51% stake in L&T Infrastructure Development Projects Limited,moneycontrol.com,https://www.moneycontrol.com/news/business/lt-sells-entire-51-stake-in-lt-infrastructure-development-projects-limited-12619281.html,,2024-04-11T11:45:00+05:30,20240411061500,2024-04-12,gdelt_gkg_observation,20240411061500-69,Direct headline match with company alias,,,,DIRECTLY_RELEVANT,"Material corporate divestment: L&T sells entire 51% stake in L&T IDPL to Edelweiss Alternatives for Rs 6,000 crore enterprise valuation."
0ea6c5eded975b3c5013bc62234c651c18f3c00b,LT.NS,Larsen & Toubro,Larsen & Toubro divests entire stake in L&T Infrastructure Development Projects,prokerala.com,https://www.prokerala.com/news/articles/a1522029.html,,2024-04-11T12:45:00+05:30,20240411071500,2024-04-12,gdelt_gkg_observation,20240411071500-225,Direct headline match with company alias,,,,DIRECTLY_RELEVANT,"Material corporate divestment: L&T sells entire 51% stake in L&T IDPL to Edelweiss Alternatives for Rs 6,000 crore enterprise valuation."
50759c04159d156455d0ce6e2db66ed9c52d7443,LT.NS,Larsen & Toubro,Larsen & Toubro Divests Entire Stake In L&T Infrastructure Development Projects,india.com,https://zeenews.india.com/companies/larsen-toubro-divests-entire-stake-in-lt-infrastructure-development-projects-2739231.html,,2024-04-11T14:00:00+05:30,20240411083000,2024-04-12,gdelt_gkg_observation,20240411083000-658,Direct headline match with company alias,,,,DIRECTLY_RELEVANT,"Material corporate divestment: L&T sells entire 51% stake in L&T IDPL to Edelweiss Alternatives for Rs 6,000 crore enterprise valuation."
da41c78ff6172179cabe14f57a8790bc25a31ceb,LT.NS,Larsen & Toubro,L&T offloads entire stake in L&T Infra Development Projects Ltd,businesstoday.in,https://www.businesstoday.in/latest/corporate/story/lt-exits-lt-infra-development-projects-ltd-425134-2024-04-11,,2024-04-11T14:15:00+05:30,20240411084500,2024-04-12,gdelt_gkg_observation,20240411084500-470,Direct headline match with company alias,,,,DIRECTLY_RELEVANT,"Material corporate divestment: L&T sells entire 51% stake in L&T IDPL to Edelweiss Alternatives for Rs 6,000 crore enterprise valuation."
2cbee470b10424ffcb76f3474f798dab5dbb6513,LT.NS,Larsen & Toubro,Larsen & Toubro Sells Entire Stake in L&T Infrastructure Development Projects,siliconindia.com,https://www.siliconindia.com/news/general/larsen--toubro-sells-entire-stake-in-lt-infrastructure-development-projects-nid-228936-cid-1.html,,2024-04-11T15:00:00+05:30,20240411093000,2024-04-12,gdelt_gkg_observation,20240411093000-1445,Direct headline match with company alias,,,,DIRECTLY_RELEVANT,"Material corporate divestment: L&T sells entire 51% stake in L&T IDPL to Edelweiss Alternatives for Rs 6,000 crore enterprise valuation."
aa7244fb4a0143b57fd6a526e038723c095fed81,LT.NS,Larsen & Toubro,Edelweiss Alternatives backed platform acquires L&T Infrastructure Development Projects,indiatimes.com,https://economictimes.indiatimes.com/industry/services/property-/-cstruction/edelweiss-alternatives-backed-platform-acquires-lt-infrastructure-development-projects/articleshow/109219176.cms,,2024-04-11T17:00:00+05:30,20240411113000,2024-04-12,gdelt_gkg_observation,20240411113000-601,Direct headline match with company alias,,,,DIRECTLY_RELEVANT,"Material corporate divestment: L&T sells entire 51% stake in L&T IDPL to Edelweiss Alternatives for Rs 6,000 crore enterprise valuation."
8ae2cd87b5aaca0cecddba174fc07c192bcb8fe7,LT.NS,Larsen & Toubro,Edelweiss Alternatives backed platform acquires L&T Infrastructure Development Projects,moneycontrol.com,https://www.moneycontrol.com/news/business/edelweiss-alternatives-backed-platform-acquires-lt-infrastructure-development-projects-12622601.html,,2024-04-11T17:45:00+05:30,20240411121500,2024-04-12,gdelt_gkg_observation,20240411121500-161,Direct headline match with company alias,,,,DIRECTLY_RELEVANT,"Material corporate divestment: L&T sells entire 51% stake in L&T IDPL to Edelweiss Alternatives for Rs 6,000 crore enterprise valuation."
23b559f1b1cb9cc182d89434801e3a5bdf6db338,LT.NS,Larsen & Toubro,"L&T Infra Development: Edelweiss Alt completes acquisition of L&T Infra Development Projs for Rs 6,000 cr",indiatimes.com,https://economictimes.indiatimes.com/industry/banking/finance/edelweiss-alt-completes-acquisition-of-lt-infra-development-projs-for-rs-6000-cr/articleshow/109220757.cms,,2024-04-11T18:30:00+05:30,20240411130000,2024-04-12,gdelt_gkg_observation,20240411130000-929,Direct headline match with company alias,,,,DIRECTLY_RELEVANT,"Material corporate divestment: L&T sells entire 51% stake in L&T IDPL to Edelweiss Alternatives for Rs 6,000 crore enterprise valuation."
9254f4b1f8eccd561fbe73c202706cd2989bf75c,LT.NS,Larsen & Toubro,Edelweiss Alternatives backed platform acquires L&T Infrastructure Development Projects Ltd | Indiablooms,indiablooms.com,https://www.indiablooms.com/finance-details/20231/edelweiss-alternatives-backed-platform-acquires-l-t-infrastructure-development-projects-ltd.html,,2024-04-11T22:45:00+05:30,20240411171500,2024-04-12,gdelt_gkg_observation,20240411171500-851,Direct headline match with company alias,,,,DIRECTLY_RELEVANT,"Material corporate divestment: L&T sells entire 51% stake in L&T IDPL to Edelweiss Alternatives for Rs 6,000 crore enterprise valuation."
f1a84b19099f1d4df33ec96a18e2db17b80ca822,LT.NS,Larsen & Toubro,Edelweiss Alternatives' Fund: Edelweiss Alternatives' Fund acquires L&T IDPL,indiatimes.com,https://economictimes.indiatimes.com/markets/stocks/news/edelweiss-alternatives-fund-acquires-lt-idpl/articleshow/109230361.cms,,2024-04-12T06:45:00+05:30,20240412011500,2024-04-12,gdelt_gkg_observation,20240412011500-1042,Direct headline match with company alias,,,,DIRECTLY_RELEVANT,"Material corporate divestment: L&T sells entire 51% stake in L&T IDPL to Edelweiss Alternatives for Rs 6,000 crore enterprise valuation."
9c0207fff37c86ac0ce444743754fef374d493ac,LT.NS,Larsen & Toubro,l&t shares: Stock Radar: L&T breaks out from Cup and Handle pattern to hit fresh record high in April; Time to buy or book profits?,indiatimes.com,https://economictimes.indiatimes.com/markets/stocks/news/stock-radar-lt-breaks-out-from-cup-and-handle-pattern-to-hit-fresh-record-high-in-april-time-to-buy-or-book-profits/articleshow/109219579.cms,,2024-04-12T06:45:00+05:30,20240412011500,2024-04-12,gdelt_gkg_observation,20240412011500-1370,Direct headline match with company alias,,,,DIRECTLY_RELEVANT,Stock Radar: L&T hits fresh record high post breakout.
a87bffea7ab95f2756464d98ede1b38ce2722987,LT.NS,Larsen & Toubro,L&T trades higher after selling off entire stake in infra development arm,moneycontrol.com,https://www.moneycontrol.com/news/business/stocks/lt-trades-higher-after-selling-off-entire-stake-in-infra-development-arm-12624511.html,,2024-04-12T10:15:00+05:30,20240412044500,2024-04-12,gdelt_gkg_observation,20240412044500-1275,Direct headline match with company alias,,,,DIRECTLY_RELEVANT,L&T shares advance following completion of infra development arm divestment.
67d4380944e8f6070ae391df0b7f2d5c58d69612,LT.NS,Larsen & Toubro,"Top 10 Stocks To Buy For Today (12-04-24); TCS, Wipro, L&T, Mahindra, Vodafone, TATA Motors; Know Best Shares Bets By Market Experts",india.com,https://www.india.com/business/top-10-stocks-to-buy-for-today-12-04-24-tcs-wipro-l-know-best-shares-bets-by-market-experts-6853621,,2024-04-12T10:15:00+05:30,20240412044500,2024-04-12,gdelt_gkg_observation,20240412044500-700,Direct headline match with company alias,,,,DIRECTLY_RELEVANT,Top 10 stocks to buy roundup including L&T.
975dbca4a02ab70a5a74b2091a86afce360e8f20,LT.NS,Larsen & Toubro,"Kotak retains 'sell' rating on L&T over Saudi capex worries, cuts target to Rs 3,100",moneycontrol.com,https://www.moneycontrol.com/news/business/earnings/kotak-retains-sell-rating-on-lt-over-saudi-capex-worries-cuts-target-to-rs-3100-12625341.html,,2024-04-12T10:45:00+05:30,20240412051500,2024-04-12,gdelt_gkg_observation,20240412051500-1137,Direct headline match with company alias,,,,DIRECTLY_RELEVANT,Kotak Institutional Equities rating update on L&T over Saudi Aramco capex concerns.
8a7f3a5b195acccdbce023fa53b6ca3a0f08f0e6,LT.NS,Larsen & Toubro,Larson and Toubro | Edelweiss Alternatives seals buyout of L&T Infrastructure Development Projects,telegraphindia.com,https://www.telegraphindia.com/business/edelweiss-alternatives-seals-buyout-of-lt-infrastructure-development-projects/cid/2012807,,2024-04-12T13:15:00+05:30,20240412074500,2024-04-12,gdelt_gkg_observation,20240412074500-65,Direct headline match with company alias,,,,DIRECTLY_RELEVANT,Edelweiss Alternatives completes buyout of L&T Infrastructure Development Projects.
fbef81e97d2d8a0f200c18513bb980e646d6ee6e,LT.NS,Larsen & Toubro,Larson and Toubro | Edelweiss Alternatives seals buyout of L&T Infrastructure Development Projects,telegraphindia.com,https://www.telegraphindia.com/feeds/business/edelweiss-alternatives-seals-buyout-of-lt-infrastructure-development-projects/cid/2012807,,2024-04-12T13:15:00+05:30,20240412074500,2024-04-12,gdelt_gkg_observation,20240412074500-712,Direct headline match with company alias,,,,DIRECTLY_RELEVANT,Edelweiss Alternatives completes buyout of L&T Infrastructure Development Projects.
571c6ad37ef757046800a3f18d34a99cc5f8c931,LT.NS,Larsen & Toubro,Business News | Edelweiss Alternatives Acquires 100 Per Cent Stake in L&T Infrastructure Development Projects Limited,latestly.com,https://www.latestly.com/agency-news/business-news-edelweiss-alternatives-acquires-100-per-cent-stake-in-lt-infrastructure-development-projects-limited-5891152.html,2024-04-13T15:06:00+05:30,2024-04-13T18:15:00+05:30,20240413124500,2024-04-15,publisher_published_at,20240413124500-416,Direct headline match with company alias,,,,DIRECTLY_RELEVANT,Edelweiss Alternatives completes buyout of L&T Infrastructure Development Projects.
2a694bd4addd652013b8b35202df3502dde7d4f6,LT.NS,Larsen & Toubro,Edelweiss Alternatives acquires 100 per cent stake in L&T infrastructure development projects limited,aninews.in,https://aninews.in/news/business/edelweiss-alternatives-acquires-100-per-cent-stake-in-lampt-infrastructure-development-projects-limited20240413145249,,2024-04-13T18:00:00+05:30,20240413123000,2024-04-15,gdelt_gkg_observation,20240413123000-212,Direct headline match with company alias,,,,DIRECTLY_RELEVANT,Edelweiss Alternatives completes buyout of L&T Infrastructure Development Projects.
18cfb1382a5f1191b3732a2bc2988e53d2cd8009,LT.NS,Larsen & Toubro,L&T Finance Ltd. Empowers Over 42 Lakh Community Members through the Digital Sakhi Program,aninews.in,https://aninews.in/news/business/lampt-finance-ltd-empowers-over-42-lakh-community-members-through-the-digital-sakhi-program20240415174933,,2024-04-15T20:00:00+05:30,20240415143000,2024-04-16,gdelt_gkg_observation,20240415143000-444,Direct headline match with company alias,,,,INDIRECTLY_RELEVANT,L&T Finance Digital Sakhi rural community initiative.
ed4e90e93bff87778d3c909a8267c0f7d08e6e57,LT.NS,Larsen & Toubro,L&T Finance Ltd. Empowers Over 42 Lakh Community Members through the Digital Sakhi Program,srilankasource.com,https://www.srilankasource.com/news/274273245/lt-finance-ltd-empowers-over-42-lakh-community-members-through-the-digital-sakhi-program,,2024-04-15T20:30:00+05:30,20240415150000,2024-04-16,gdelt_gkg_observation,20240415150000-367,Direct headline match with company alias,,,,INDIRECTLY_RELEVANT,L&T Finance Digital Sakhi rural community initiative.
4b84b16a690db73e5e1464f9872ad5114c10596a,LT.NS,Larsen & Toubro,L&T Finance Ltd. Empowers Over 42 Lakh Community Members through the Digital Sakhi Program,webindia123.com,https://news.webindia123.com/news/Articles/Business/20240415/4187982.html,,2024-04-15T23:15:00+05:30,20240415174500,2024-04-16,gdelt_gkg_observation,20240415174500-1584,Direct headline match with company alias,,,,INDIRECTLY_RELEVANT,L&T Finance Digital Sakhi rural community initiative.
0899ab14b72702aa75ef6d91f91afc94a28354ae,LT.NS,Larsen & Toubro,fmcg stocks: Buy L&T on dips; worries over FMCG stocks continue: Sudip Bandyopadhyay,indiatimes.com,https://economictimes.indiatimes.com/markets/expert-view/buy-lt-on-dips-worries-over-fmcg-stocks-continue-sudip-bandyopadhyay/articleshow/109331380.cms,,2024-04-16T10:15:00+05:30,20240416044500,2024-04-16,gdelt_gkg_observation,20240416044500-969,Direct headline match with company alias,,,,DIRECTLY_RELEVANT,Expert market view: Buy L&T on dips.
691cc15fdcc9e8dfd60220433b8473fb614dec2b,LT.NS,Larsen & Toubro,"L&T, Infosys, HDFC AMC, Bajaj Finance, Gujarat Gas, Hindalco, VST Industries, Varun Beverages Stocks; Know Share Price Target",india.com,https://www.india.com/business/l-know-share-price-target-6862675,,2024-04-16T13:15:00+05:30,20240416074500,2024-04-16,gdelt_gkg_observation,20240416074500-941,Direct headline match with company alias,,,,DIRECTLY_RELEVANT,Stock market price target roundup including L&T.
f1f67785342d1edcc398bd5e2b93a59d2e04db17,LT.NS,Larsen & Toubro,"Mr. Subramanian Sarma Inducted as Executive Director on L&T Board, Mr. S V Desai & Mr. T Madhava Das elevated – Chennaionline",chennaionline.com,https://www.chennaionline.com/chennai-360/mr-subramanian-sarma-inducted-as-executive-director-on-lt-board-mr-s-v-desai-mr-t-madhava-das-elevated,,2024-04-17T01:45:00+05:30,20240416201500,2024-04-18,gdelt_gkg_observation,20240416201500-1989,Direct headline match with company alias,,,,DIRECTLY_RELEVANT,L&T Board appointment: Subramanian Sarma inducted as Executive Director.
e4af5fa9d8b444616c9fcca309fd9855315e04f4,LT.NS,Larsen & Toubro,MahaRERA directs L&T to deduct only 2% while terminating booking of NRI homebuyer,moneycontrol.com,https://www.moneycontrol.com/news/business/real-estate/maharera-directs-lt-to-deduct-only-2-while-terminating-booking-of-nri-homebuyer-12658681.html,,2024-04-17T16:30:00+05:30,20240417110000,2024-04-18,gdelt_gkg_observation,20240417110000-311,Direct headline match with company alias,,,,DIRECTLY_RELEVANT,MahaRERA regulatory order regarding L&T Realty residential booking termination.
2d28e756edbe215459ed8685253e02434c5b420b,LT.NS,Larsen & Toubro,L&T | L&T share price: Don't plan to get into IT stocks for next few months; play telecom via Reliance: Daljeet Singh Kohli,indiatimes.com,https://economictimes.indiatimes.com/markets/expert-view/dont-plan-to-get-into-it-stocks-for-next-few-months-play-telecom-via-reliance-daljeet-singh-kohli/articleshow/109389300.cms,,2024-04-18T10:15:00+05:30,20240418044500,2024-04-18,gdelt_gkg_observation,20240418044500-267,Direct headline match with company alias,,,,DIRECTLY_RELEVANT,Market commentary and stock outlook mentioning L&T.
6f37baa5cee30d1735204e5d586db1b449cedbee,LT.NS,Larsen & Toubro,Tamil Nadu: Steel cutting of third Cadet Training Ship held at L&T shipyard at Kattupalli,aninews.in,https://aninews.in/news/national/general-news/tamil-nadu-steel-cutting-of-third-cadet-training-ship-held-at-lampt-shipyard-at-kattupalli20240420191930,,2024-04-20T22:15:00+05:30,20240420164500,2024-04-22,gdelt_gkg_observation,20240420164500-941,Direct headline match with company alias,,,,DIRECTLY_RELEVANT,L&T Shipyard Kattupalli performs steel cutting ceremony for Indian Navy Cadet Training Ship.
fe00ad08d3ea4a938a02184414a82e1650eb1535,LT.NS,Larsen & Toubro,"STEEL CUTTING OF THIRD CADET TRAINING SHIP AT M/S L&T SHIPYARD, KATTUPALLI",theindianawaaz.com,https://theindianawaaz.com/steel-cutting-of-third-cadet-training-ship-at-m-s-lt-shipyard-kattupalli,,2024-04-21T04:00:00+05:30,20240420223000,2024-04-22,gdelt_gkg_observation,20240420223000-269,Direct headline match with company alias,,,,DIRECTLY_RELEVANT,L&T Shipyard Kattupalli performs steel cutting ceremony for Indian Navy Cadet Training Ship.
b77ffe1a953d933e9415ebd56b5b0a6e8b0c7c4a,LT.NS,Larsen & Toubro,"Steel cutting of third cadet training ship held at L&T Shipyard, Kattupalli – Indian Defence Research Wing",idrw.org,https://idrw.org/steel-cutting-of-third-cadet-training-ship-held-at-lt-shipyard-kattupalli,,2024-04-21T12:00:00+05:30,20240421063000,2024-04-22,gdelt_gkg_observation,20240421063000-0,Direct headline match with company alias,,,,DIRECTLY_RELEVANT,L&T Shipyard Kattupalli performs steel cutting ceremony for Indian Navy Cadet Training Ship.
cf64be134f785614cf6c512caf13950ff9b7ed50,LT.NS,Larsen & Toubro,"STEEL CUTTING OF THIRD CADET TRAINING SHIP AT M/S L&T SHIPYARD, KATTUPALLI",globalsecurity.org,https://www.globalsecurity.org/wmd/library/news/india/2024/india-240420-india-pib02.htm,,2024-04-21T18:00:00+05:30,20240421123000,2024-04-22,gdelt_gkg_observation,20240421123000-578,Direct headline match with company alias,,,,DIRECTLY_RELEVANT,L&T Shipyard Kattupalli performs steel cutting ceremony for Indian Navy Cadet Training Ship.
de47b25a3d094590f6f145f4f3bac0482fa9a8ae,LT.NS,Larsen & Toubro,Dr. Lankapalli Bullayya College of Engineering inks MoU with L&T EduTech to upskill students,thehindu.com,https://www.thehindu.com/news/cities/Visakhapatnam/dr-lankapalli-bullayya-college-of-engineering-inks-mou-with-lt-edutech-to-upskill-students/article68094337.ece,2024-04-22T18:15:00+05:30,2024-04-22T18:45:00+05:30,20240422131500,2024-04-23,publisher_published_at,20240422131500-136,Direct headline match with company alias,,,,DIRECTLY_RELEVANT,L&T EduTech signs MoU with engineering college for technical skilling.
ee40d9d119f1477e48899e2fcfdc37fad036c519,LT.NS,Larsen & Toubro,L&T Finance Holdings Limited will Change its Name to L&T Finance Limited,marketscreener.com,https://www.marketscreener.com/quote/stock/L-T-FINANCE-LIMITED-10752290/news/L-T-Finance-Holdings-Limited-will-Change-its-Name-to-L-T-Finance-Limited-46316697,,2024-04-23T07:15:00+05:30,20240423014500,2024-04-23,gdelt_gkg_observation,20240423014500-1322,Direct headline match with company alias,,,,INDIRECTLY_RELEVANT,Corporate name change: L&T Finance Holdings Limited renamed to L&T Finance Limited.
3f0566930365c7c8dafa3fb5df5c3a48fbe7803d,LT.NS,Larsen & Toubro,L&T manufactures hydrotreating reactor for refinery in Mexico,indiatimes.com,https://economictimes.indiatimes.com/industry/indl-goods/svs/engineering/lt-manufactures-hydrotreating-reactor-for-refinery-in-mexico/articleshow/109528109.cms,,2024-04-23T15:00:00+05:30,20240423093000,2024-04-23,gdelt_gkg_observation,20240423093000-449,Direct headline match with company alias,,,,DIRECTLY_RELEVANT,L&T Heavy Engineering manufactures and exports giant hydrotreating reactor for Mexican refinery.
2b36f778075c384ce1f4015f449353662f90584d,LT.NS,Larsen & Toubro,L&T manufactures hydrotreating reactor for refinery in Mexico,moneycontrol.com,https://www.moneycontrol.com/news/business/lt-manufactures-hydrotreating-reactor-for-refinery-in-mexico-12703121.html,,2024-04-23T15:30:00+05:30,20240423100000,2024-04-24,gdelt_gkg_observation,20240423100000-78,Direct headline match with company alias,,,,DIRECTLY_RELEVANT,L&T Heavy Engineering manufactures and exports giant hydrotreating reactor for Mexican refinery.
2479b10f6337c08120116c2bcfd2a4707c35e5b9,LT.NS,Larsen & Toubro,BSE : Listing of new Commercial Paper of L&T Metro Rail (Hyderabad) Limited,marketscreener.com,https://www.marketscreener.com/quote/stock/BSE-LIMITED-33930062/news/BSE-Listing-of-new-Commercial-Paper-of-L-T-Metro-Rail-Hyderabad-Limited-46504212,,2024-04-23T19:30:00+05:30,20240423140000,2024-04-24,gdelt_gkg_observation,20240423140000-1591,Direct headline match with company alias,,,,DIRECTLY_RELEVANT,BSE listing announcement of new commercial paper for L&T Metro Rail Hyderabad.
23b039a524f774082674e3b42fa1eb63ff5c57ad,LT.NS,Larsen & Toubro,How L&T is engineering an AI-driven conglomerate,livemint.com,https://www.livemint.com/companies/how-l-t-is-engineering-an-ai-driven-conglomerate-11713957779560.html,2024-04-24T17:02:00+05:30,2024-04-24T17:30:00+05:30,20240424120000,2024-04-25,publisher_published_at,20240424120000-604,Direct headline match with company alias,,,,DIRECTLY_RELEVANT,LiveMint feature on L&T's enterprise AI integration across engineering operations.
9c78d22080e2d9c3fdd08a4552e82e3a0e2a948e,LT.NS,Larsen & Toubro,L&T Construction может использовать узбекскую кабельную продукцию в своих инвестиционных проектах,uzdaily.uz,https://www.uzdaily.uz/ru/post/85389,,2024-04-24T16:45:00+05:30,20240424111500,2024-04-25,gdelt_gkg_observation,20240424111500-T1026,Direct headline match with company alias,,,,DIRECTLY_RELEVANT,L&T Construction data center engineering project development in Central Asia.
6adaf26460409dbf0816167aede123c867fdf9f0,LT.NS,Larsen & Toubro,L&T Construction может использовать узбекскую кабельную продукцию в своих инвестиционных проектах,uzdaily.com,https://www.uzdaily.com/ru/post/85389,,2024-04-24T18:00:00+05:30,20240424123000,2024-04-25,gdelt_gkg_observation,20240424123000-T383,Direct headline match with company alias,,,,DIRECTLY_RELEVANT,L&T Construction data center engineering project development in Central Asia.
7d045b023223fba3c425f6e93f673025b6f7e156,LT.NS,Larsen & Toubro,L&T Manufactures Mammoth Hydrotreating Reactor for Mexican Refinery Giant – Indian Defence Research Wing,idrw.org,https://idrw.org/lt-manufactures-mammoth-hydrotreating-reactor-for-mexican-refinery-giant,,2024-04-24T21:15:00+05:30,20240424154500,2024-04-25,gdelt_gkg_observation,20240424154500-2572,Direct headline match with company alias,,,,DIRECTLY_RELEVANT,L&T Heavy Engineering manufactures and exports giant hydrotreating reactor for Mexican refinery.
0ad78c827b257ea8c15f8a442f14b6373a616876,LT.NS,Larsen & Toubro,"L&T Technology Services Logs Rs 1,304 Crore In Net Profit In FY24",menafn.com,https://menafn.com/1108138562/LT-Technology-Services-Logs-Rs-1304-Crore-In-Net-Profit-In-FY24,2024-04-25T05:30:00+05:30,2024-04-25T21:30:00+05:30,20240425160000,2024-04-26,publisher_published_at,20240425160000-2177,Direct headline match with company alias,,,,INDIRECTLY_RELEVANT,"L&T Technology Services (LTTS) Q4/FY24 financial results, earnings call, and strategic business reorganisation."
e1b851ec1e599a8c42b009198bb6bd29f345c0c2,LT.NS,Larsen & Toubro,"L&T Technology Services Logs Rs 1,304 Crore In Net Profit In FY24",glamsham.com,https://glamsham.com/world/technology/lt-technology-services-logs-rs-1304-crore-in-net-profit-in-fy24,2024-04-25T18:14:00+05:30,2024-04-25T20:30:00+05:30,20240425150000,2024-04-26,publisher_published_at,20240425150000-1559,Direct headline match with company alias,,,,INDIRECTLY_RELEVANT,"L&T Technology Services (LTTS) Q4/FY24 financial results, earnings call, and strategic business reorganisation."
cc359144e5819590fb433f71fb36dc91fbdb417b,LT.NS,Larsen & Toubro,"L&T Technology Services Reports 5 Percent QoQ Revenue Growth in Q4 and Net Profit of Rs.1,300 Crore Plus in FY24",devdiscourse.com,https://www.devdiscourse.com/article/business/2917630-lt-technology-services-reports-5-percent-qoq-revenue-growth-in-q4-and-net-profit-of-rs1300-crore-plus-in-fy24,2024-04-25T18:37:00+05:30,2024-04-25T21:30:00+05:30,20240425160000,2024-04-26,publisher_published_at,20240425160000-612,Direct headline match with company alias,,,,INDIRECTLY_RELEVANT,"L&T Technology Services (LTTS) Q4/FY24 financial results, earnings call, and strategic business reorganisation."
dd4d38490e47d77b2c229f415b7919a976b436d0,LT.NS,Larsen & Toubro,L&T Tech Q4 Results: Net profit rises 0.2% to ₹340 crore on slower revenue growth,livemint.com,https://www.livemint.com/companies/company-results/lt-tech-q4-results-net-profit-revenue-growth-l-t-technology-services-amit-chadha-11714057758858.html,2024-04-25T20:53:00+05:30,2024-04-25T22:00:00+05:30,20240425163000,2024-04-26,publisher_published_at,20240425163000-1352,Direct headline match with company alias,,,,INDIRECTLY_RELEVANT,"L&T Technology Services (LTTS) Q4/FY24 financial results, earnings call, and strategic business reorganisation."
b7882a3b57e9780c2044431fabdd52a51212c220,LT.NS,Larsen & Toubro,"L&T Tech reports growth in Q4; gaining market share in hi-tech, says CEO",financialexpress.com,https://www.financialexpress.com/business/industry-lampt-tech-reports-growth-in-q4-gaining-market-share-in-hi-tech-says-ceo-3468771,2024-04-26T00:15:00+05:30,2024-04-26T01:45:00+05:30,20240425201500,2024-04-26,publisher_published_at,20240425201500-2112,Direct headline match with company alias,,,,INDIRECTLY_RELEVANT,"L&T Technology Services (LTTS) Q4/FY24 financial results, earnings call, and strategic business reorganisation."
4e36c7b645b57edb38121c5e41ff2ca4bb6ef18e,LT.NS,Larsen & Toubro,"L&T:llä vastatuulta monesta suunnasta – Tulos painui, mutta ohjeistus on ennallaan",arvopaperi.fi,https://www.arvopaperi.fi/uutiset/ap/c963abfc-ed7e-42e8-8f0f-220afa5c6f4b,2024-04-26T10:43:00+05:30,2024-04-26T12:00:00+05:30,20240426063000,2024-04-26,publisher_published_at,20240426063000-T634,Direct headline match with company alias,,,,NOT_RELEVANT,False positive collision: Finnish company Lassila & Tikanoja (abbreviated L&T on Nasdaq Helsinki).
3ed7d14821185295e38e9a353d21007696e32fb9,LT.NS,Larsen & Toubro,L&T Tech Q4 result review: Stock tanks 9.5% as brokerages remain cautious,livemint.com,https://www.livemint.com/market/stock-market-news/lt-tech-q4-result-review-stock-tanks-9-5-as-brokerages-remain-cautious-cut-estimates-morgan-stanley-antique-emkay-11714119022862.html,2024-04-26T14:26:00+05:30,2024-04-26T15:15:00+05:30,20240426094500,2024-04-26,publisher_published_at,20240426094500-648,Direct headline match with company alias,,,,INDIRECTLY_RELEVANT,"L&T Technology Services (LTTS) Q4/FY24 financial results, earnings call, and strategic business reorganisation."
587ea1822fdbdf95ceae71200988e0016e4aaec6,LT.NS,Larsen & Toubro,India's L&T Technology posts Q4 revenue beat on order boost,marketscreener.com,https://www.marketscreener.com/quote/stock/INFOSYS-LIMITED-9743342/news/India-s-L-T-Technology-posts-Q4-revenue-beat-on-order-boost-46530818,,2024-04-25T18:00:00+05:30,20240425123000,2024-04-26,gdelt_gkg_observation,20240425123000-640,Direct headline match with company alias,,,,INDIRECTLY_RELEVANT,"L&T Technology Services (LTTS) Q4/FY24 financial results, earnings call, and strategic business reorganisation."
aaec5a387be62447fb08e0d8fa4450fd6ffcedbf,LT.NS,Larsen & Toubro,L'indien L&T Technology affiche un chiffre d'affaires supérieur à celui du quatrième trimestre grâce à l'augmentation des commandes,zonebourse.com,https://www.zonebourse.com/cours/action/INFOSYS-LIMITED-9743342/actualite/L-indien-L-T-Technology-affiche-un-chiffre-d-affaires-superieur-a-celui-du-quatrieme-trimestre-gr-46530818,,2024-04-25T18:00:00+05:30,20240425123000,2024-04-26,gdelt_gkg_observation,20240425123000-T716,Direct headline match with company alias,,,,INDIRECTLY_RELEVANT,"L&T Technology Services (LTTS) Q4/FY24 financial results, earnings call, and strategic business reorganisation."
d5002e1d7ff1e94d7a86defcce1b3897f2240334,LT.NS,Larsen & Toubro,L&T Technology Services Unveils Strategic Reorganization,itnewsonline.com,https://www.itnewsonline.com/BusinessWire/LT-Technology-Services-Unveils-Strategic-Reorganization/33076,,2024-04-25T18:45:00+05:30,20240425131500,2024-04-26,gdelt_gkg_observation,20240425131500-777,Direct headline match with company alias,,,,INDIRECTLY_RELEVANT,"L&T Technology Services (LTTS) Q4/FY24 financial results, earnings call, and strategic business reorganisation."
62f8d21fe20a047ab544959e7d71ba9ae6907ba7,LT.NS,Larsen & Toubro,"L&T Technology Services logs Rs 1,304 crore in net profit in FY24",prokerala.com,https://www.prokerala.com/news/articles/a1525941.html,,2024-04-25T18:45:00+05:30,20240425131500,2024-04-26,gdelt_gkg_observation,20240425131500-916,Direct headline match with company alias,,,,INDIRECTLY_RELEVANT,"L&T Technology Services (LTTS) Q4/FY24 financial results, earnings call, and strategic business reorganisation."
e25333455b74675593188fa85e833ce18c2bdc55,LT.NS,Larsen & Toubro,"L&T Technology Services Reports 5 Percent QoQ Revenue Growth in Q4 and Net Profit of Rs.1,300 Crore Plus in FY24",aninews.in,https://aninews.in/news/business/lampt-technology-services-reports-5-percent-qoq-revenue-growth-in-q4-and-net-profit-of-rs1300-crore-plus-in-fy2420240425183146,,2024-04-25T20:15:00+05:30,20240425144500,2024-04-26,gdelt_gkg_observation,20240425144500-464,Direct headline match with company alias,,,,INDIRECTLY_RELEVANT,"L&T Technology Services (LTTS) Q4/FY24 financial results, earnings call, and strategic business reorganisation."
e1920f0071a411e09f4b811d01f5c7f0c892bcfc,LT.NS,Larsen & Toubro,L&T Technology Services Unveils Strategic Reorganization,srilankasource.com,https://www.srilankasource.com/news/274309422/lt-technology-services-unveils-strategic-reorganization,,2024-04-25T20:30:00+05:30,20240425150000,2024-04-26,gdelt_gkg_observation,20240425150000-2164,Direct headline match with company alias,,,,INDIRECTLY_RELEVANT,"L&T Technology Services (LTTS) Q4/FY24 financial results, earnings call, and strategic business reorganisation."
814ab2203c36b81ef162f9c92e72209712f3f22b,LT.NS,Larsen & Toubro,"L&T Technology Services Reports 5 Percent QoQ Revenue Growth in Q4 and Net Profit of Rs.1,300 Crore Plus in FY24",srilankasource.com,https://www.srilankasource.com/news/274309429/lt-technology-services-reports-5-percent-qoq-revenue-growth-in-q4-and-net-profit-of-rs1300-crore-plus-in-fy24,,2024-04-25T20:30:00+05:30,20240425150000,2024-04-26,gdelt_gkg_observation,20240425150000-330,Direct headline match with company alias,,,,INDIRECTLY_RELEVANT,"L&T Technology Services (LTTS) Q4/FY24 financial results, earnings call, and strategic business reorganisation."
48bd042ca51879b89dc4aa15612a72c028a02a7e,LT.NS,Larsen & Toubro,L&T Technology Services unveils structural reorganisation,moneycontrol.com,https://www.moneycontrol.com/news/technology/lt-technology-services-unveils-structural-reorganisation-12708316.html,,2024-04-25T20:30:00+05:30,20240425150000,2024-04-26,gdelt_gkg_observation,20240425150000-2086,Direct headline match with company alias,,,,INDIRECTLY_RELEVANT,"L&T Technology Services (LTTS) Q4/FY24 financial results, earnings call, and strategic business reorganisation."
4941832d4f1545736cd35db302144ea7612b3af3,LT.NS,Larsen & Toubro,L&T Technology Services Unveils Strategic Reorganization,aninews.in,https://aninews.in/news/business/lampt-technology-services-unveils-strategic-reorganization20240425184516,,2024-04-25T20:45:00+05:30,20240425151500,2024-04-26,gdelt_gkg_observation,20240425151500-1275,Direct headline match with company alias,,,,INDIRECTLY_RELEVANT,"L&T Technology Services (LTTS) Q4/FY24 financial results, earnings call, and strategic business reorganisation."
070e944d462f8c2c9afa2a89a94ee3f801c8d46e,LT.NS,Larsen & Toubro,"Top 10 Stocks To Buy For Today (26-04-24); Tech Mahindra, L&T Tech, IndiGo, IndusInd Bank, Cyient, Bajaj Finance",india.com,https://www.india.com/business/top-10-stocks-to-buy-for-today-26-04-24-tech-mahindra-lt-tech-indigo-indusind-bank-cyient-bajaj-finance-6886127,,2024-04-26T09:30:00+05:30,20240426040000,2024-04-26,gdelt_gkg_observation,20240426040000-82,Direct headline match with company alias,,,,INDIRECTLY_RELEVANT,"L&T Technology Services (LTTS) Q4/FY24 financial results, earnings call, and strategic business reorganisation."
a17d0634386b51f24c5569784ee30a0c932e69d7,LT.NS,Larsen & Toubro,"Stock To Buy Today (26-04-24); Share Price Target Of L&T Tech, IndiGo, LIC, SBI Cards, ICICI Bank, Hindalco",india.com,https://www.india.com/business/stock-to-buy-today-26-04-24-share-price-target-of-lt-tech-indigo-lic-sbi-cards-icici-bank-hindalco-6886203,,2024-04-26T10:30:00+05:30,20240426050000,2024-04-26,gdelt_gkg_observation,20240426050000-774,Direct headline match with company alias,,,,INDIRECTLY_RELEVANT,"L&T Technology Services (LTTS) Q4/FY24 financial results, earnings call, and strategic business reorganisation."
6aaa161332435cb9773018506babdffeb4438ba4,LT.NS,Larsen & Toubro,L&T Technology Services Unveils Strategic Reorganization,webindia123.com,https://news.webindia123.com/news/Articles/Business/20240425/4191324.html,,2024-04-26T12:30:00+05:30,20240426070000,2024-04-26,gdelt_gkg_observation,20240426070000-620,Direct headline match with company alias,,,,INDIRECTLY_RELEVANT,"L&T Technology Services (LTTS) Q4/FY24 financial results, earnings call, and strategic business reorganisation."
126b163b148d1012e80616211c46f5e8f503be1b,LT.NS,Larsen & Toubro,"L&T Tech slumps 9% as Q4 results miss estimates, FY25 guidance lowers earnings visibility",moneycontrol.com,https://www.moneycontrol.com/news/business/markets/lt-tech-slumps-9-as-q4-results-miss-estimates-fy25-guidance-lowers-earnings-visibility-12708858.html,,2024-04-26T13:45:00+05:30,20240426081500,2024-04-26,gdelt_gkg_observation,20240426081500-731,Direct headline match with company alias,,,,INDIRECTLY_RELEVANT,"L&T Technology Services (LTTS) Q4/FY24 financial results, earnings call, and strategic business reorganisation."
d728d9150465b4ea7ff69d3cde21311daca493e1,LT.NS,Larsen & Toubro,"L&T Tech Services Achieves Rs 1,304 Crore Net Profit in FY24",siliconindia.com,https://www.siliconindia.com/news/general/lt-tech-services-achieves-rs-1304-crore-net-profit-in-fy24-nid-229210-cid-1.html,,2024-04-26T13:45:00+05:30,20240426081500,2024-04-26,gdelt_gkg_observation,20240426081500-665,Direct headline match with company alias,,,,INDIRECTLY_RELEVANT,"L&T Technology Services (LTTS) Q4/FY24 financial results, earnings call, and strategic business reorganisation."
8209d97860e1547b056ffc2cc04961db2c4ee345,LT.NS,Larsen & Toubro,L&T Technology Services Q4 Results Live : profit rise by 0.24% YOY,livemint.com,https://www.livemint.com/companies/company-results/lt-technology-services-q4-results-live-profit-rise-by-0-24-yoy-11714166211010.html,2024-04-27T02:46:00+05:30,2024-04-27T03:45:00+05:30,20240426221500,2024-04-29,publisher_published_at,20240426221500-1305,Direct headline match with company alias,,,,INDIRECTLY_RELEVANT,"L&T Technology Services (LTTS) Q4/FY24 financial results, earnings call, and strategic business reorganisation."
f1436dfd574999c59a8512c7f3526cd5a788bb90,LT.NS,Larsen & Toubro,L&T Finance consolidated PAT rises 11%,financialexpress.com,https://www.financialexpress.com/business/banking-finance-lampt-finance-consolidated-pat-rises-11-3470352,2024-04-28T01:15:00+05:30,2024-04-28T03:15:00+05:30,20240427214500,2024-04-29,publisher_published_at,20240427214500-280,Direct headline match with company alias,,,,INDIRECTLY_RELEVANT,"L&T Finance Limited Q4/FY24 financial earnings, net profit growth, and fintech partnerships."
84f3b8528b2ef7657a0865475b7354aaefd3b313,LT.NS,Larsen & Toubro,L&T Finance consolidated PAT rises 11%,financialexpress.com,https://www.financialexpress.com/shorts/business/banking-finance/lt-finance-consolidated-pat-rises-11-3470352,2024-04-28T06:56:00+05:30,2024-04-28T07:30:00+05:30,20240428020000,2024-04-29,publisher_published_at,20240428020000-291,Direct headline match with company alias,,,,INDIRECTLY_RELEVANT,"L&T Finance Limited Q4/FY24 financial earnings, net profit growth, and fintech partnerships."
22563c060d158523a0bf3d50c95dbdc632c727f2,LT.NS,Larsen & Toubro,"L&T Finance Q4 results: PAT up 11% at Rs 554 cr, retail book grows 31%",business-standard.com,https://www.business-standard.com/companies/results/l-t-finance-q4-results-pat-up-11-at-rs-554-cr-retail-book-grows-31-124042700752_1.html,,2024-04-27T22:45:00+05:30,20240427171500,2024-04-29,gdelt_gkg_observation,20240427171500-1021,Direct headline match with company alias,,,,INDIRECTLY_RELEVANT,"L&T Finance Limited Q4/FY24 financial earnings, net profit growth, and fintech partnerships."
33e21a2d8a14fb5a879f077e6bec658cf158ca42,LT.NS,Larsen & Toubro,"L&T Finance Limited Reports Earnings Results for the Fourth Quarter Ended March 31, 2024",marketscreener.com,https://www.marketscreener.com/quote/stock/L-T-FINANCE-LIMITED-10752290/news/L-T-Finance-Limited-Reports-Earnings-Results-for-the-Fourth-Quarter-Ended-March-31-2024-46557282,,2024-04-27T23:30:00+05:30,20240427180000,2024-04-29,gdelt_gkg_observation,20240427180000-816,Direct headline match with company alias,,,,INDIRECTLY_RELEVANT,"L&T Finance Limited Q4/FY24 financial earnings, net profit growth, and fintech partnerships."
d3ee3f4ddcb5ff4957fb6635fff88a243e2f300d,LT.NS,Larsen & Toubro,"L&T Finance Limited Reports Earnings Results for the Full Year Ended March 31, 2024",marketscreener.com,https://www.marketscreener.com/quote/stock/L-T-FINANCE-LIMITED-10752290/news/L-T-Finance-Limited-Reports-Earnings-Results-for-the-Full-Year-Ended-March-31-2024-46557526,,2024-04-28T01:00:00+05:30,20240427193000,2024-04-29,gdelt_gkg_observation,20240427193000-104,Direct headline match with company alias,,,,INDIRECTLY_RELEVANT,"L&T Finance Limited Q4/FY24 financial earnings, net profit growth, and fintech partnerships."
ded4bdfafc20a1cce944e53609a1f8371f089c75,LT.NS,Larsen & Toubro,"L&T Finance Q4 results: Net profit up 11%, NIM plus fees stands at 11.15%",business-standard.com,https://www.business-standard.com/companies/results/l-t-finance-q4-results-net-profit-up-11-nim-plus-fees-stood-at-11-15-124042700792_1.html,,2024-04-28T02:45:00+05:30,20240427211500,2024-04-29,gdelt_gkg_observation,20240427211500-357,Direct headline match with company alias,,,,INDIRECTLY_RELEVANT,"L&T Finance Limited Q4/FY24 financial earnings, net profit growth, and fintech partnerships."
6ee8d8dacab05328b19ac3c12726d64510aae88a,LT.NS,Larsen & Toubro,L&T-Navantia Team Offers S-80 Plus Submarines with High Indigenous Content for Indian Navy Tender – Indian Defence Research Wing,idrw.org,https://idrw.org/lt-navantia-team-offers-s-80-plus-submarines-with-high-indigenous-content-for-indian-navy-tender,,2024-04-28T07:00:00+05:30,20240428013000,2024-04-29,gdelt_gkg_observation,20240428013000-787,Direct headline match with company alias,,,,DIRECTLY_RELEVANT,Defence procurement: L&T-Navantia consortium offers S-80 Plus submarines for Indian Navy tender.
6a99d143cd22b59ef815949f17605f6c35b93721,LT.NS,Larsen & Toubro,"MC interview | L&T Finance in tie-up with four fintechs for personal loans, vehicle loans, says Sudipta Roy",moneycontrol.com,https://www.moneycontrol.com/news/business/mc-interview-lt-finance-in-tie-up-with-four-fintechs-for-personal-loans-vehicle-loans-say-sudipta-roy-12710101.html,,2024-04-29T10:45:00+05:30,20240429051500,2024-04-29,gdelt_gkg_observation,20240429051500-880,Direct headline match with company alias,,,,INDIRECTLY_RELEVANT,"L&T Finance Limited Q4/FY24 financial earnings, net profit growth, and fintech partnerships."
519a04f2c62bc8ad3f93484f75f4e5d65c1ce1ed,LT.NS,Larsen & Toubro,"India Movers: Apollo Hospitals, Craftsman Automation, HCL Technologies, ICICI Bank, L&T Finance, Maruti Suzuki, Yes Bank",ticker.com,"https://ticker.com/Asia-Stock-Movers-News-Today/India-Movers:-Apollo-Hospitals,-Craftsman-Automation,-HCL-Technologies,-ICICI-Bank,-L&T-Finance,-Maruti-Suzuki,--Yes-Bank/Apr%2029-2024/T-28392",,2024-04-29T12:15:00+05:30,20240429064500,2024-04-29,gdelt_gkg_observation,20240429064500-122,Direct headline match with company alias,,,,INDIRECTLY_RELEVANT,"L&T Finance Limited Q4/FY24 financial earnings, net profit growth, and fintech partnerships."
28374826db0880520b799252dbf2cb17984bf87a,LT.NS,Larsen & Toubro,Broker's call: L&T Technologies (Overweight) - The Hindu BusinessLine,thehindubusinessline.com,https://www.thehindubusinessline.com/markets/brokers-call-lt-technologies-overweight/article68120935.ece,2024-04-29T17:39:00+05:30,2024-04-29T21:00:00+05:30,20240429153000,2024-04-30,publisher_published_at,20240429153000-1212,Direct headline match with company alias,,,,INDIRECTLY_RELEVANT,Brokerage recommendation on L&T Technology Services.
ae80bce55981c4e949dce6a326e25366b7c9abbb,LT.NS,Larsen & Toubro,"Karnataka High Court dismisses L&T's appeal against ₹8,005 crore tender process for Sharavathy Pumped Storage and Hydroelectric project",thehindu.com,https://www.thehindu.com/news/cities/bangalore/karnataka-high-court-dismisses-lts-appeal-against-8005-crore-tender-process-for-sharavathy-pumped-storage-and-hydroelectric-project/article68121161.ece,2024-04-30T01:19:00+05:30,2024-04-30T01:45:00+05:30,20240429201500,2024-04-30,publisher_published_at,20240429201500-1329,Direct headline match with company alias,,,,DIRECTLY_RELEVANT,"High Court and Supreme Court rulings regarding L&T's legal challenge over Rs 8,005 crore Sharavathi hydro project tender."
3de89a9d92bd8bbdae4b158edc9e0130757a8c51,LT.NS,Larsen & Toubro,Buy Larsen and Toubro Finance Holdings; target of Rs 205: Anand Rathi,moneycontrol.com,https://www.moneycontrol.com/news/business/stocks/buy-larsen-and-toubro-finance-holdings-target-of-rs-205-anand-rathi-12711504.html,,2024-04-30T15:15:00+05:30,20240430094500,2024-04-30,gdelt_gkg_observation,20240430094500-387,Direct headline match with company alias,,,,INDIRECTLY_RELEVANT,Brokerage Buy recommendations and target prices for L&T Finance.
854624524ebe6827149fcc09fab1d909dbee3abd,LT.NS,Larsen & Toubro,Buy L&T Finance Holdings; target of Rs 185: Sharekhan,moneycontrol.com,https://www.moneycontrol.com/news/business/buy-l-target-of-rs-185-sharekhan-12711553.html,,2024-04-30T15:15:00+05:30,20240430094500,2024-04-30,gdelt_gkg_observation,20240430094500-277,Direct headline match with company alias,,,,INDIRECTLY_RELEVANT,Brokerage Buy recommendations and target prices for L&T Finance.
2623c3f4b7c939c1f749453ec585790aaca21ccb,LT.NS,Larsen & Toubro,Broker's call: L&T Finance (Buy) - The Hindu BusinessLine,thehindubusinessline.com,https://www.thehindubusinessline.com/markets/brokers-call-lt-finance-buy/article68124825.ece,2024-04-30T17:39:00+05:30,2024-04-30T19:45:00+05:30,20240430141500,2024-05-02,publisher_published_at,20240430141500-1309,Direct headline match with company alias,,,,INDIRECTLY_RELEVANT,Brokerage Buy recommendations and target prices for L&T Finance.
4f804a856092aad6373788f29273db71fc3b8ee1,LT.NS,Larsen & Toubro,Karnataka HC dismisses L&T's plea challenging tender of Sharavathi power project,devdiscourse.com,https://www.devdiscourse.com/article/headlines/2922916-karnataka-hc-dismisses-lts-plea-challenging-tender-of-sharavathi-power-project,2024-04-30T19:32:00+05:30,2024-04-30T23:30:00+05:30,20240430180000,2024-05-02,publisher_published_at,20240430180000-1814,Direct headline match with company alias,,,,DIRECTLY_RELEVANT,"High Court and Supreme Court rulings regarding L&T's legal challenge over Rs 8,005 crore Sharavathi hydro project tender."
34bed9ea5bccda716ed2c5fc5e88423771ee3a89,LT.NS,Larsen & Toubro,"Allahabad High Court Quashes Criminal Cases Against CFO, CEO & MD, And Senior Executive Vice President Of Larsen And Toubro Limited",livelaw.in,https://www.livelaw.in/high-court/allahabad-high-court/allahabad-high-court-quashes-criminal-cases-against-larsen-toubro-ceo-256518,,2024-04-30T19:30:00+05:30,20240430140000,2024-05-02,gdelt_gkg_observation,20240430140000-579,Direct headline match with company alias,,,,DIRECTLY_RELEVANT,Allahabad High Court quashes criminal proceedings against top executives and CEO of Larsen and Toubro Limited.
0f03a166ed26cfea85478c1222fdf413ab64ba3f,LT.NS,Larsen & Toubro,Supreme Court dismisses L&T plea over Sharavathi tendering process,aninews.in,https://aninews.in/news/national/general-news/supreme-court-dismisses-lampt-plea-over-sharavathi-tendering-process20240430210850,,2024-04-30T21:30:00+05:30,20240430160000,2024-05-02,gdelt_gkg_observation,20240430160000-1208,Direct headline match with company alias,,,,DIRECTLY_RELEVANT,"High Court and Supreme Court rulings regarding L&T's legal challenge over Rs 8,005 crore Sharavathi hydro project tender."
1c85fc5ec85868d93d46780319f85b08b74e0957,LT.NS,Larsen & Toubro,Supreme Court dismisses L&T plea over Sharavathi tendering process,aninews.in,https://www.aninews.in/news/national/general-news/supreme-court-dismisses-lampt-plea-over-sharavathi-tendering-process20240430210850,,2024-05-01T00:15:00+05:30,20240430184500,2024-05-02,gdelt_gkg_observation,20240430184500-2261,Direct headline match with company alias,,,,DIRECTLY_RELEVANT,"High Court and Supreme Court rulings regarding L&T's legal challenge over Rs 8,005 crore Sharavathi hydro project tender."
8935d430eb9f302a695186902e5fa7840042c22c,LT.NS,Larsen & Toubro,Supreme Court dismisses L&T plea over Sharavathi tendering process,webindia123.com,https://news.webindia123.com/news/Articles/India/20240501/4192929.html,,2024-05-01T01:30:00+05:30,20240430200000,2024-05-02,gdelt_gkg_observation,20240430200000-1156,Direct headline match with company alias,,,,DIRECTLY_RELEVANT,"High Court and Supreme Court rulings regarding L&T's legal challenge over Rs 8,005 crore Sharavathi hydro project tender."
