audit_id,ticker,trading_date,headline,source,url,match_category,timestamp_basis,published_at,seen_at,gkg_record_id,human_label,human_notes
AUDIT_001,RELIANCE.NS,2024-01-02,Reliance Jio Nears Satellite Internet Takeoff as Crucial Approvals Loom,indiainfoline.com,https://www.indiainfoline.com/article/news-top-story/reliance-jio-nears-satellite-internet-takeoff-as-crucial-approvals-loom-1704168686190_1.html,B: Reliance Jio / Jio Platforms,gdelt_gkg_observation,,2024-01-02T11:15:00+05:30,20240102054500-256,DIRECTLY_RELEVANT,Jio satellite internet regulatory approvals
AUDIT_002,RELIANCE.NS,2024-01-02,"RIL Share Price: मुकेश अंबानी को जल्दी मिलने वाली है गुड न्यूज, रॉकेट बनेगा रिलायंस का शेयर!",indiatimes.com,https://navbharattimes.indiatimes.com/business/business-news/mukesh-ambanis-reliance-jio-may-get-approval-to-launch-satcom-services-soon/articleshow/106476321.cms,A: Reliance Industries / RIL,publisher_precise_timestamp,2024-01-02T12:30:00+05:30,2024-01-02T13:45:00+05:30,20240102081500-T469,DIRECTLY_RELEVANT,RIL share price and Jio satcom approval
AUDIT_003,RELIANCE.NS,2024-01-03,Reliance Jio nears crucial approvals to launch satellite-based internet services in India: Report,businesstoday.in,https://www.businesstoday.in/technology/news/story/reliance-jio-nears-crucial-approvals-to-launch-satellite-based-internet-services-in-india-report-411643-2024-01-03,B: Reliance Jio / Jio Platforms,gdelt_gkg_observation,,2024-01-03T08:30:00+05:30,20240103030000-988,DIRECTLY_RELEVANT,Jio satellite internet approvals report
AUDIT_004,RELIANCE.NS,2024-01-03,"Number of wealthy people increased by 21 percent in 2023, 152 billionaires in India, Mukesh Ambani became the richest | बीते साल पैदा हुए 21 फीसदी अरबपति, धनकुबेरों की संख्या हुई 152, मुकेश अंबानी बने सबसे अमीर",patrika.com,https://www.patrika.com/national-news/number-of-wealthy-people-increased-by-21-percent-in-2023-152-billionaires-in-india-mukesh-ambani-became-the-richest-8663892,D: Mukesh Ambani,publisher_precise_timestamp,2024-01-03T08:28:00+05:30,2024-01-03T10:30:00+05:30,20240103050000-T703,NOT_RELEVANT,General wealth / billionaire listicle
AUDIT_005,RELIANCE.NS,2024-01-03,Reliance Jio on the verge of approvals for satellite-based internet services in India,domain-b.com,https://www.domain-b.com/technology/technology-general/reliance-jio-on-the-verge-of-approvals-for-satellite-based-internet-services-in-india,B: Reliance Jio / Jio Platforms,gdelt_gkg_observation,,2024-01-03T15:00:00+05:30,20240103093000-949,DIRECTLY_RELEVANT,Jio satellite internet service approvals
AUDIT_006,RELIANCE.NS,2024-01-04,"Reliance Jio-Disney+Hotstar merge, plan India's largest media biz",medianama.com,https://www.medianama.com/2024/01/223-reliance-jio-disney-hotstar-merge,B: Reliance Jio / Jio Platforms,publisher_precise_timestamp,2024-01-03T15:43:00+05:30,2024-01-03T18:00:00+05:30,20240103123000-1134,DIRECTLY_RELEVANT,Jio-Disney media business merger plan
AUDIT_007,RELIANCE.NS,2024-01-04,"ओएनजीसी को तेल-गैस के सात ब्लॉक, रिलायंस-बीपी एक ब्लॉक मिला - ongc got seven oil gas blocks reliance bp got one block",punjabkesari.in,https://www.punjabkesari.in/business/news/ongc-got-seven-oil-gas-blocks-reliance-bp-got-one-block-1923977,F: Other RIL Verticals / Energy,gdelt_gkg_observation,,2024-01-03T19:45:00+05:30,20240103141500-T59,DIRECTLY_RELEVANT,RIL-BP bags oil and gas exploration block
AUDIT_008,RELIANCE.NS,2024-01-04,"OALP round 8: ONGC wins 7 blocks, RIL-BP and OIL bag one each",thehindubusinessline.com,https://www.thehindubusinessline.com/companies/oalp-round-8-ongc-wins-7-blocks-ril-bp-and-oil-bag-one-each/article67704995.ece,A: Reliance Industries / RIL,publisher_precise_timestamp,2024-01-04T13:24:00+05:30,2024-01-04T14:45:00+05:30,20240104091500-724,DIRECTLY_RELEVANT,OALP Round 8: RIL-BP bags exploration block
AUDIT_009,RELIANCE.NS,2024-01-05,Reliance Jio விரைவில் கொண்டு வரும் சேட்லைட் இன்டர்நெட் சேவை,digit.in,https://www.digit.in/ta/news/telecom/reliance-jio-may-soon-launch-of-satellite-internet-services-know-all.html,B: Reliance Jio / Jio Platforms,gdelt_gkg_observation,,2024-01-04T16:00:00+05:30,20240104103000-T1360,DIRECTLY_RELEVANT,Jio satellite internet launch news
AUDIT_010,RELIANCE.NS,2024-01-05,"Reliance Industries, Disney begin antitrust due diligence for India business merger",vccircle.com,https://www.vccircle.com/relianceindustries-disney-begin-antitrust-due-diligence-for-india-business-merger,A: Reliance Industries / RIL,gdelt_gkg_observation,,2024-01-04T16:00:00+05:30,20240104103000-1014,DIRECTLY_RELEVANT,RIL and Disney begin antitrust merger diligence
AUDIT_011,RELIANCE.NS,2024-01-05,"Nifty target at 24,260; any fall a buying opportunity, says Nomura as it picks RIL, ICICI Bank, M&M shares as top buys",businesstoday.in,https://www.businesstoday.in/markets/trending-stocks/story/nifty-target-at-24260-any-fall-a-buying-opportunity-says-nomura-as-it-picks-ril-icici-bank-mm-shares-as-top-buys-411974-2024-01-05,A: Reliance Industries / RIL,gdelt_gkg_observation,,2024-01-05T11:30:00+05:30,20240105060000-131,INDIRECTLY_RELEVANT,Brokerage index targets and top stock picks including RIL
AUDIT_012,RELIANCE.NS,2024-01-05,Billionaire industrialist Gautam Adani becomes India's richest man after overtaking Reliance boss Mukesh Ambani,indiatoday.in,https://www.indiatoday.in/business/story/gautam-adani-becomes-india-richest-person-overtakes-mukesh-ambani-bloomberg-billionaires-index-2484581-2024-01-05,D: Mukesh Ambani,publisher_precise_timestamp,2024-01-05T11:17:00+05:30,2024-01-05T12:45:00+05:30,20240105071500-738,NOT_RELEVANT,Billionaires index net worth ranking change
AUDIT_013,RELIANCE.NS,2024-01-05,"Gautam Adani overtakes Mukesh Ambani as India's richest man, both climb spots on world rich list",livemint.com,https://www.livemint.com/companies/people/gautam-adani-again-overtakes-mukesh-ambani-as-indias-richest-man-both-climb-spots-on-world-rich-list-11704429380423.html,D: Mukesh Ambani,gdelt_gkg_observation,,2024-01-05T12:45:00+05:30,20240105071500-610,NOT_RELEVANT,Adani vs Ambani wealth list ranking
AUDIT_014,RELIANCE.NS,2024-01-05,"Meet son of billionaire who was richer than Mukesh Ambani, leading Rs 200000 crore firm, his salary is…",dnaindia.com,https://www.dnaindia.com/business/report-meet-son-of-billionaire-who-was-richer-than-mukesh-ambani-leading-rs-200000-crore-firm-his-salary-is-3073572,D: Mukesh Ambani,gdelt_gkg_observation,,2024-01-05T12:45:00+05:30,20240105071500-475,NOT_RELEVANT,Clickbait biographical comparison
AUDIT_015,RELIANCE.NS,2024-01-05,"गौतम अदाणी आशियातील सर्वात श्रीमंत व्यक्ती, मुकेश अंबानी यांनाही टाकलं मागे; अदाणींची संपत्ती किती?| Bloomberg Billionaires Index Gautam Adani surpasses Mukesh Ambani to become Asia richest person",loksatta.com,https://www.loksatta.com/desh-videsh/bloomberg-billionaires-index-gautam-adani-surpasses-mukesh-ambani-to-become-asia-richest-person-scj-81-4141207,D: Mukesh Ambani,publisher_precise_timestamp,2024-01-05T14:02:00+05:30,2024-01-05T15:30:00+05:30,20240105100000-T873,NOT_RELEVANT,Billionaires index ranking report
AUDIT_016,RELIANCE.NS,2024-01-08,"gautam adani becomes asia richest person defeated mukesh ambani asia rich people list mdn | Gautam Adani Networth: गौतम अदाणी फिर बने एशिया के सबसे अमीर शख्स, मुकेश अंबानी को पीछे छोड़ा,इतना हुआ नेटवर्थ",prabhatkhabar.com,https://www.prabhatkhabar.com/business/gautam-adani-becomes-asia-richest-person-defeated-mukesh-ambani-asia-rich-people-list-mdn,D: Mukesh Ambani,gdelt_gkg_observation,,2024-01-05T15:45:00+05:30,20240105101500-T2872,NOT_RELEVANT,Asia richest list net worth ranking
AUDIT_017,RELIANCE.NS,2024-01-08,Q1 2024 EPS Estimates for Reliance Steel & Aluminum Co. Raised by Zacks Research (NYSE:RS),wkrb13.com,https://www.wkrb13.com/2024/01/05/q1-2024-eps-estimates-for-reliance-steel-aluminum-co-raised-by-zacks-research-nysers.html,E: Bare Reliance (RIL Context),gdelt_gkg_observation,,2024-01-05T18:00:00+05:30,20240105123000-15,NOT_RELEVANT,Unrelated US company: Reliance Steel & Aluminum (NYSE:RS)
AUDIT_018,RELIANCE.NS,2024-01-08,"Gautam Adani became the richest man of india overtook Mukesh Ambani | देश के सबसे अमीर आदमी बने गौतम अडानी, मुकेश अंबानी को पछाड़ा",patrika.com,https://www.patrika.com/national-news/gautam-adani-became-the-richest-man-of-india-overtook-mukesh-ambani-8667597,D: Mukesh Ambani,publisher_precise_timestamp,2024-01-05T17:02:00+05:30,2024-01-05T19:15:00+05:30,20240105134500-T339,NOT_RELEVANT,Wealth list net worth comparison
AUDIT_019,RELIANCE.NS,2024-01-08,"5 દિવસમાં 50 ટકા રિટર્ન, ગજબના છે આ 5 શેર, અંબાણીએ પણ લગાવ્યા છે પૈસા! / company associated with Reliance Industries has given 50 percent return in five days. Mukesh Ambani's company has a huge investment in this",vtvgujarati.com,https://www.vtvgujarati.com/news-details/company-associated-with-reliance-industries-has-given-50-percent-return-in-five-days,A: Reliance Industries / RIL,gdelt_gkg_observation,,2024-01-06T15:00:00+05:30,20240106093000-T1557,INDIRECTLY_RELEVANT,Alok Industries stock surge driven by RIL investment
AUDIT_020,RELIANCE.NS,2024-01-08,"Charging Rs. 15 Extra Despite Applicable Discount, Jaipur District Commission Holds Reliance Retail And Its Dealer Liable For Unfair Trade Practices",livelaw.in,https://www.livelaw.in/consumer-cases/charging-rs-15-extra-despite-applicable-discount-jaipur-district-commission-holds-reliance-retail-and-its-dealer-liable-for-unfair-trade-practices-246007,C: Reliance Retail,gdelt_gkg_observation,,2024-01-06T18:45:00+05:30,20240106131500-630,DIRECTLY_RELEVANT,Reliance Retail consumer court unfair trade practices ruling
AUDIT_021,RELIANCE.NS,2024-01-08,"Reliance Industries to invest in renewable energy, green hydrogen in Tamil Nadu: Mukesh Ambani",indiatimes.com,https://economictimes.indiatimes.com/industry/renewables/reliance-industries-to-invest-in-renewable-energy-green-hydrogen-in-tamil-nadu-mukesh-ambani/articleshow/106611162.cms,A: Reliance Industries / RIL,gdelt_gkg_observation,,2024-01-07T14:30:00+05:30,20240107090000-217,DIRECTLY_RELEVANT,RIL renewable energy and green hydrogen investment in TN
AUDIT_022,RELIANCE.NS,2024-01-08,Continued investment in Tamil Nadu: Mukesh Ambani proud | தமிழகத்தில் தொடர்ந்து முதலீடு: முகேஷ் அம்பானி பெருமிதம்,dinamalar.com,https://www.dinamalar.com/news_detail.asp?id=3521920,D: Mukesh Ambani,publisher_precise_timestamp,2024-01-07T14:37:00+05:30,2024-01-07T17:00:00+05:30,20240107113000-T1733,DIRECTLY_RELEVANT,RIL investment commitments in Tamil Nadu announced by Ambani
AUDIT_023,RELIANCE.NS,2024-01-08,Reliance Committed To Making New Investments In Renewable Energy Green Hydrogen Space In Tamil Nadu Mukesh Ambani - BW Businessworld,businessworld.in,https://www.businessworld.in/article/Reliance-Committed-To-Making-New-Investments-In-Renewable-Energy-Green-Hydrogen-Space-In-Tamil-Nadu-Mukesh-Ambani/07-01-2024-505013,D: Mukesh Ambani,gdelt_gkg_observation,,2024-01-07T17:30:00+05:30,20240107120000-232,DIRECTLY_RELEVANT,Reliance green hydrogen & renewable capex commitments in TN
AUDIT_024,RELIANCE.NS,2024-01-08,Reliance Industries committed to make new investments in TN: Mukesh Ambani,yourstory.com,https://yourstory.com:443/2024/01/reliance-industries-new-investmests-tamil-nadu-data-centres,A: Reliance Industries / RIL,publisher_precise_timestamp,2024-01-07T17:14:00+05:30,2024-01-07T18:45:00+05:30,20240107131500-609,DIRECTLY_RELEVANT,RIL new data centres and capex investment in TN
AUDIT_025,RELIANCE.NS,2024-01-08,"Reliance Industries, Bajaj Finance, SBI Life: Trading strategies for these largecap stocks",businesstoday.in,https://www.businesstoday.in/markets/stock-picks/story/reliance-industries-bajaj-finance-sbi-life-trading-strategies-for-these-largecap-stocks-412189-2024-01-08,A: Reliance Industries / RIL,gdelt_gkg_observation,,2024-01-08T08:30:00+05:30,20240108030000-401,INDIRECTLY_RELEVANT,Largecap trading strategies including RIL
AUDIT_026,RELIANCE.NS,2024-01-08,Reliance Industries and Brookfield Set to Open Data Centre in Chennai Next Week: Mukesh Ambani's Latest Venture,compsmag.com,https://www.compsmag.com/news/reliance-industries-and-brookfield-set-to-open-data-centre-in-chennai-next-week-mukesh-ambanis-latest-venture,A: Reliance Industries / RIL,publisher_precise_timestamp,2024-01-08T07:19:00+05:30,2024-01-08T11:45:00+05:30,20240108061500-769,DIRECTLY_RELEVANT,RIL-Brookfield data centre joint venture opening in Chennai
AUDIT_027,RELIANCE.NS,2024-01-08,"RIL shares approach record high; can they cross Rs 3,000 mark?",businesstoday.in,https://www.businesstoday.in/markets/company-stock/story/reliance-industries-shares-near-record-high-buy-sell-hold-412201-2024-01-08,A: Reliance Industries / RIL,gdelt_gkg_observation,,2024-01-08T12:45:00+05:30,20240108071500-654,DIRECTLY_RELEVANT,RIL share price analysis approaching record highs
AUDIT_028,RELIANCE.NS,2024-01-08,"Business News : Alok Industries Ltd share surges continuously hits upper circuit mukesh ambani connection - Business News India - ₹35 के शेयर में हर दिन लग रहा अपर सर्किट, निवेशकों के पैसे डबल, मुकेश अंबानी हैं मेहरबान",livehindustan.com,https://www.livehindustan.com/business/story-alok-industries-ltd-share-surges-continuously-hits-upper-circuit-mukesh-ambani-connection-9172900.html,D: Mukesh Ambani,publisher_precise_timestamp,2024-01-08T12:53:00+05:30,2024-01-08T13:45:00+05:30,20240108081500-T982,INDIRECTLY_RELEVANT,Alok Industries rally following RIL capital infusion
AUDIT_029,RELIANCE.NS,2024-01-08,Billionaire Mukesh Ambani owns Boeing 737-9 Max jet type that was in Alaska Air accident,indiatimes.com,https://timesofindia.indiatimes.com/business/india-business/billionaire-mukesh-ambani-owns-boeing-737-9-max-jet-type-that-was-in-alaska-air-accident/articleshow/106631217.cms,D: Mukesh Ambani,gdelt_gkg_observation,,2024-01-08T14:15:00+05:30,20240108084500-822,NOT_RELEVANT,Personal jet ownership curiosity piece
AUDIT_030,RELIANCE.NS,2024-01-09,"Mukesh Ambani: వాచ్‌మెన్‌పై అరిచిన ఆకాష్ అంబానీ.. అక్కడే ఉన్న ముఖేష్ ఏం చేశారంటే.. | Akash Ambani once raised his voice on Watch man, then what Mukesh Ambani did was.. sgr spl",andhrajyothy.com,https://www.andhrajyothy.com/2024/prathyekam/akash-ambani-once-raised-his-voice-on-watch-man-then-what-mukesh-ambani-did-was-sgr-spl-1193302.html,D: Mukesh Ambani,gdelt_gkg_observation,,2024-01-08T18:00:00+05:30,20240108123000-T1254,NOT_RELEVANT,Celebrity / family anecdote
AUDIT_031,RELIANCE.NS,2024-01-09,"Reliance Jio Unlimited 5G: জিও গ্রাহকরা 28 দিন পর্যন্ত পাবেন আনলিমিটেড 5G ডেটা, একগুচ্ছ সুবিধা",digit.in,https://www.digit.in/bn/news/telecom/reliance-jio-239-plan-offer-unlimited-5g-data-for-28-days.html,B: Reliance Jio / Jio Platforms,gdelt_gkg_observation,,2024-01-08T20:00:00+05:30,20240108143000-T422,DIRECTLY_RELEVANT,Jio commercial unlimited 5G tariff plan
AUDIT_032,RELIANCE.NS,2024-01-10,"After Mukesh Ambani, Gautam Adani makes big announcement to invest Rs 42700 crore in....",dnaindia.com,https://www.dnaindia.com/business/report-after-mukesh-ambani-gautam-adani-makes-big-announcement-to-invest-rs-42700-crore-in-3073996,D: Mukesh Ambani,gdelt_gkg_observation,,2024-01-09T18:45:00+05:30,20240109131500-575,INDIRECTLY_RELEVANT,Sector capex announcements comparing Adani and Ambani
AUDIT_033,RELIANCE.NS,2024-01-10,Billionaire Mukesh Ambani's Viacom18 Wins Field Hockey Media Rights for India,biztoc.com,https://biztoc.com/x/10dd644faf60e197,D: Mukesh Ambani,gdelt_gkg_observation,,2024-01-09T23:15:00+05:30,20240109174500-1648,DIRECTLY_RELEVANT,Viacom18 (RIL media unit) bags field hockey media rights
AUDIT_034,RELIANCE.NS,2024-01-10,"Meet man who was once richer than Mukesh Ambani, Adani, now India's fifth richest man, his business is....",dnaindia.com,https://www.dnaindia.com/business/report-meet-azim-premji-wipro-who-was-once-richer-than-mukesh-ambani-adani-now-india-s-fifth-richest-man-3074032,D: Mukesh Ambani,gdelt_gkg_observation,,2024-01-10T08:30:00+05:30,20240110030000-1140,NOT_RELEVANT,Biographical wealth comparison clickbait
AUDIT_035,RELIANCE.NS,2024-01-10,reliance: Vibrant Gujarat Summit: Reliance chairman Mukesh Ambani unveils five commitments to make Gujarat a global leader,indiatimes.com,https://economictimes.indiatimes.com/news/company/corporate-trends/vibrant-gujarat-summit-reliance-chairman-mukesh-ambani-unveils-five-commitments-to-make-gujarat-a-global-leader/articleshow/106686703.cms,D: Mukesh Ambani,gdelt_gkg_observation,,2024-01-10T11:30:00+05:30,20240110060000-46,DIRECTLY_RELEVANT,Reliance 5 major corporate & capex commitments at VGGS
AUDIT_036,RELIANCE.NS,2024-01-10,Reliance Will Always be 'Gujarati Firm': Mukesh Ambani's Plan to Make State Global Leader in Green Growth,news18.com,https://www.news18.com/india/reliance-was-will-always-remain-a-gujarati-company-mukesh-ambani-at-vibrant-gujarat-global-summit-8734442.html,D: Mukesh Ambani,publisher_precise_timestamp,2024-01-10T11:12:00+05:30,2024-01-10T11:45:00+05:30,20240110061500-320,DIRECTLY_RELEVANT,Reliance green growth and corporate strategy at VGGS
AUDIT_037,RELIANCE.NS,2024-01-10,"Vibrant Gujarat Summit 2024: Reliance is, was and will always remain a Gujarati company, says Mukesh Ambani",businesstoday.in,https://www.businesstoday.in/latest/corporate/story/vibrant-gujarat-summit-2024-reliance-is-was-and-will-always-remain-a-gujarati-company-says-mukesh-ambani-412586-2024-01-10,D: Mukesh Ambani,gdelt_gkg_observation,,2024-01-10T11:45:00+05:30,20240110061500-728,DIRECTLY_RELEVANT,Reliance corporate vision announced at VGGS 2024
AUDIT_038,RELIANCE.NS,2024-01-10,"Vibrant Gujarat Mukesh Ambani will set up Giga Factory said Reliance will always be a Gujarat company - बाइब्रेंट गुजरात: मुकेश अंबानी लगांएगे गीगा फैक्टरी, कहा-रिलायंस हमेशा गुजरात की कंपनी रहेगी, Business News",livehindustan.com,https://www.livehindustan.com/business/story-vibrant-gujarat-mukesh-ambani-will-set-up-giga-factory-said-reliance-will-always-be-a-gujarat-company-9181622.html,D: Mukesh Ambani,publisher_precise_timestamp,2024-01-10T11:26:00+05:30,2024-01-10T12:15:00+05:30,20240110064500-T536,DIRECTLY_RELEVANT,Reliance Giga factory setup announcement at VGGS
AUDIT_039,RELIANCE.NS,2024-01-10,"modi hai to mumkin hai mukesh ambani praises pm narendra modi - India Hindi News - भारत के इतिहास के सबसे सफल PM हैं नरेंद्र मोदी, पूरी दुनिया सुनती है उनकी बात: मुकेश अंबानी, देश न्यूज",livehindustan.com,https://www.livehindustan.com/national/story-modi-hai-to-mumkin-hai-mukesh-ambani-praises-pm-narendra-modi-9181594.html,D: Mukesh Ambani,publisher_precise_timestamp,2024-01-10T11:20:00+05:30,2024-01-10T12:15:00+05:30,20240110064500-T576,NOT_RELEVANT,Political commentary / speech praise without business news
AUDIT_040,RELIANCE.NS,2024-01-10,BofA gives Meta and Google-backed Jio Platforms a $100 billion-plus valuation,biztoc.com,https://biztoc.com/x/b6ea308d29902018,B: Reliance Jio / Jio Platforms,gdelt_gkg_observation,,2024-01-10T13:00:00+05:30,20240110073000-175,DIRECTLY_RELEVANT,BofA valuation of Jio Platforms at $100B+
AUDIT_041,RELIANCE.NS,2024-01-10,Gujarat Global Summit में बोले मुकेश अंबानी- मोदी है तो मुमकिन है - gujarat global summit mukesh ambani said if there is modi then,punjabkesari.in,https://www.punjabkesari.in/business/news/gujarat-global-summit-mukesh-ambani-said-if-there-is-modi-then-1926732,D: Mukesh Ambani,gdelt_gkg_observation,,2024-01-10T13:30:00+05:30,20240110080000-T392,NOT_RELEVANT,Political speech statement
AUDIT_042,RELIANCE.NS,2024-01-10,"""No power on earth can stop India from becoming a 35 trillion-dollar economy by 2047"" says Mukesh Ambani at VGGS 2024",webindia123.com,https://news.webindia123.com/news/Articles/Business/20240110/4157528.html,D: Mukesh Ambani,gdelt_gkg_observation,,2024-01-10T14:00:00+05:30,20240110083000-275,INDIRECTLY_RELEVANT,Macroeconomic outlook speech by RIL Chairman at VGGS
AUDIT_043,RELIANCE.NS,2024-01-10,"Mukesh Ambani | Narendra Modi most successful Indian Prime Minister, greatest global leader, says Mukesh Ambani",telegraphindia.com,https://www.telegraphindia.com/business/narendra-modi-most-successful-indian-prime-minister-greatest-global-leader-says-mukesh-ambani/cid/1992826,D: Mukesh Ambani,gdelt_gkg_observation,,2024-01-10T14:30:00+05:30,20240110090000-275,NOT_RELEVANT,Political leadership praise
AUDIT_044,RELIANCE.NS,2024-01-11,"મુકેશ અંબાણીના 5 મોટા એલાન: કહ્યું અમે ગુજરાતીઓના સપના પૂર્ણ કરીશું, જુઓ શું ફાયદો થશે | Mukesh Ambani's 5 big announcements: Said we will fulfill the dreams of Gujaratis",vtvgujarati.com,https://www.vtvgujarati.com/news-details/mukesh-ambanis-5-big-announcements-said-we-will-fulfill-the-dreams-of-gujaratis,D: Mukesh Ambani,gdelt_gkg_observation,,2024-01-10T17:15:00+05:30,20240110114500-T2008,DIRECTLY_RELEVANT,Reliance 5 major investment announcements at VGGS
AUDIT_045,RELIANCE.NS,2024-01-11,"Late buying helps Sensex jump 270 pts; RIL, ICICI Bank shine",orissapost.com,https://www.orissapost.com/late-buying-helps-sensex-jump-270-pts-ril-icici-bank-shine,A: Reliance Industries / RIL,publisher_precise_timestamp,2024-01-10T17:11:00+05:30,2024-01-10T17:30:00+05:30,20240110120000-1298,INDIRECTLY_RELEVANT,Market rally led by RIL and ICICI Bank
AUDIT_046,RELIANCE.NS,2024-01-11,"Modi most successful Indian PM, greatest global leader: Mukesh Ambani",deccanherald.com,https://www.deccanherald.com/india/modi-most-successful-indian-pm-greatest-global-leader-mukesh-ambani-2842787,D: Mukesh Ambani,gdelt_gkg_observation,,2024-01-10T18:00:00+05:30,20240110123000-668,NOT_RELEVANT,Political commentary / speech quote
AUDIT_047,RELIANCE.NS,2024-01-11,"Late buying helps Sensex jump 270 pts; RIL, ICICI Bank shine",rediff.com,https://www.rediff.com/business/report/late-buying-helps-sensex-jump-270-pts-ril-icici-bank-shine/20240110.htm,A: Reliance Industries / RIL,publisher_precise_timestamp,2024-01-10T17:15:00+05:30,2024-01-10T20:15:00+05:30,20240110144500-714,INDIRECTLY_RELEVANT,Sensex jump driven by RIL and banking stocks
AUDIT_048,RELIANCE.NS,2024-01-11,"''मग महाराष्ट्रात तुम्ही आलात कशाला? बोऱ्याबिस्तारा गुंडाळा अन् गुजरातला जा,'' अंबानींच्या 'त्या' वक्तव्यावर मनसेकडून संताप व्यक्त| Then why did you come to Maharashtra Roll up your sacks and go to Gujarat expressed anger from MNS over mukesh Ambani statement",loksatta.com,https://www.loksatta.com/business/then-why-did-you-come-to-maharashtra-roll-up-your-sacks-and-go-to-gujarat-expressed-anger-from-mns-over-mukesh-ambani-statement-vrd-88-4151669,D: Mukesh Ambani,publisher_precise_timestamp,2024-01-11T13:03:00+05:30,2024-01-11T13:45:00+05:30,20240111081500-T121,NOT_RELEVANT,Political controversy regarding VGGS statement
AUDIT_049,RELIANCE.NS,2024-01-12,"Green hydrogen | Reliance, ACME, seven others selected for government sops to set up green hydrogen production facilities",telegraphindia.com,https://www.telegraphindia.com/feeds/business/reliance-acme-seven-others-selected-for-government-sops-to-set-up-green-hydrogen-production-facilities/cid/1993205,E: Bare Reliance (RIL Context),gdelt_gkg_observation,,2024-01-12T12:00:00+05:30,20240112063000-237,DIRECTLY_RELEVANT,Reliance selected for Green Hydrogen PLI scheme sops
AUDIT_050,RELIANCE.NS,2024-01-12,"Mukesh Ambani Regains Title As Asia's Richest, Surpasses $100 Billion Net Worth",outlookindia.com,https://business.outlookindia.com/corporate/mukesh-ambani-regains-title-as-asias-richest-surpasses-100-billion-net-worth,D: Mukesh Ambani,gdelt_gkg_observation,,2024-01-12T12:15:00+05:30,20240112064500-662,INDIRECTLY_RELEVANT,Ambani net worth crosses $100B driven by RIL stock price surge
AUDIT_051,RELIANCE.NS,2024-01-12,"Green hydrogen | Reliance, ACME, seven others selected for government sops to set up green hydrogen production facilities",telegraphindia.com,https://www.telegraphindia.com/business/reliance-acme-seven-others-selected-for-government-sops-to-set-up-green-hydrogen-production-facilities/cid/1993205,E: Bare Reliance (RIL Context),gdelt_gkg_observation,,2024-01-12T13:45:00+05:30,20240112081500-1039,DIRECTLY_RELEVANT,Reliance selected for government green hydrogen production sops
AUDIT_052,RELIANCE.NS,2024-01-15,Mukesh Ambani: 100 బిలియన్ డాలర్ల సంపన్నుల జాబితాలో అడుగుపెట్టిన ముకేశ్ అంబానీ | Mukesh Ambani re enters into USD 100 billion club amid surge in RIL stock psnr,andhrajyothy.com,https://www.andhrajyothy.com/2024/business/mukesh-ambani-re-enters-into-usd-100-billion-club-amid-surge-in-ril-stock-psnr-1195391.html,A: Reliance Industries / RIL,gdelt_gkg_observation,,2024-01-12T17:00:00+05:30,20240112113000-T853,DIRECTLY_RELEVANT,RIL stock surge powers valuation and wealth benchmark
AUDIT_053,RELIANCE.NS,2024-01-15,"Mukesh Ambani Rich Industrialist Pankaj Tripathi Main Atal Hoon Story | मुकेश अंबानी अभिनेता असते तर त्यांना उद्योगपतीची भूमिका मिळाली नसती: पंकज त्रिपाठी म्हणाले- लूक्सवरून जगाची विभागणी, ही विचारसरणी बदलली पाहिजे",bhaskar.com,https://divyamarathi.bhaskar.com/entertainment/bollywood/news/mukesh-ambani-rich-industrialist-pankaj-tripathi-main-atal-hoon-story-132432337.html,D: Mukesh Ambani,gdelt_gkg_observation,,2024-01-13T08:15:00+05:30,20240113024500-T57,NOT_RELEVANT,Bollywood actor interview passing mention
AUDIT_054,RELIANCE.NS,2024-01-15,"റിലയന്‍സ് ജിയോ എയര്‍ഫൈബര്‍ സേവനങ്ങള്‍ കേരളത്തിലുടനീളം നാളെ മുതല്‍, reliance jio airfiber launched in kerala",mathrubhumi.com,https://www.mathrubhumi.com/technology/news/reliance-jio-airfiber-launched-in-kerala-1.9238451,B: Reliance Jio / Jio Platforms,gdelt_gkg_observation,,2024-01-14T13:15:00+05:30,20240114074500-T798,DIRECTLY_RELEVANT,Reliance Jio AirFiber commercial launch in Kerala
AUDIT_055,RELIANCE.NS,2024-01-15,"Mukesh Ambani planning Rs 4000 crore bet on Jio, may buy government's....",dnaindia.com,https://www.dnaindia.com/business/report-mukesh-ambani-planning-rs-4000-crore-bet-on-jio-may-buy-government-s-3074557,B: Reliance Jio / Jio Platforms,gdelt_gkg_observation,,2024-01-15T10:30:00+05:30,20240115050000-541,DIRECTLY_RELEVANT,Jio capital allocation / acquisition strategy
AUDIT_056,RELIANCE.NS,2024-01-17,"Reliance Jio announces Republic Day plan: Price, data offered and more",indiatimes.com,https://timesofindia.indiatimes.com/gadgets-news/reliance-jio-announces-republic-day-plan-price-data-offered-and-more/articleshow/106891542.cms,B: Reliance Jio / Jio Platforms,gdelt_gkg_observation,,2024-01-16T17:00:00+05:30,20240116113000-1336,DIRECTLY_RELEVANT,Jio Republic Day commercial tariff plan
AUDIT_057,RELIANCE.NS,2024-01-17,Reliance Industrial Infrastruct Q3 FY24 Results Live : profit rise by 54.13% YOY,livemint.com,https://www.livemint.com/companies/company-results/reliance-industrial-infrastruct-q3-fy24-results-live-profit-rise-by-54-13-yoy-11705437961197.html,E: Bare Reliance (RIL Context),gdelt_gkg_observation,,2024-01-17T04:45:00+05:30,20240116231500-274,NOT_RELEVANT,Separate company RIIL (Reliance Industrial Infrastructure Ltd) Q3
AUDIT_058,RELIANCE.NS,2024-01-17,"Q3FY24 Preview: Reliance Industries: Revenue seen at Rs. 2,406,800 million, PAT at Rs. 165,422 million",indiainfoline.com,https://www.indiainfoline.com/article/earnings-preview/q-fy-preview-reliance-industries-revenue-seen-at-rs-million-pat-at-rs-million-1705471654598_1.html,A: Reliance Industries / RIL,gdelt_gkg_observation,,2024-01-17T14:15:00+05:30,20240117084500-262,DIRECTLY_RELEVANT,RIL Q3 FY24 revenue and PAT earnings preview
AUDIT_059,RELIANCE.NS,2024-01-19,RIL Q3 results: From Jio ARPU to Reliance Retail store additions – 5 things to watch on January 19,businesstoday.in,https://www.businesstoday.in/markets/company-stock/story/ril-q3-results-from-jio-arpu-to-reliance-retail-store-additions-5-things-to-watch-on-january-19-413955-2024-01-18,A: Reliance Industries / RIL,gdelt_gkg_observation,,2024-01-18T18:00:00+05:30,20240118123000-487,DIRECTLY_RELEVANT,"RIL Q3 earnings preview (Jio ARPU, Retail stores)"
AUDIT_060,RELIANCE.NS,2024-01-19,"Reliance Q3 Results Live: Cons net profit likely at Rs 16,625 crore; EBITDA may rise 14.1 percent YoY",moneycontrol.com,https://www.moneycontrol.com/news/business/earnings/ril-q3-reliance-retail-digital-refinery-petrochem-reliance-q3-results-mukesh-ambani-o2c-business-jio-liveblog-12081311.html,E: Bare Reliance (RIL Context),gdelt_gkg_observation,,2024-01-19T08:30:00+05:30,20240119030000-1397,DIRECTLY_RELEVANT,RIL Q3 earnings live coverage and EBITDA estimates
AUDIT_061,RELIANCE.NS,2024-01-19,"Q3 results today: RIL, HUL, Paytm, UltraTech among 46 companies to announce earnings",indiatimes.com,https://economictimes.indiatimes.com/markets/stocks/earnings/q3-results-today-ril-hul-paytm-ultratech-among-46-companies-to-announce-earnings/articleshow/106972272.cms,A: Reliance Industries / RIL,gdelt_gkg_observation,,2024-01-19T09:30:00+05:30,20240119040000-413,INDIRECTLY_RELEVANT,Earnings calendar featuring RIL and peers
AUDIT_062,RELIANCE.NS,2024-01-19,Reliance Industries Q3 Results 2023 - Find Reliance Industries Q3 Earnings Result,livemint.com,https://www.livemint.com/market/market-stats/reliance-industries-q3-results-s0003018,A: Reliance Industries / RIL,gdelt_gkg_observation,,2024-01-19T12:00:00+05:30,20240119063000-1047,DIRECTLY_RELEVANT,RIL Q3 financial results report
AUDIT_063,RELIANCE.NS,2024-01-23,"Reliance Jio Q3 profit rises 12.3% to Rs 5,208 crore",moneycontrol.com,https://www.moneycontrol.com/news/business/earnings/reliance-jio-q3-profit-rises-12-3-to-rs-5208-crore-12085821.html,B: Reliance Jio / Jio Platforms,gdelt_gkg_observation,,2024-01-19T18:00:00+05:30,20240119123000-1194,DIRECTLY_RELEVANT,"Reliance Jio Q3 profit rises 12.3% to Rs 5,208 cr"
AUDIT_064,RELIANCE.NS,2024-01-23,"Reliance Jio Q3 Profit Rises 12.3% to Rs 5,208 Crore",news18.com,https://www.news18.com/business/reliance-jio-q3-profit-rises-12-3-to-rs-5208-crore-8746705.html,B: Reliance Jio / Jio Platforms,publisher_precise_timestamp,2024-01-19T17:44:00+05:30,2024-01-19T19:15:00+05:30,20240119134500-922,DIRECTLY_RELEVANT,"Jio Q3 profit rises 12.3% to Rs 5,208 cr"
AUDIT_065,RELIANCE.NS,2024-01-23,"Reliance Jio Q3 profit up 12.3% on-year to Rs 5208 crore, revenue up 10.3%",financialexpress.com,https://www.financialexpress.com/business/industry-reliance-jio-q3-profit-up-12-3-on-year-to-rs-5208-crore-revenue-up-103-3369515,B: Reliance Jio / Jio Platforms,publisher_precise_timestamp,2024-01-19T17:16:00+05:30,2024-01-19T19:15:00+05:30,20240119134500-1427,DIRECTLY_RELEVANT,Jio Q3 profit and revenue growth figures
AUDIT_066,RELIANCE.NS,2024-01-19,"Reliance Retail Delivers Gross Revenue Of Rs 83,063Cr For 3Q FY24",menafn.com,https://menafn.com/1107742843/Reliance-Retail-Delivers-Gross-Revenue-Of-Rs-83063Cr-For-3Q-FY24,C: Reliance Retail,publisher_precise_timestamp,2024-01-19T05:30:00+05:30,2024-01-19T20:15:00+05:30,20240119144500-1476,DIRECTLY_RELEVANT,"Reliance Retail delivers Q3 revenue of Rs 83,063 cr"
AUDIT_067,RELIANCE.NS,2024-01-23,"Reliance Retail Q3: Net Profit Up 32% at Rs 3,165 Crore, Revenue At Record High",news18.com,https://www.news18.com/business/reliance-retail-q3-net-profit-up-32-at-rs-3165-crore-revenue-at-record-high-8746903.html,C: Reliance Retail,publisher_precise_timestamp,2024-01-19T19:20:00+05:30,2024-01-19T20:30:00+05:30,20240119150000-1804,DIRECTLY_RELEVANT,Reliance Retail Q3 net profit up 32% to record high
AUDIT_068,RELIANCE.NS,2024-01-23,"RIL Q3 results takeaways: Jio's ARPU misses estimates; retail unit's Ebitda surges, Rs 30k crore capex, and more",businesstoday.in,https://www.businesstoday.in/markets/top-story/story/ril-q3-results-takeaways-jios-arpu-misses-estimates-retail-units-ebitda-surges-rs-30k-crore-capex-and-more-414180-2024-01-19,A: Reliance Industries / RIL,gdelt_gkg_observation,,2024-01-19T20:45:00+05:30,20240119151500-403,DIRECTLY_RELEVANT,"RIL Q3 comprehensive earnings takeaways (capex, EBITDA, ARPU)"
AUDIT_069,RELIANCE.NS,2024-01-23,"Reliance net profit rises 9%, planned shutdown at oil refinery subdues earnings",orissapost.com,https://www.orissapost.com/reliance-net-profit-rises-9-planned-shutdown-at-oil-refinery-subdues-earnings,E: Bare Reliance (RIL Context),publisher_precise_timestamp,2024-01-19T20:17:00+05:30,2024-01-19T20:45:00+05:30,20240119151500-1915,DIRECTLY_RELEVANT,Reliance net profit and oil refinery earnings impact
AUDIT_070,RELIANCE.NS,2024-01-23,"RIL Q3 results: Net profit rises 11% to Rs 19,641 cr",businesstoday.in,https://www.businesstoday.in/markets/top-story/story/ril-q3-results-net-profit-rises-11-to-rs-19641-cr-414165-2024-01-19,A: Reliance Industries / RIL,gdelt_gkg_observation,,2024-01-19T20:45:00+05:30,20240119151500-1498,DIRECTLY_RELEVANT,"RIL Q3 net profit rises 11% to Rs 19,641 cr"
AUDIT_071,RELIANCE.NS,2024-01-23,"Reliance Retail Q3 Results: Net profit rises 32% to Rs 3,165 cr",businesstoday.in,https://www.businesstoday.in/latest/corporate/story/reliance-retail-q3-results-net-profit-rises-32-to-rs-3165-cr-414177-2024-01-19,C: Reliance Retail,gdelt_gkg_observation,,2024-01-19T20:45:00+05:30,20240119151500-1281,DIRECTLY_RELEVANT,"Reliance Retail Q3 net profit up 32% to Rs 3,165 cr"
AUDIT_072,RELIANCE.NS,2024-01-23,"jio: Reliance Jio Q3 Results: Affordable phone, wireless broadband and more users bring an end to four quarters of sluggish growth",indiatimes.com,https://economictimes.indiatimes.com/industry/telecom/telecom-news/reliance-jio-q3-results-affordable-phone-wireless-broadband-and-more-users-bring-an-end-to-four-quarters-of-sluggish-growth/articleshow/106993158.cms,B: Reliance Jio / Jio Platforms,gdelt_gkg_observation,,2024-01-19T21:30:00+05:30,20240119160000-20,DIRECTLY_RELEVANT,Jio Q3 results and subscriber growth analysis
AUDIT_073,RELIANCE.NS,2024-01-23,From Mukesh Ambani To Amitabh Bachchan: Top Guests Invited To Ayodhya Ram Temple Event,india.com,https://zeenews.india.com/india/from-mukesh-ambani-to-amitabh-bachchan-top-guests-invited-to-ayodhya-ram-temple-event-2711564.html,D: Mukesh Ambani,gdelt_gkg_observation,,2024-01-19T22:15:00+05:30,20240119164500-1167,NOT_RELEVANT,Celebrity event guest list
AUDIT_074,RELIANCE.NS,2024-01-23,"Reliance net profit rises 11% to touch Rs 19,641 Cr in Q3",yourstory.com,https://yourstory.com:443/enterprise-story/2024/01/reliance-industries-net-profit-revenue-mukesh-ambani,E: Bare Reliance (RIL Context),publisher_precise_timestamp,2024-01-19T20:12:00+05:30,2024-01-20T00:15:00+05:30,20240119184500-604,DIRECTLY_RELEVANT,"Reliance Q3 net profit up 11% to Rs 19,641 cr"
AUDIT_075,RELIANCE.NS,2024-01-23,"Digital, retail show there's life beyond O2C for RIL",livemint.com,https://www.livemint.com/news/india/digital-retail-show-theres-life-beyond-o2c-for-ril-11705687275466.html,A: Reliance Industries / RIL,gdelt_gkg_observation,,2024-01-20T00:30:00+05:30,20240119190000-2065,DIRECTLY_RELEVANT,RIL business model diversification analysis (Digital & Retail vs O2C)
AUDIT_076,RELIANCE.NS,2024-01-23,"Reliance Retail Q3 profit up 31.8% to Rs 3,165 cr; gross revenue at Rs 83,063 cr, ET Retail",indiatimes.com,https://retail.economictimes.indiatimes.com/news/industry/reliance-retail-q3-profit-up-31-8-to-rs-3165-cr-gross-revenue-at-rs-83063-cr/106997388,C: Reliance Retail,gdelt_gkg_observation,,2024-01-20T00:45:00+05:30,20240119191500-1410,DIRECTLY_RELEVANT,Reliance Retail Q3 earnings and revenue report
AUDIT_077,RELIANCE.NS,2024-01-23,രാമക്ഷേത്ര പ്രതിഷ്ഠാദിനത്തിൽ അവധി പ്രഖ്യാപിച്ച് റിലയൻസ് ഇൻഡസ്ട്രീസും | Reliance Industries announces holiday on Ram Mandir consecration day,madhyamam.com,https://www.madhyamam.com/business/corporates/reliance-industries-announces-holiday-on-ram-mandir-consecration-day-1248829,A: Reliance Industries / RIL,gdelt_gkg_observation,,2024-01-20T07:45:00+05:30,20240120021500-T934,NOT_RELEVANT,Corporate holiday announcement for temple consecration
AUDIT_078,RELIANCE.NS,2024-01-23,"Net profit | Reliance sees 10.9 per cent jump in net profit due to strong performance in retail, telecom",telegraphindia.com,https://www.telegraphindia.com/feeds/business/reliance-sees-10-9-per-cent-jump-in-net-profit-due-to-strong-performance-in-retail-telecom/cid/1995005,E: Bare Reliance (RIL Context),gdelt_gkg_observation,,2024-01-20T08:15:00+05:30,20240120024500-132,DIRECTLY_RELEVANT,RIL 10.9% net profit jump on retail and telecom strength
AUDIT_079,RELIANCE.NS,2024-01-23,"RIL Q3 results: Emkay shares view, ups target price to Rs 2,950 on Reliance Industries stock. Here's why",businesstoday.in,https://www.businesstoday.in/markets/company-stock/story/ril-q3-results-emkay-shares-view-ups-target-price-to-rs-2950-on-reliance-industries-stock-heres-why-414224-2024-01-20,A: Reliance Industries / RIL,gdelt_gkg_observation,,2024-01-20T08:15:00+05:30,20240120024500-1026,DIRECTLY_RELEVANT,"Brokerage upgrades RIL stock target to Rs 2,950 post earnings"
AUDIT_080,RELIANCE.NS,2024-01-23,"Buzzing Stocks: RIL, HUL, Tata Steel से लेकर ICICI Bank और JK Cement तक, आज इन शेयरों में दिखेगा जोरदार एक्शन",moneycontrol.com,https://hindi.moneycontrol.com/news/markets/buzzing-stocks-in-news-today-reliance-industries-paytm-hul-tata-steel-icici-bank-jk-cement-kotak-mahindra-bank-among-shares-will-be-on-focus-1730121.html,A: Reliance Industries / RIL,gdelt_gkg_observation,,2024-01-20T11:15:00+05:30,20240120054500-T176,INDIRECTLY_RELEVANT,Daily market stocks in news watchlist featuring RIL
AUDIT_081,RELIANCE.NS,2024-01-23,"Meet man who spent Rs 1500 crore on his looks, not richer than Mukesh Ambani, Adani, his net worth is...",dnaindia.com,https://www.dnaindia.com/business/report-meet-man-who-spent-rs-1500-crore-on-his-looks-not-richer-than-mukesh-ambani-adani-his-net-worth-is-3075080,D: Mukesh Ambani,gdelt_gkg_observation,,2024-01-20T12:45:00+05:30,20240120071500-481,NOT_RELEVANT,Clickbait wealth comparison listicle
AUDIT_082,RELIANCE.NS,2024-01-23,reliance q3: Reliance net debt continues to rise from YoY perspective despite capex declining sharply QoQ: Probal Sen,indiatimes.com,https://economictimes.indiatimes.com/markets/expert-view/reliance-net-debt-continues-to-rise-from-yoy-perspective-despite-capex-declining-sharply-qoq-probal-sen/articleshow/107008407.cms,E: Bare Reliance (RIL Context),gdelt_gkg_observation,,2024-01-20T14:45:00+05:30,20240120091500-815,DIRECTLY_RELEVANT,Expert analysis on RIL net debt and capex trajectory
AUDIT_083,RELIANCE.NS,2024-01-23,"Stock market today: Nifty 50, Sensex fall; RIL, HUL among top drags",livemint.com,https://www.livemint.com/market/stock-market-news/stock-market-today-nifty-50-sensex-fall-ril-hul-among-top-drags-midcaps-smallcaps-outperform-11705744454419.html,A: Reliance Industries / RIL,gdelt_gkg_observation,,2024-01-20T17:45:00+05:30,20240120121500-518,INDIRECTLY_RELEVANT,Market index drop with RIL among top drags
AUDIT_084,RELIANCE.NS,2024-01-23,Reliance to commission new energy giga complex this year,devdiscourse.com,https://www.devdiscourse.com/article/headlines/2783281-reliance-to-commission-new-energy-giga-complex-this-year,E: Bare Reliance (RIL Context),publisher_precise_timestamp,2024-01-21T15:40:00+05:30,2024-01-21T17:30:00+05:30,20240121120000-363,DIRECTLY_RELEVANT,Reliance New Energy Giga complex commissioning timeline
AUDIT_085,RELIANCE.NS,2024-01-23,"टाटा, अदाणी, अंबानी अन्...; 'या' मोठ्या उद्योपतींना प्राणप्रतिष्ठा सोहळ्याचं निमंत्रण | Mukesh Ambani to Ratan Tata industrialists invited to Ram Mandir Pran Pratishtha ceremony",loksatta.com,https://www.loksatta.com/business/mukesh-ambani-to-ratan-tata-industrialists-invited-for-ram-mandir-pran-pratishtha-ceremony-asc-95-4170100,D: Mukesh Ambani,publisher_precise_timestamp,2024-01-21T19:33:00+05:30,2024-01-21T20:00:00+05:30,20240121143000-T2213,NOT_RELEVANT,Event invitation guest list
AUDIT_086,RELIANCE.NS,2024-01-23,Mukesh Ambani's residence 'Antilia' illuminated with 'Jai Shri Ram' on eve of Ram Mandir ceremony| Watch,livemint.com,https://www.livemint.com/news/india/mukesh-ambanis-residence-antilia-illuminated-with-jai-shri-ram-on-eve-of-ram-mandir-ceremony-watch-ayodhya-11705855842210.html,D: Mukesh Ambani,gdelt_gkg_observation,,2024-01-21T23:45:00+05:30,20240121181500-811,NOT_RELEVANT,Celebrity residence lighting video
AUDIT_087,RELIANCE.NS,2024-01-23,"Pran Pratishtha: राममय हुआ मुकेश अंबानी का घर, 'जय श्री राम' और भगवा रंग से रोशन हुआ 'एंटीलिया', Video - mukesh ambani s house illuminated with jai shri ram and antilia",punjabkesari.in,https://www.punjabkesari.in/national/news/mukesh-ambani-s-house-illuminated-with-jai-shri-ram-and-antilia-1931671,D: Mukesh Ambani,gdelt_gkg_observation,,2024-01-22T02:15:00+05:30,20240121204500-T493,NOT_RELEVANT,Celebrity residence video coverage
AUDIT_088,RELIANCE.NS,2024-01-23,Reliance Industries Celebrates Ram Lalla Pran Pratishtha with the Country,news18.com,https://www.news18.com/india/reliance-industries-celebrates-ram-lala-pran-pratishtha-with-the-country-8749413.html,A: Reliance Industries / RIL,publisher_precise_timestamp,2024-01-22T09:56:00+05:30,2024-01-22T11:15:00+05:30,20240122054500-484,NOT_RELEVANT,Corporate cultural celebration report
AUDIT_089,RELIANCE.NS,2024-01-23,Ram Mandir Inauguration | Mukesh Ambani's Mumbai home lights up for Ayodhya Ram temple inauguration programme dgtl,anandabazar.com,https://www.anandabazar.com/lifestyle/mukesh-ambanis-mumbai-home-lights-up-for-ayodhya-ram-temple-inauguration-programme-dgtl/cid/1490608,D: Mukesh Ambani,gdelt_gkg_observation,,2024-01-22T13:15:00+05:30,20240122074500-T896,NOT_RELEVANT,Celebrity residence illumination
AUDIT_090,RELIANCE.NS,2024-01-23,Ram Mandir: అయోధ్య రాముడికి 33 కేజీల బంగారం సమర్పించిన అంబానీ దంపతులు.. నిజమెంత? | Mukesh Ambani Donated 3 Crowns Worth 33 Kg Gold For Ram Lalla? Here's The Truth.. sgr spl,andhrajyothy.com,https://www.andhrajyothy.com/2024/prathyekam/mukesh-ambani-donated-3-crowns-worth-33-kg-gold-for-ram-lalla-heres-the-truth-sgr-spl-1199562.html,D: Mukesh Ambani,gdelt_gkg_observation,,2024-01-22T20:45:00+05:30,20240122151500-T143,NOT_RELEVANT,Religious donation rumour debunking
AUDIT_091,RELIANCE.NS,2024-01-23,Reliance Industries Ltd rides PLI schemes to close in on $1-1.5/kg Green H2 target,indiatimes.com,https://economictimes.indiatimes.com/industry/renewables/reliance-industries-ltd-rides-pli-schemes-to-close-in-on-1-1-5/kg-green-h2-target/articleshow/107061807.cms,A: Reliance Industries / RIL,gdelt_gkg_observation,,2024-01-23T00:45:00+05:30,20240122191500-2018,DIRECTLY_RELEVANT,RIL Green Hydrogen production cost target and PLI boost
AUDIT_092,RELIANCE.NS,2024-01-23,17 thousand 265 crore profit to Reliance Industries,tarunbharat.com,https://www.tarunbharat.com/17-thousand-265-crore-profit-to-reliance-industries,A: Reliance Industries / RIL,publisher_precise_timestamp,2024-01-23T06:51:00+05:30,2024-01-23T09:45:00+05:30,20240123041500-T1541,DIRECTLY_RELEVANT,RIL quarterly profit report
AUDIT_093,RELIANCE.NS,2024-01-24,"Sensex Slumps Over 1,000 Points To Slip Below 71,000; HDFC Bank, RIL Weigh",india.com,https://zeenews.india.com/markets/sensex-slumps-over-1000-points-to-slip-below-71000-hdfc-bank-ril-weigh-2713064.html,A: Reliance Industries / RIL,gdelt_gkg_observation,,2024-01-23T18:00:00+05:30,20240123123000-244,INDIRECTLY_RELEVANT,"Sensex 1,000 pt slump weighed down by RIL and HDFC Bank"
AUDIT_094,RELIANCE.NS,2024-01-24,"Stock market | Sensex slumps over 1000 points to slip below 71000; HDFC Bank, Reliance Industries weigh",telegraphindia.com,https://www.telegraphindia.com/business/sensex-slumps-over-1000-points-to-slip-below-71000-hdfc-bank-reliance-industries-weigh/cid/1995701,A: Reliance Industries / RIL,gdelt_gkg_observation,,2024-01-24T00:15:00+05:30,20240123184500-2311,INDIRECTLY_RELEVANT,Market slump with RIL and HDFC Bank as main drags
AUDIT_095,RELIANCE.NS,2024-01-24,"Sensex slumps over 1k pts to slip below 71k; HDFC Bank, RIL weigh",dailyexcelsior.com,https://www.dailyexcelsior.com/sensex-slumps-over-1k-pts-to-slip-below-71k-hdfc-bank-ril-weigh-2,A: Reliance Industries / RIL,publisher_precise_timestamp,2024-01-24T05:57:00+05:30,2024-01-24T06:15:00+05:30,20240124004500-617,INDIRECTLY_RELEVANT,Sensex slump led by RIL and banking stocks
AUDIT_096,RELIANCE.NS,2024-01-25,"Meet billionaire who once lived in India, moved to Pakistan, donated more than Rs 6900000, no match for Mukesh Ambani",dnaindia.com,https://www.dnaindia.com/business/report-meet-billionaire-who-once-lived-in-india-moved-to-pakistan-donated-more-than-rs-6900000-no-match-for-ambani-3075540,D: Mukesh Ambani,gdelt_gkg_observation,,2024-01-25T10:45:00+05:30,20240125051500-845,NOT_RELEVANT,Clickbait historical comparison listicle
AUDIT_097,RELIANCE.NS,2024-01-29,Reliance Jio and OnePlus India forge partnership to drive 5G innovation at scale,technuter.com,https://technuter.com/telecom/reliance-jio-and-oneplus-india-forge-partnership-to-drive-5g-innovation-at-scale.html,B: Reliance Jio / Jio Platforms,publisher_precise_timestamp,2024-01-25T15:49:00+05:30,2024-01-25T16:30:00+05:30,20240125110000-1224,DIRECTLY_RELEVANT,Reliance Jio and OnePlus 5G innovation partnership
AUDIT_098,RELIANCE.NS,2024-01-29,Reliance Retail: Reliance launches eye-popping discount schemes ahead of 75th Republic Day,indiatimes.com,https://economictimes.indiatimes.com/industry/services/retail/reliance-launches-eye-popping-discount-schemes-ahead-of-75th-republic-day/articleshow/107152344.cms,C: Reliance Retail,gdelt_gkg_observation,,2024-01-25T21:00:00+05:30,20240125153000-1674,DIRECTLY_RELEVANT,Reliance Retail Republic Day sales and discount scheme
AUDIT_099,RELIANCE.NS,2024-01-29,"Reliance Jio, OnePlus India join hands to drive 5G innovation at scale",webindia123.com,https://news.webindia123.com/news/Articles/Business/20240125/4162160.html,B: Reliance Jio / Jio Platforms,gdelt_gkg_observation,,2024-01-25T22:30:00+05:30,20240125170000-775,DIRECTLY_RELEVANT,Jio-OnePlus commercial partnership for 5G
AUDIT_100,RELIANCE.NS,2024-01-29,"Best books recommended by Mukesh Ambani, Ratan Tata, Gates",dnaindia.com,https://www.dnaindia.com/web-stories/lifestyle/best-books-recommended-by-mukesh-ambani-ratan-tata-gates-1706194653628,D: Mukesh Ambani,gdelt_gkg_observation,,2024-01-25T22:30:00+05:30,20240125170000-905,NOT_RELEVANT,Lifestyle book recommendations
AUDIT_101,RELIANCE.NS,2024-01-29,"Reliance Jio, OnePlus set up '5G Innovation Lab' to develop new technologies, ET Telecom",indiatimes.com,https://telecom.economictimes.indiatimes.com/news/devices/reliance-jio-oneplus-set-up-5g-innovation-lab-to-develop-new-technologies/107149990,B: Reliance Jio / Jio Platforms,gdelt_gkg_observation,,2024-01-25T23:00:00+05:30,20240125173000-487,DIRECTLY_RELEVANT,Jio and OnePlus set up 5G Innovation Lab
AUDIT_102,RELIANCE.NS,2024-01-29,Reliance Jio OnePlus India Join Hands To Drive 5G Innovation At Scale - BW Businessworld,businessworld.in,https://www.businessworld.in/article/Reliance-Jio-OnePlus-India-Join-Hands-To-Drive-5G-Innovation-At-Scale/26-01-2024-507715,B: Reliance Jio / Jio Platforms,gdelt_gkg_observation,,2024-01-26T10:15:00+05:30,20240126044500-729,DIRECTLY_RELEVANT,Jio-OnePlus 5G innovation partnership
AUDIT_103,RELIANCE.NS,2024-01-29,"Reliance Jio, OnePlus join handsto drive 5G innovation in India",nagalandpost.com,https://nagalandpost.com/index.php/reliance-jio-oneplus-join-handsto-drive-5g-innovation-in-india,B: Reliance Jio / Jio Platforms,publisher_precise_timestamp,2024-01-26T01:41:00+05:30,2024-01-26T23:00:00+05:30,20240126173000-1949,DIRECTLY_RELEVANT,Jio-OnePlus nationwide 5G collaboration
AUDIT_104,RELIANCE.NS,2024-01-29,"Reliance Jio giving 34GB data by spending 100 rupees more get 28 days unlimited calls and sms - Tech news hindi - Jio का गजब प्लान देखा क्या? 100 रुपए ज्यादा देकर पाएं 34GB डेटा, 28 दिन तक नहीं कटेगा फोन, गैजेट्स न्यूज",livehindustan.com,https://www.livehindustan.com/gadgets/story-reliance-jio-giving-34gb-data-by-spending-100-rupees-more-get-28-days-unlimited-calls-and-sms-9250375.html,B: Reliance Jio / Jio Platforms,publisher_precise_timestamp,2024-01-26T22:09:00+05:30,2024-01-26T23:45:00+05:30,20240126181500-T2110,DIRECTLY_RELEVANT,Reliance Jio new prepaid data and voice plan
AUDIT_105,RELIANCE.NS,2024-01-29,Reliance Jio and OnePlus Collaborate to Drive Innovation in 5G Technology,opp.today,https://www.opp.today/5g/reliance-jio-and-oneplus-collaborate-to-drive-innovation-in-5g-technology/313587,B: Reliance Jio / Jio Platforms,gdelt_gkg_observation,,2024-01-28T20:45:00+05:30,20240128151500-815,DIRECTLY_RELEVANT,Jio-OnePlus 5G technology partnership
AUDIT_106,RELIANCE.NS,2024-01-30,"Daftar Orang Terkaya di Asia 2024 Versi Forbes, Mukesh Ambani di Posisi Puncak",bisnis.tempo.co,https://bisnis.tempo.co/read/1827175/daftar-orang-terkaya-di-asia-2024-versi-forbes-mukesh-ambani-di-posisi-puncak,D: Mukesh Ambani,gdelt_gkg_observation,,2024-01-29T15:45:00+05:30,20240129101500-T1424,NOT_RELEVANT,Forbes Asia richest listicle ranking
AUDIT_107,RELIANCE.NS,2024-01-30,Mukesh Ambani's Reliance Industries Set for Record High Amid Red Sea Crisis | India Business News,indiatimes.com,https://timesofindia.indiatimes.com/business/india-business/mukesh-ambanis-reliance-industries-set-for-record-high-amid-red-sea-crisis/articleshow/107227225.cms,A: Reliance Industries / RIL,gdelt_gkg_observation,,2024-01-29T15:45:00+05:30,20240129101500-987,DIRECTLY_RELEVANT,RIL share price and refining margins surge amid Red Sea crisis
AUDIT_108,RELIANCE.NS,2024-01-30,Markets bounce back on Reliance Industries surge,prokerala.com,https://www.prokerala.com/news/articles/a1501386.html,A: Reliance Industries / RIL,gdelt_gkg_observation,,2024-01-29T16:00:00+05:30,20240129103000-630,DIRECTLY_RELEVANT,Stock market bounce powered by Reliance Industries surge
AUDIT_109,RELIANCE.NS,2024-01-30,Reliance Industries | Reliance Industries shares jump over 7 per cent; market capitalisation climbs Rs 19.56 lakh crore mark,telegraphindia.com,https://www.telegraphindia.com/feeds/business/reliance-industries-shares-jump-over-7-per-cent-market-capitalisation-climbs-rs-19-56-lakh-crore-mark/cid/1996912,A: Reliance Industries / RIL,gdelt_gkg_observation,,2024-01-29T17:00:00+05:30,20240129113000-871,DIRECTLY_RELEVANT,RIL stock jumps 7% with market cap crossing Rs 19.5L cr
AUDIT_110,RELIANCE.NS,2024-01-30,"Sensex, Nifty jump nearly 2% powered by rally in RIL",rediff.com,https://www.rediff.com/business/report/sensex-nifty-jump-nearly-2-powered-by-rally-in-ril/20240129.htm,A: Reliance Industries / RIL,publisher_precise_timestamp,2024-01-29T16:46:00+05:30,2024-01-29T17:15:00+05:30,20240129114500-148,DIRECTLY_RELEVANT,Market jumps 2% powered by massive rally in RIL
AUDIT_111,RELIANCE.NS,2024-01-30,Stock market | Sensex and Nifty jump nearly 2 per cent powered by rally in Reliance Industries and firm Asian markets,telegraphindia.com,https://www.telegraphindia.com/feeds/business/sensex-and-nifty-jump-nearly-2-per-cent-powered-by-rally-in-reliance-industries-and-firm-asian-markets/cid/1996949,A: Reliance Industries / RIL,gdelt_gkg_observation,,2024-01-29T18:45:00+05:30,20240129131500-203,DIRECTLY_RELEVANT,Sensex and Nifty rally powered by Reliance Industries
AUDIT_112,RELIANCE.NS,2024-01-30,"Reliance Industries Share surges 7 percent today market cap cross 19 59 crore rupees - Business News India - अंबानी की कंपनी के रचा इतिहास, शेयर खरीदे टूटे निवेशक, 7% चढ़ गया भाव, Business News",livehindustan.com,https://www.livehindustan.com/business/story-reliance-industries-share-surges-7-percent-today-market-cap-cross-19-59-crore-rupees-9259806.html,A: Reliance Industries / RIL,publisher_precise_timestamp,2024-01-29T18:35:00+05:30,2024-01-29T19:15:00+05:30,20240129134500-T45,DIRECTLY_RELEVANT,RIL shares surge 7% to historic high
AUDIT_113,RELIANCE.NS,2024-01-30,RIL rally triggered by funds taking refuge in 'strong stock' to hedge against short positions,moneycontrol.com,https://www.moneycontrol.com/news/business/stocks/ril-rally-triggered-by-funds-taking-refuge-in-strong-stock-to-hedge-against-short-positions-12148441.html,A: Reliance Industries / RIL,gdelt_gkg_observation,,2024-01-30T10:00:00+05:30,20240130043000-217,DIRECTLY_RELEVANT,Institutional short covering and hedge fund rally in RIL
AUDIT_114,RELIANCE.NS,2024-01-30,At multi-year highs: RIL among 9 stocks that witnessed 5-year swing high breakout,indiatimes.com,https://economictimes.indiatimes.com/markets/web-stories/at-multi-year-highs-ril-among-9-stocks-that-witnessed-5-year-swing-high-breakout/slideshow/107246176.cms,A: Reliance Industries / RIL,gdelt_gkg_observation,,2024-01-30T10:30:00+05:30,20240130050000-8,DIRECTLY_RELEVANT,Technical 5-year breakout analysis for RIL stock
AUDIT_115,RELIANCE.NS,2024-01-30,RIL has the ₹20 lk cr milestone in sight after biggest one day gain in over 3 years,businessinsider.in,https://www.businessinsider.in/stock-market/webstories/ril-has-the-20-lk-cr-milestone-in-sight-after-biggest-one-day-gain-in-over-3-years/slidelist/107251135.cms,A: Reliance Industries / RIL,gdelt_gkg_observation,,2024-01-30T14:30:00+05:30,20240130090000-300,DIRECTLY_RELEVANT,RIL approaches Rs 20 lakh crore market cap milestone
AUDIT_116,RELIANCE.NS,2024-01-31,"sensex today: Bears roar: Sensex nosedives 802 points on profit-booking in RIL, Bajaj twins",indiatimes.com,https://economictimes.indiatimes.com/markets/stocks/news/bears-roar-sensex-nosedives-802-points-on-profit-booking-in-ril-hdfc-bank/articleshow/107261349.cms,A: Reliance Industries / RIL,gdelt_gkg_observation,,2024-01-30T16:30:00+05:30,20240130110000-261,INDIRECTLY_RELEVANT,Sensex drop on profit-taking in RIL and financials
AUDIT_117,RELIANCE.NS,2024-01-31,"Ferraris, Lamborghinis among 41 super-expensive cars seized from Mukesh Ambani's mall",dnaindia.com,https://www.dnaindia.com/automobile/report-ferraris-lamborghinis-among-41-super-expensive-cars-seized-from-mukesh-ambani-s-mall-3076307,D: Mukesh Ambani,gdelt_gkg_observation,,2024-01-31T12:00:00+05:30,20240131063000-663,NOT_RELEVANT,Mall luxury car seizure news story
AUDIT_118,RELIANCE.NS,2024-01-31,"Reliance's Jio, Gortune pre-qualify for Sri Lanka Telecom stake bid - govt",marketscreener.com,https://www.marketscreener.com/quote/stock/RELIANCE-INDUSTRIES-LTD-9058833/news/Reliance-s-Jio-Gortune-pre-qualify-for-Sri-Lanka-Telecom-stake-bid-govt-45846385,B: Reliance Jio / Jio Platforms,gdelt_gkg_observation,,2024-01-31T12:15:00+05:30,20240131064500-401,DIRECTLY_RELEVANT,Reliance Jio pre-qualifies to bid for Sri Lanka Telecom stake
AUDIT_119,RELIANCE.NS,2024-02-01,"Reliance's Jio, Gortune pre-qualify for Sri Lanka Telecom stake bid - govt",wn.com,https://article.wn.com/view/2024/01/31/Reliances_Jio_Gortune_prequalify_for_Sri_Lanka_Telecom_stake_z,B: Reliance Jio / Jio Platforms,gdelt_gkg_observation,,2024-01-31T16:30:00+05:30,20240131110000-288,DIRECTLY_RELEVANT,Jio qualifies for Sri Lanka Telecom privatization bid
AUDIT_120,RELIANCE.NS,2024-02-01,Reliance Jio qualifies to bid for Sri Lanka Telecom - The Hindu BusinessLine,thehindubusinessline.com,https://www.thehindubusinessline.com/info-tech/reliance-jio-qualifies-to-bid-for-sri-lanka-telecom/article67796592.ece,B: Reliance Jio / Jio Platforms,publisher_precise_timestamp,2024-01-31T19:03:00+05:30,2024-01-31T21:00:00+05:30,20240131153000-913,DIRECTLY_RELEVANT,Jio telecom expansion bid for Sri Lanka Telecom
