stage,page_title,url,source,DATE,reason
entity_matcher_rejected,"SBI저축은행, 임금 삭감 없는 주 4일제 도입…""금융권 최초""",https://www.busan.com/view/busan/view.php?code=2024040110140293702,busan.com,20240401020000,Entity matcher rejected (no positive signal or matched exclusion)
entity_matcher_rejected,How Rajasthan's Kalbeliya community inspired SBI Youth for India Fellow Viveka Advani to strive for change,https://social.yourstory.com:443/2021/04/rajasthans-kalbeliya-community-inspired-sbi-youth-viveka-advani,yourstory.com,20240401060000,Entity matcher rejected (no positive signal or matched exclusion)
entity_matcher_rejected,"SBI저축은행, 업계 최초 임금 삭감 없는 주4일 근무제 시범 도입",https://www.viva100.com/main/view.php?key=20240401010000106,viva100.com,20240401060000,Entity matcher rejected (no positive signal or matched exclusion)
entity_matcher_rejected,"﻿SBI저축은행, 주 4일제 시범 도입",https://www.newspim.com/news/view/20240401000782,newspim.com,20240401061500,Entity matcher rejected (no positive signal or matched exclusion)
entity_matcher_rejected,"IRDAI new regulation on surrender charges decoded; SBI Life, LIC top buy in insurance space now",https://economictimes.indiatimes.com/markets/stocks/news/irdai-new-regulation-on-surrender-charges-decoded-sbi-life-lic-top-buy-in-insurance-space-now/articleshow/108935124.cms,indiatimes.com,20240401070000,Entity matcher rejected (no positive signal or matched exclusion)
entity_matcher_rejected,SBI、南都銀行にスマホアプリ提供 口座開設や送金完結,https://www.nikkei.com/article/DGXZQOUB294630Z20C24A3000000/,nikkei.com,20240401080000,Entity matcher rejected (no positive signal or matched exclusion)
entity_matcher_rejected,住信SBIネット銀行、量子技術による新産業創出協議会に特別会員として参画：紀伊民報AGARA｜和歌山県のニュースサイト,https://www.agara.co.jp/article/361355,agara.co.jp,20240401083000,Entity matcher rejected (no positive signal or matched exclusion)
entity_matcher_rejected,PM Modi sets high expectations for RBI in the next decade as it marks 90 years,https://www.businesstoday.in/industry/banks/story/pm-modi-sets-high-expectations-for-rbi-in-the-next-decade-as-it-marks-90-years-423720-2024-04-01,businesstoday.in,20240401101500,Entity matcher rejected (no positive signal or matched exclusion)
entity_matcher_rejected,住信SBIネット銀行、量子技術による新産業創出協議会に特別会員として参画,https://japan.cnet.com/release/30959518/,cnet.com,20240401104500,Entity matcher rejected (no positive signal or matched exclusion)
entity_matcher_rejected,क्या आपका भी SBI ऑनलाइन ऐप नहीं कर रहा काम? आज नहीं मिलेगी ये सर्विस,https://hindi.moneycontrol.com/news/your-money/sbi-bank-online-service-will-not-work-today-due-to-financial-year-closing-1882091.html,moneycontrol.com,20240401120000,Entity matcher rejected (no positive signal or matched exclusion)
entity_matcher_rejected,'Is There Something That Tops This...?' X User's Post Over SBI's 'Stressful' Login Process,https://www.freepressjournal.in/business/is-there-something-that-tops-this-x-users-post-over-sbis-stressful-login-process,freepressjournal.in,20240401140000,Entity matcher rejected (no positive signal or matched exclusion)
entity_matcher_rejected,"BOB vs SBI: देश के 2 बड़े सरकारी बैंक FD पर ऑफर कर रहे हैं इतना ब्याज, चेक करें डिटेल्स",https://hindi.moneycontrol.com/news/your-money/bank-of-baroda-sbi-offering-interest-rate-on-fd-fixed-deposit-check-details-1882871.html,moneycontrol.com,20240402013000,Entity matcher rejected (no positive signal or matched exclusion)
entity_matcher_rejected,SBI Card Share Price: SBI Card shares up 1.32% as Nifty drops,https://economictimes.indiatimes.com/markets/stocks/stock-watch/sbi-card-shares-up-1-32-as-nifty-drops/articleshow/108964117.cms,indiatimes.com,20240402063000,Entity matcher rejected (no positive signal or matched exclusion)
entity_matcher_rejected,1994 में दादा द्वारा खरीद गए शेयर की कीमत देख पोते के उड़े होश - sbi shares sbi shares rs 500 sbi shares 750x grandparents,https://www.punjabkesari.in/national/news/sbi-shares--sbi-shares-rs-500--sbi-shares-750x--grandparents-1961475,punjabkesari.in,20240402081500,Entity matcher rejected (no positive signal or matched exclusion)
entity_matcher_rejected,"दादा ने 30 साल पहले खरीदा था ₹ 500 का SBI का शेयर, आज उसकी कीमत सुन चौंक जाएंगे – Daily Hindi News",https://dailyhindinews.com/grandfather-had-bought-sbi-shares-worth-%E2%82%B9-500-30-years-ago-you-will-be-shocked-to-hear-its-price-today/?doing_wp_cron=1712048525.2198960781097412109375,dailyhindinews.com,20240402091500,Entity matcher rejected (no positive signal or matched exclusion)
entity_matcher_rejected,Chandigarh man finds grandfather's forgotten SBI investments of Rs 500; know the surprising money he gets now : The Tribune India,https://www.tribuneindia.com/news/trending/chandigarh-man-finds-grandfathers-forgotten-sbis-investments-of-rs-500-know-the-surprising-money-he-gets-now-606614,tribuneindia.com,20240402120000,Entity matcher rejected (no positive signal or matched exclusion)
entity_matcher_rejected,RTI-கீழ் தேர்தல் பத்திர வழிமுறைகளை வெளியிட SBI மறுப்பு.. காரணம் இதுதான்...,https://kumudam.com/SBIs-refusal-to-release-election-bond-instructions-under-RTI..-This-is-the-reason...,kumudam.com,20240402121500,Entity matcher rejected (no positive signal or matched exclusion)
entity_matcher_rejected,"घर के पुराने दस्तावेजों में शख्स को मिला दबा हुआ खजाना, 1994 में SBI के शेयर खरीद भूल गए थे दादाजी, जानें कीमत",https://www.khabarfast.com/business-man-found-sbi-shares-worth-500-rupees-bought-in-1994-what-is-the-current-value/,khabarfast.com,20240402154500,Entity matcher rejected (no positive signal or matched exclusion)
entity_matcher_rejected,"इलेक्टोरल बॉन्ड को लेकर मांगी गई जानकारी का SBI ने नहीं दिया जवाब, RTI के जवाब में क्या बताया?",https://hindi.oneindia.com/news/india/sbi-refuses-to-share-info-on-its-electoral-bond-guidelines-in-rti-reply-907541.html,oneindia.com,20240402160000,Entity matcher rejected (no positive signal or matched exclusion)
entity_matcher_rejected,"1994 में दादा की एक भूल ने पोते को बनाया 'लखपति', 500 रुपए में खरीदे SBI शेयर की 30 बाद कीमत ने उड़ाए होश!",https://hindi.oneindia.com/news/bizarre/grandfather-had-bought-sbi-shares-worth-500-in-1994-todays-price-surprised-after-30-years-907593.html,oneindia.com,20240402190000,Entity matcher rejected (no positive signal or matched exclusion)
entity_matcher_rejected,충당금 쌓기 '고난의 행군' 저축은행…부동산 PF에 건전성 '휘청',https://www.fnnews.com/news/202404030702083575,fnnews.com,20240403001500,Entity matcher rejected (no positive signal or matched exclusion)
entity_matcher_rejected,Star fund manager Sohini Andani quits SBI Mutual Funds,https://www.moneycontrol.com/news/business/personal-finance/star-fund-manager-sohini-andani-quits-sbi-mutual-funds-12564191.html,moneycontrol.com,20240403011500,Entity matcher rejected (no positive signal or matched exclusion)
non_article_url,sbi customers alert | Udaipur Kiran,https://udaipurkiran.com/tag/sbi-customers-alert/,udaipurkiran.com,20240403014500,Non-article URL (taxonomy/category/tag/search index)
non_article_url,state bank of india warns of fake customer care calls,https://udaipurkiran.com/tag/state-bank-of-india-warns-of-fake-customer-care-calls/,udaipurkiran.com,20240403014500,Non-article URL (taxonomy/category/tag/search index)
entity_matcher_rejected,住信SBIネット銀行、「デビットカード利用で1億円山分けキャンペーン」実施について,https://japan.cnet.com/release/30960299/,cnet.com,20240403020000,Entity matcher rejected (no positive signal or matched exclusion)
entity_matcher_rejected,PT SBI Narogong Bogor Berikan Santunan Tali Asih untuk Anak Yatim,https://bogorraya.pikiran-rakyat.com/bogor-news/pr-3017926870/pt-sbi-narogong-bogor-berikan-santunan-tali-asih-untuk-anak-yatim,pikiran-rakyat.com,20240403073000,Entity matcher rejected (no positive signal or matched exclusion)
entity_matcher_rejected,SBI refuses to disclose SOP for sale in RTI reply - News Today,https://newstodaynet.com/2024/04/03/sbi-refuses-to-disclose-sop-for-sale-in-rti-reply/,newstodaynet.com,20240403103000,Entity matcher rejected (no positive signal or matched exclusion)
non_article_url,sbi personal loan calculator | Udaipur Kiran,https://udaipurkiran.com/tag/sbi-personal-loan-calculator/,udaipurkiran.com,20240403104500,Non-article URL (taxonomy/category/tag/search index)
non_article_url,sbi personal loan | Udaipur Kiran,https://udaipurkiran.com/tag/sbi-personal-loan/,udaipurkiran.com,20240403104500,Non-article URL (taxonomy/category/tag/search index)
non_article_url,sbi personal loan interest rate | Udaipur Kiran,https://udaipurkiran.com/tag/sbi-personal-loan-interest-rate/,udaipurkiran.com,20240403104500,Non-article URL (taxonomy/category/tag/search index)
entity_matcher_rejected,"SBI services could be impacted after unions call for strike on March 28, 29",https://www.rashtranews.com/sbi-services-could-be-impacted-after-unions-call-for-strike-on-march-28-29/,rashtranews.com,20240403111500,Entity matcher rejected (no positive signal or matched exclusion)
entity_matcher_rejected,"StrategIQ Financial Group LLC Has $654,000 Holdings in Western Asset Intermediate Muni Fund Inc. (NYSE:SBI)",https://theenterpriseleader.com/2024/04/03/strategiq-financial-group-llc-has-654000-holdings-in-western-asset-intermediate-muni-fund-inc-nysesbi.html,theenterpriseleader.com,20240403153000,Entity matcher rejected (no positive signal or matched exclusion)
entity_matcher_rejected,"ਦਾਦੇ ਨੇ 1994 'ਚ ਖਰੀਦੇ ਸੀ SBI ਦੇ 500 ਰੁਪਏ ਦੇ ਸ਼ੇਅਰ, ਹੁਣ ਕੀਮਤ ਜਾਣ ਪੋਤੇ ਦੇ ਉੱਡ ਗਏ ਹੋਸ਼",https://jagbani.punjabkesari.in/national/news/grandfather-bought-500-rupees-shares-of-sbi-in-1994--now-grandson-surprised-1473943,jagbani.punjabkesari.in,20240403161500,Entity matcher rejected (no positive signal or matched exclusion)
entity_matcher_rejected,"SBI CBO Call Letter 2022 released, download here – Rashtra News : Education News",https://www.rashtranews.com/sbi-cbo-call-letter-2022-released-download-here-rashtra-news-education-news/,rashtranews.com,20240403184500,Entity matcher rejected (no positive signal or matched exclusion)
entity_matcher_rejected,"UPDATE: Two killed in Duplin County house fire, SBI called into help investigate",https://www.witn.com/2024/04/03/two-killed-duplin-county-house-fire/,witn.com,20240403190000,Entity matcher rejected (no positive signal or matched exclusion)
entity_matcher_rejected,"Opening Bell: शेअर बाजाराची घसरणीसह सुरुवात; SBI लाईफमध्ये तेजी, Axis बँक घसरला",https://www.lokmat.com/business/stock-market/opening-bell-stock-market-begins-with-a-fall-sbi-life-gains-axis-bank-declines-a-a720/,lokmat.com,20240405054500,Entity matcher rejected (no positive signal or matched exclusion)
entity_matcher_rejected,SBI: Zelena luč za osem milijonov naložb - Primorske novice,https://primorske.svet24.si/primorska/istra/sbi-zelena-luc-za-osem-milijonov-nalozb,primorske.svet24.si,20240405083000,Entity matcher rejected (no positive signal or matched exclusion)
entity_matcher_rejected,इलेक्टोरल बाँडसाठी SBI ने सरकारकडूनही करोडोंचे कमिशन लाटले; RTI मधून माहिती आली समोर,https://www.lokmat.com/national/electoral-bonds-news-for-electoral-bonds-sbi-billed-govt-rs-1068-crore-as-commission-a-a941/,lokmat.com,20240405121500,Entity matcher rejected (no positive signal or matched exclusion)
entity_matcher_rejected,"Industry, financial experts hail RBI decision to maintain repo rate unchanged",http://www.uniindia.com/industry-financial-experts-hail-rbi-decision-to-maintain-repo-rate-unchanged/business-economy/news/3174341.html,uniindia.com,20240405131500,Entity matcher rejected (no positive signal or matched exclusion)
entity_matcher_rejected,RBI rates repo rate unchanged in line with market expectations | Indiablooms - First Portal on Digital News Management,https://www.indiablooms.com/finance-details/20196/rbi-rates-repo-rate-unchanged-in-line-with-market-expectations.html,indiablooms.com,20240405194500,Entity matcher rejected (no positive signal or matched exclusion)
entity_matcher_rejected,The largest Navajo Nation book tour,https://www.knba.org/news/2024-04-05/the-largest-navajo-nation-book-tour,knba.org,20240406003000,Entity matcher rejected (no positive signal or matched exclusion)
entity_matcher_rejected,SBI completes investigation into case of concern selling components to Russian military-industrial complex,https://en.interfax.com.ua/news/general/978562.html,interfax.com.ua,20240406134500,Entity matcher rejected (no positive signal or matched exclusion)
entity_matcher_rejected,Expect series of repo rate cuts starting October: SBI Research,https://news.webindia123.com/news/Articles/Business/20240406/4185480.html,webindia123.com,20240406164500,Entity matcher rejected (no positive signal or matched exclusion)
entity_matcher_rejected,Expect series of repo rate cuts starting October: SBI Research,https://aninews.in/news/business/expect-series-of-repo-rate-cuts-starting-october-sbi-research20240406195224/,aninews.in,20240406170000,Entity matcher rejected (no positive signal or matched exclusion)
entity_matcher_rejected,Expect series of repo rate cuts starting October: SBI Research,https://www.bignewsnetwork.com/news/274237202/expect-series-of-repo-rate-cuts-starting-october-sbi-research,bignewsnetwork.com,20240406171500,Entity matcher rejected (no positive signal or matched exclusion)
entity_matcher_rejected,"SBI Amrit Kalash: बैंक ने करोड़ों ग्राहको को दिया तोहफा, आगे बढ़ाई निवेश की डेडलाइन",https://hindi.moneycontrol.com/news/your-money/sbi-amrit-kalash-fd-scheme-new-deadline-30-september-2024-check-scheme-benefits-1892981.html,moneycontrol.com,20240406180000,Entity matcher rejected (no positive signal or matched exclusion)
entity_matcher_rejected,"SBI की इस योजना में मिल रहा है 7.9% का इंटरेस्ट, बस 2 साल में बन जाएंगे अमीर",https://hindi.moneycontrol.com/news/your-money/sbi-sarvottam-scheme-offer-7-point-9-percent-interest-2-year-investment-make-you-rich-1892948.html,moneycontrol.com,20240407034500,Entity matcher rejected (no positive signal or matched exclusion)
entity_matcher_rejected,Expect series of repo rate cuts starting October: SBI Research,https://timesofoman.com/article/144102-expect-series-of-repo-rate-cuts-starting-october-sbi-research,timesofoman.com,20240407081500,Entity matcher rejected (no positive signal or matched exclusion)
entity_matcher_rejected,"SBI Cards stocks: Buy SBI Cards and Payment Services, target price Rs 840: Anand Rathi",https://economictimes.indiatimes.com/markets/stocks/recos/buy-sbi-cards-and-payment-services-target-price-rs-840-anand-rathi/articleshow/109119162.cms,indiatimes.com,20240408044500,Entity matcher rejected (no positive signal or matched exclusion)
entity_matcher_rejected,SBI Card Share Price: SBI Card shares fall 0.55 per cent in Monday's trading session,https://economictimes.indiatimes.com/markets/stocks/stock-watch/sbi-card-shares-fall-0-55-per-cent-in-mondays-trading-session/articleshow/109124175.cms,indiatimes.com,20240408070000,Entity matcher rejected (no positive signal or matched exclusion)
entity_matcher_rejected,'అమృత్‌ కలశ్‌' గడువు మరోసారి పెంపు.. ఎప్పటి వరకంటే? | sbi amrit kalash extended,https://www.eenadu.net/telugu-news/business/sbi-amrit-kalash-extended/0104/124067962,eenadu.net,20240408094500,Entity matcher rejected (no positive signal or matched exclusion)
entity_matcher_rejected,SBI Wecare Senior Citizen FD Scheme Extended Till September 30-- Check Interest Rates And Other Details,https://zeenews.india.com/personal-finance/sbi-wecare-senior-citizen-fd-scheme-extended-till-september-30-check-interest-rates-and-other-details-2738316.html,india.com,20240408130000,Entity matcher rejected (no positive signal or matched exclusion)
entity_matcher_rejected,"SBI ने करोड़ों ग्राहकों को दिया तोहफा, बढ़ाई अपनी खास योजना में निवेश की डेडलाइन",https://hindi.moneycontrol.com/news/your-money/sbi-we-care-special-fixed-deposit-for-senior-citizen-bank-extend-deadline-till-30-september-2024-1893222.html,moneycontrol.com,20240408134500,Entity matcher rejected (no positive signal or matched exclusion)
entity_matcher_rejected,Pages across the rez: NDN Girls Book Club partners to bring books and more across Navajo and Hopi reservations,https://www.nhonews.com/news/2024/apr/08/pages-across-rez-ndn-girls-book-club-partners-brin/,nhonews.com,20240409003000,Entity matcher rejected (no positive signal or matched exclusion)
entity_matcher_rejected,SBI저축銀 여신확대 포석…저축銀 대출문 개방 신호?,https://m.metroseoul.co.kr:443/article/20240408500420,metroseoul.co.kr,20240409013000,Entity matcher rejected (no positive signal or matched exclusion)
entity_matcher_rejected,SBI저축銀 여신확대 포석…저축銀 대출문 개방 신호?,https://www.metroseoul.co.kr:443/article/20240408500420,metroseoul.co.kr,20240409014500,Entity matcher rejected (no positive signal or matched exclusion)
entity_matcher_rejected,Book tour on Navajo Nation spotlights Indigenous authors,https://www.kob.com/new-mexico/book-tour-on-navajo-nation-spotlights-indigenous-authors/,kob.com,20240409031500,Entity matcher rejected (no positive signal or matched exclusion)
entity_matcher_rejected,"Stock Market Live Updates 09 April 2024: Sensex, Nifty set to open at fresh record highs; Bain Capital to sell $429-million stake in Axis Bank",https://www.thehindubusinessline.com/markets/share-market-nifty-sensex-live-updates-9-april-2024/article68042637.ece,thehindubusinessline.com,20240409034500,Entity matcher rejected (no positive signal or matched exclusion)
entity_matcher_rejected,North Carolina SBI investigating after deputies shoot 'suspicious person',https://www.wxii12.com/article/north-carolina-forsyth-county-sheriffs-office-investigating-officer-involved-shooting-walkertown/60434312,wxii12.com,20240409034500,Entity matcher rejected (no positive signal or matched exclusion)
entity_matcher_rejected,"""대기성 자금 늘었는데""…고금리 파킹통장 어디?",https://www.fnnews.com/news/202404091109293824,fnnews.com,20240409034500,Entity matcher rejected (no positive signal or matched exclusion)
entity_matcher_rejected,"Man shot, injured by Forsyth County deputies; SBI investigating officer-involved shooting",https://journalnow.com/news/local/man-shot-injured-by-forsyth-county-deputies-sbi-investigating-officer-involved-shooting/article_2e9a19b8-f60b-11ee-ba7c-c70d8ab1d1f6.html,journalnow.com,20240409053000,Entity matcher rejected (no positive signal or matched exclusion)
entity_matcher_rejected,"﻿SBI저축은행, 수어 상담 서비스 오픈",https://www.newspim.com/news/view/20240409000575,newspim.com,20240409054500,Entity matcher rejected (no positive signal or matched exclusion)
entity_matcher_rejected,"SBI ગ્રાહકો માટે સારા સમાચાર, અમૃત કલશ FD ની સ્કીમની સમય મર્યાદામાં કરાયો વધારો | SBI Amrit Kalash FD Investment Deadline Extended",https://www.vtvgujarati.com/news-details/sbi-amrit-kalash-fd-investment-deadline-extended,vtvgujarati.com,20240409063000,Entity matcher rejected (no positive signal or matched exclusion)
entity_matcher_rejected,アプリ「住信SBIネット銀行」、500万ダウンロードを突破,https://japan.cnet.com/release/30962272/,cnet.com,20240409084500,Entity matcher rejected (no positive signal or matched exclusion)
entity_matcher_rejected,アプリ「住信SBIネット銀行」、500万ダウンロードを突破：紀伊民報AGARA｜和歌山県のニュースサイト,https://www.agara.co.jp/article/363731,agara.co.jp,20240409084500,Entity matcher rejected (no positive signal or matched exclusion)
entity_matcher_rejected,"SBI च्या ग्राहकांसाठी आनंदाची बातमी, 'या' स्कीममध्ये गुंतवणूकीची डेडलाईन वाढली; जाणून घ्या",https://www.lokmat.com/business/savings-investments/good-news-for-sbi-customers-sbi-amrit-kalash-yojana-investment-deadline-extended-till-september-find-out-a-a720/,lokmat.com,20240409093000,Entity matcher rejected (no positive signal or matched exclusion)
entity_matcher_rejected,"Axis Bank, HDFC Life, Reliance, Infosys, LIC, SBI Life, Bajaj Finserv, IEX; Know Share Price Target Over Here",https://www.india.com/business/axis-bank-hdfc-life-reliance-infosys-lic-sbi-life-bajaj-finserv-iex-know-share-price-target-over-here-6846395/,india.com,20240409103000,Entity matcher rejected (no positive signal or matched exclusion)
entity_matcher_rejected,SBI Amrit Kalash Scheme Investment Deadline Update | SBI FD Interest Rates | SBI 'अमृत-कलश' स्कीम में 31 सितंबर तक कर सकेंगे निवेश: इसमें सीनियर सिटिजन को 7.60% और अन्य को मिल रहा 7.10% सालाना ब्याज,https://www.bhaskar.com/business/news/sbi-amrit-kalash-scheme-investment-deadline-update-fd-interest-rates-132848745.html,bhaskar.com,20240409111500,Entity matcher rejected (no positive signal or matched exclusion)
entity_matcher_rejected,アプリ「住信SBIネット銀行」、500万ダウンロードを突破,https://japan.cnet.com/release/30962384/,cnet.com,20240409113000,Entity matcher rejected (no positive signal or matched exclusion)
entity_matcher_rejected,"SBI to recruit for Specialist Cadre Officer posts, apply before May 17",https://www.rashtranews.com/sbi-to-recruit-for-specialist-cadre-officer-posts-apply-before-may-17/,rashtranews.com,20240409184500,Entity matcher rejected (no positive signal or matched exclusion)
entity_matcher_rejected,sbi cards & payment services shares: Stock Radar: SBI Cards records a breakout from falling Wedge pattern after 20% fall from highs. Time to buy?,https://economictimes.indiatimes.com/markets/stocks/news/stock-radar-time-to-buy-sbi-cards-records-a-breakout-from-falling-wedge-pattern-after-20-fall-from-highs/articleshow/109159797.cms,indiatimes.com,20240410001500,Entity matcher rejected (no positive signal or matched exclusion)
entity_matcher_rejected,"Stocks that will see action today—April 10, 2024 - The Hindu BusinessLine",https://www.thehindubusinessline.com/markets/stocks-that-will-see-action-todayapril-10-2024/article68049023.ece,thehindubusinessline.com,20240410033000,Entity matcher rejected (no positive signal or matched exclusion)
entity_matcher_rejected,"UP Police Exam Paper Leak Case Mastermind Ravi Atri Arrested | Meerut News | UP पुलिस भर्ती पेपर लीक का मास्टरमाइंड रवि अत्री अरेस्ट: मेरठ STF टीम जेवर से पकड़कर लाई; SBI, AIPMT के पेपर भी कराए लीक - Meerut News",https://www.bhaskar.com/local/uttar-pradesh/meerut/news/up-police-recruitment-paper-leak-mastermind-ravi-atri-arrested-132853642.html,bhaskar.com,20240410094500,Entity matcher rejected (no positive signal or matched exclusion)
entity_matcher_rejected,"RuPay credit cards of HDFC Bank, Axis Bank, IDFC FIRST Bank, SBI Card: Cashback, annual fee, discounts",https://economictimes.indiatimes.com/wealth/spend/rupay-credit-cards-of-hdfc-bank-axis-bank-idfc-first-bank-sbi-card-cashback-annual-fee-discounts/articleshow/109194130.cms,indiatimes.com,20240410110000,Entity matcher rejected (no positive signal or matched exclusion)
entity_matcher_rejected,"SBI, ICICI may act as third-party liaisons for European banks",https://economictimes.indiatimes.com/industry/banking/finance/banking/sbi-icici-may-act-as-third-party-liaisons-for-european-banks/articleshow/109205075.cms,indiatimes.com,20240410200000,Entity matcher rejected (no positive signal or matched exclusion)
entity_matcher_rejected,"कानपुर में इस SBI लॉकर में हुई चोरी, 20 तोला सोना हुआ गायब - Latest News In Hindi, Breaking News In Hindi, ताजा ख़बरें, Daily News In Hindi",https://www.punjabkesari.com/india-news/20-tola-gold-jewelery-worth-around-rs-14-lakh-stolen-from-sbi-locker-in-kanpur/,punjabkesari.com,20240410220000,Entity matcher rejected (no positive signal or matched exclusion)
entity_matcher_rejected,"SBI Unipay's failed bill pay transactions, delayed refunds leave customers in limbo. Here's what you can do next",https://www.moneycontrol.com/news/business/personal-finance/sbi-unipays-failed-bill-pay-transactions-delayed-refunds-leave-customers-in-limbo-heres-what-you-can-do-next-12617231.html,moneycontrol.com,20240411041500,Entity matcher rejected (no positive signal or matched exclusion)
entity_matcher_rejected,Manipur: SBI cashier remanded in police custody,https://www.ifp.co.in:443/manipur/manipur-sbi-cashier-remanded-in-police-custody,ifp.co.in,20240411051500,Entity matcher rejected (no positive signal or matched exclusion)
entity_matcher_rejected,"Which Are Best RuPay Credit Cards? Know HDFC Bank, Axis Bank, IDFC FIRST Bank, SBI Card Features, Cashback Offers, Annual Fee & Discounts",https://www.india.com/business/which-are-best-rupay-credit-cards-know-hdfc-bank-axis-bank-idfc-first-bank-sbi-card-features-cashback-offers-annual-fee-discounts-6852108/,india.com,20240411093000,Entity matcher rejected (no positive signal or matched exclusion)
entity_matcher_rejected,What Are SBI Salary Package Accounts? Know Types & Which One Is For Your Need,https://www.news18.com/business/sbi-salary-package-account-benefits-corporate-railway-salary-account-8847877.html,news18.com,20240411114500,Entity matcher rejected (no positive signal or matched exclusion)
entity_matcher_rejected,"SBI ने RTI के तहत नहीं दी चुनावी बॉण्ड की जानकारी, जानिए क्या है वजह?",https://hindi.webdunia.com/national-hindi-news/sbi-refused-to-give-information-on-electoral-bond-under-rti-124041100055_1.html,webdunia.com,20240411114500,Entity matcher rejected (no positive signal or matched exclusion)
entity_matcher_rejected,"iCAD Showcases New ProFound Cloud, Enhanced ProFound Detection Workstation Features and New Strategic Partnerships at SBI Annual Symposium",https://biztoc.com/x/4d2b2951c20d1bda,biztoc.com,20240411131500,Entity matcher rejected (no positive signal or matched exclusion)
entity_matcher_rejected,"SBI ने आरटीआई कानून के तहत इलेक्टोरल बॉन्ड की जानकारी देने से किया इनकार, कही ये बात",https://hindi.pardaphash.com/sbi-refused-to-give-information-about-electoral-bonds-under-rti-act-said-this/,pardaphash.com,20240411143000,Entity matcher rejected (no positive signal or matched exclusion)
entity_matcher_rejected,SBI : ఆర్‌టిఐ ప్రకారం ఆ బాండ్ల వివరాలు వెల్లడించలేం,https://prajasakti.com/varthalu/national/sbi-cannot-disclose-the-details-of-those-bonds-as-per-rti,prajasakti.com,20240411143000,Entity matcher rejected (no positive signal or matched exclusion)
entity_matcher_rejected,Ukraine's SBU and SBI raid anti-corruption activist's home,https://www.yahoo.com/news/ukraines-sbu-sbi-raid-anti-154800139.html,yahoo.com,20240411170000,Entity matcher rejected (no positive signal or matched exclusion)
entity_matcher_rejected,"iCAD Showcases New ProFound Cloud, Enhanced ProFound Detection Workstation Features and New Strategic Partnerships at SBI Annual Symposium",https://www.itnonline.com/content/icad-showcases-new-profound-cloud-enhanced-profound-detection-workstation-features-and-new,itnonline.com,20240411214500,Entity matcher rejected (no positive signal or matched exclusion)
entity_matcher_rejected,SBI: ఆర్టీఐ కింద ఎలక్టోరల్‌ బాండ్ల వివరాలు ఇవ్వలేం,https://www.sakshi.com/telugu-news/national/sbi-refuses-disclose-electoral-bonds-details-under-rti-act-2021305,sakshi.com,20240412034500,Entity matcher rejected (no positive signal or matched exclusion)
entity_matcher_rejected,住信SBIネット銀行、住宅ローン手続きをDX化。邦銀初、住宅ローンに関わるステークホルダーをつなぐデジタルプラットフォーム「かんたん住宅ローン」をリリース,https://japan.cnet.com/release/30963652/,cnet.com,20240412074500,Entity matcher rejected (no positive signal or matched exclusion)
entity_matcher_rejected,住信SBIネット銀行、住宅ローン手続きをDX化。邦銀初、住宅ローンに関わるステークホルダーをつなぐデジタルプラットフォーム「かんたん住宅ローン」をリリース：紀伊民報AGARA｜和歌山県のニュースサイト,https://www.agara.co.jp/article/364865,agara.co.jp,20240412083000,Entity matcher rejected (no positive signal or matched exclusion)
entity_matcher_rejected,SBI Card Share Price: SBI Card shares fall 1.09% as Nifty drops,https://economictimes.indiatimes.com/markets/stocks/stock-watch/sbi-card-shares-fall-1-09-as-nifty-drops/articleshow/109240521.cms,indiatimes.com,20240412083000,Entity matcher rejected (no positive signal or matched exclusion)
entity_matcher_rejected,住信SBIネット銀行、住宅ローン手続きをDX化。邦銀初、住宅ローンに関わるステークホルダーをつなぐデジタルプラットフォーム「かんたん住宅ローン」をリリース,https://japan.cnet.com/release/30963727/,cnet.com,20240412084500,Entity matcher rejected (no positive signal or matched exclusion)
entity_matcher_rejected,"Vodafone Idea OFS: GQG, SBI Mutual Fund eye investments in Vodafone Idea's Rs 18,000 crore FPO: Report",https://economictimes.indiatimes.com/markets/stocks/news/gqg-sbi-funds-eye-investments-in-voda-ideas-rs-18000-crore-share-sale-report/articleshow/109243877.cms,indiatimes.com,20240412100000,Entity matcher rejected (no positive signal or matched exclusion)
entity_matcher_rejected,"GQG, SBI MF eye up to Rs 6,500-cr investments in Vodafone Idea's Rs 18,000-cr FPO: Report",https://www.moneycontrol.com/news/business/markets/gqg-sbi-mf-eye-up-to-rs-6500-cr-investments-in-vodafone-ideas-rs-18000-cr-fpo-report-12627941.html,moneycontrol.com,20240412101500,Entity matcher rejected (no positive signal or matched exclusion)
entity_matcher_rejected,"GQG Partners and SBI Mutual Fund can invest up to 6500 crore rupee in Vodafone Idea share offering अडानी ग्रुप के बाद अब वोडा-आइडिया पर दांव!, SBI MF भी लगा सकता है पैसा",https://www.livehindustan.com/business/gqg-partners-and-sbi-mutual-fund-can-invest-up-to-6500-crore-rupee-in-vodafone-idea-share-offering-201712920626469.html,livehindustan.com,20240412123000,Entity matcher rejected (no positive signal or matched exclusion)
entity_matcher_rejected,"Vodafone FPO: GQG, SBI funds eye investments",https://www.indiatoday.in/business/story/vodafone-idea-fpo-gqg-sbi-funds-eye-investments-2526478-2024-04-12,indiatoday.in,20240412141500,Entity matcher rejected (no positive signal or matched exclusion)
entity_matcher_rejected,"GQG Partners, SBI Mutual Fund invest in Vodafone Idea: Report | Indiablooms - First Portal on Digital News Management",https://www.indiablooms.com/finance-details/20237/gqg-partners-sbi-mutual-fund-invest-in-vodafone-idea-report.html,indiablooms.com,20240412214500,Entity matcher rejected (no positive signal or matched exclusion)
entity_matcher_rejected,sbi including these five banks giving interest up to 8-30 percent on fd अपनी जमा पूंजी को FD में करना है इन्वेस्ट! SBI सहित ये 5 बैंक दे रहे सबसे ज्यादा ब्याज; चेक करें पूरी लिस्ट,https://www.livehindustan.com/business/sbi-including-these-five-banks-giving-interest-up-to-8-30-percent-on-fd-201712974285223.html,livehindustan.com,20240413024500,Entity matcher rejected (no positive signal or matched exclusion)
entity_matcher_rejected,Vodafone Idea FPO: GQG Partners और SBI Mutual Fund कर सकते हैं ₹6500 करोड़ तक का निवेश,https://hindi.moneycontrol.com/news/markets/vodafone-idea-fpo-gqg-partners-and-sbi-mutual-fund-considering-investing-up-to-rs-6500-crore-1894418.html,moneycontrol.com,20240413054500,Entity matcher rejected (no positive signal or matched exclusion)
entity_matcher_rejected,sbi amrit kalash fd scheme deadline extended till 30th september गजब है SBI की ये स्पेशल FD स्कीम! सिर्फ 400 दिनों के निवेश पर मिलता है 7.60% तक ब्याज; बैंक ने फिर बढ़ा दी डेडलाइन,https://www.livehindustan.com/business/sbi-amrit-kalash-fd-scheme-deadline-extended-till-30th-september-201712983995296.html,livehindustan.com,20240413061500,Entity matcher rejected (no positive signal or matched exclusion)
entity_matcher_rejected,"GQG, SBI MF eye up to Rs 6,500-cr investments in Vodafone Idea's Rs 18,000-cr FPO | वोडाफोन आइडिया का FPO 18 अप्रैल को ओपन होगा: SBI म्यूचुअल फंड और GQG पार्टनर्स कर सकते हैं ₹6500 करोड़ तक का निवेश",https://www.bhaskar.com/business/news/gqg-sbi-mf-eye-up-to-rs-6500-cr-investments-in-vodafone-ideas-rs-18000-cr-fpo-132869577.html,bhaskar.com,20240413130000,Entity matcher rejected (no positive signal or matched exclusion)
entity_matcher_rejected,"SBI SO Recruitment 2022 For 48 Assistant Manager Posts, Apply Online Before February 25 On ibpsonline.ibps.in : Education News",https://www.rashtranews.com/sbi-so-recruitment-2022-for-48-assistant-manager-posts-apply-online-before-february-25-on-ibpsonline-ibps-in-education-news/,rashtranews.com,20240414063000,Entity matcher rejected (no positive signal or matched exclusion)
entity_matcher_rejected,SBI Card Share Price: Share price of SBI Card falls as Sensex drops 538.58 points,https://economictimes.indiatimes.com/markets/stocks/stock-watch/share-price-of-sbi-card-falls-as-sensex-drops-538-58-points/articleshow/109304373.cms,indiatimes.com,20240415070000,Entity matcher rejected (no positive signal or matched exclusion)
entity_matcher_rejected,SBI removes late Pandit Ravi Shankar's post of him playing guitar after backlash,https://bestmediainfo.com/mediainfo/mediainfo-marketing/sbi-removes-late-pandit-ravi-shankars-post-of-him-playing-guitar-after-backlash-4482465,bestmediainfo.com,20240415073000,Entity matcher rejected (no positive signal or matched exclusion)
entity_matcher_rejected,"Stocks to buy: SBI Card, CDSL, Jindal Saw among 8 stocks that can rise 5-31% in next 3-4 weeks, say analysts",https://www.livemint.com/market/stock-market-news/stocks-to-buy-sbi-card-cdsl-jindal-saw-among-8-stocks-that-can-rise-5-31-in-next-3-4-weeks-say-analysts-11713168147130.html,livemint.com,20240415100000,Entity matcher rejected (no positive signal or matched exclusion)
entity_matcher_rejected,SBI Life launches IdeationX; one-of-its-kind innovative platform to encourage young minds from B-Schools to innovate life insurance solutions,https://aninews.in/news/business/sbi-life-launches-ideationx-one-of-its-kind-innovative-platform-to-encourage-young-minds-from-b-schools-to-innovate-life-insurance-solutions20240415181754/,aninews.in,20240415143000,Entity matcher rejected (no positive signal or matched exclusion)
entity_matcher_rejected,"NCLT disposes case of bankruptcy plea filed by SBI, IDBI against Mumbai Metro One, ET RealEstate",https://realty.economictimes.indiatimes.com/news/regulatory/nclt-disposes-case-of-bankruptcy-plea-filed-by-sbi-idbi-against-mumbai-metro-one/109317407,indiatimes.com,20240415143000,Entity matcher rejected (no positive signal or matched exclusion)
entity_matcher_rejected,SBI Life launches IdeationX; one-of-its-kind innovative platform to encourage young minds from B-Schools to innovate life insurance solutions,https://www.srilankasource.com/news/274273281/sbi-life-launches-ideationx-one-of-its-kind-innovative-platform-to-encourage-young-minds-from-b-schools-to-innovate-life-insurance-solutions,srilankasource.com,20240415150000,Entity matcher rejected (no positive signal or matched exclusion)
entity_matcher_rejected,Business News | SBI Life Launches IdeationX; One-of-its-kind Innovative Platform to Encourage Young Minds from B-Schools to Innovate Life Insurance Solutions,https://www.latestly.com/agency-news/business-news-sbi-life-launches-ideationx-one-of-its-kind-innovative-platform-to-encourage-young-minds-from-b-schools-to-innovate-life-insurance-solutions-5895975.html,latestly.com,20240415161500,Entity matcher rejected (no positive signal or matched exclusion)
entity_matcher_rejected,Elderly Taxpayers Contribute Rs 27k cr in Interest Income Taxes: SBI Report,https://www.devdiscourse.com/article/science-environment/2888434-elderly-taxpayers-contribute-rs-27k-cr-in-interest-income-taxes-sbi-report,devdiscourse.com,20240415201500,Entity matcher rejected (no positive signal or matched exclusion)
entity_matcher_rejected,SBI Named A Best Consulting Firm by Forbes for the Third Time,https://www.prnewswire.com/news-releases/sbi-named-a-best-consulting-firm-by-forbes-for-the-third-time-302117248.html,prnewswire.com,20240415214500,Entity matcher rejected (no positive signal or matched exclusion)
entity_matcher_rejected,SBI Named A Best Consulting Firm by Forbes for the Third Time,https://www.tmcnet.com/usubmit/2024/04/15/9994482.htm,tmcnet.com,20240415223000,Entity matcher rejected (no positive signal or matched exclusion)
entity_matcher_rejected,SBI Life launches IdeationX; one-of-its-kind innovative platform aimed at encouraging young minds from B-Schools across the country to innovate life insurance solutions,https://orissadiary.com/sbi-life-launches-ideationx-one-of-its-kind-innovative-platform-aimed-at-encouraging-young-minds-from-b-schools-across-the-country-to-innovate-life-insurance-solutions/,orissadiary.com,20240416110000,Entity matcher rejected (no positive signal or matched exclusion)
entity_matcher_rejected,SBI General Insurance appointsNainoor Desai as Business Head,https://www.adgully.com/sbi-general-insurance-appoints-nainoor-desai-as-business-head-144570.html,adgully.com,20240416111500,Entity matcher rejected (no positive signal or matched exclusion)
entity_matcher_rejected,"Bank Not Liable If Customer Negligently Shares Payment Credentials, Chandigarh District Commission Dismisses Complaint Against SBI Cards and Payment Services",https://www.livelaw.in/consumer-cases/chandigarh-district-commission-dismisses-sbi-customer-negligence-credit-card-transaction-255168,livelaw.in,20240416123000,Entity matcher rejected (no positive signal or matched exclusion)
entity_matcher_rejected,SBI investigates fatal officer involved shooting in Henderson County,https://www.whqr.org/2024-04-16/sbi-investigates-fatal-officer-involved-shooting-in-henderson-county,whqr.org,20240416203000,Entity matcher rejected (no positive signal or matched exclusion)
entity_matcher_rejected,SBI Foundation Grants INR 4.5 Million To 5 Social Sector Ventures At The Youth For India Conclave 2024,https://menafn.com/1108098482/SBI-Foundation-Grants-INR-45-Million-To-5-Social-Sector-Ventures-At-The-Youth-For-India-Conclave-2024,menafn.com,20240417061500,Entity matcher rejected (no positive signal or matched exclusion)
entity_matcher_rejected,SBI・三井住友、新NISAのクレカ積立「改悪」 かすむ顧客本位,https://business.nikkei.com/atcl/gen/19/00139/041600178/,nikkei.com,20240417084500,Entity matcher rejected (no positive signal or matched exclusion)
entity_matcher_rejected,住信SBI、短プラ上げ 変動型住宅ローン金利に上昇圧力,https://www.nikkei.com/article/DGXZQOUB178JC0X10C24A4000000/,nikkei.com,20240417100000,Entity matcher rejected (no positive signal or matched exclusion)
entity_matcher_rejected,住信SBIネット銀行、Pay-easy（ペイジー）の取扱いを開始～,https://japan.cnet.com/release/30965176/,cnet.com,20240418033000,Entity matcher rejected (no positive signal or matched exclusion)
entity_matcher_rejected,住信SBIネット銀行、Pay-easy（ペイジー）の取扱いを開始～「Pay-easy（ペイジー）使ってみようキャンペーン」を開催～,https://japan.cnet.com/release/30965336/,cnet.com,20240418053000,Entity matcher rejected (no positive signal or matched exclusion)
entity_matcher_rejected,SBI Card Share Price: Share price of SBI Card jumps as Sensex gains 219.45 points,https://economictimes.indiatimes.com/markets/stocks/stock-watch/share-price-of-sbi-card-jumps-as-sensex-gains-219-45-points/articleshow/109392146.cms,indiatimes.com,20240418061500,Entity matcher rejected (no positive signal or matched exclusion)
entity_matcher_rejected,"Car Loan Interest Rates 2024,कार लोन लेने वाले हैं तो पहले भारत के प्रमुख सरकारी और प्राइवेट बैंकों के ब्याज दर देख लें, किससे फाइनैंस कराना फायदेमंद - car loan interest rate comparison for all banks like sbi hdfc icici canera yes bank",https://navbharattimes.indiatimes.com/auto/car-bikes/car-loan-interest-rate-comparison-for-all-banks-like-sbi-hdfc-icici-canera-yes-bank/articleshow/109391242.cms,indiatimes.com,20240418063000,Entity matcher rejected (no positive signal or matched exclusion)
entity_matcher_rejected,"SBI च्या 'या' स्कीममध्ये होते दर महिन्याला कमाई; मिळतात हे फायदे, जाणून घ्या",https://www.lokmat.com/business/savings-investments/earnings-per-month-in-sbi-annuity-deposit-scheme-know-these-benefits-investment-tips-a-a720/,lokmat.com,20240418071500,Entity matcher rejected (no positive signal or matched exclusion)
entity_matcher_rejected,You now recharge these SBI cards online using Bharat BillPay platform,https://economictimes.indiatimes.com/wealth/save/you-now-recharge-these-sbi-cards-online-using-bharat-billpay-platform/articleshow/109397238.cms,indiatimes.com,20240418091500,Entity matcher rejected (no positive signal or matched exclusion)
entity_matcher_rejected,SBI: 3 deputies part of officer-involved shooting investigation at campground,https://www.yahoo.com/news/sbi-3-deputies-part-officer-092137472.html,yahoo.com,20240418100000,Entity matcher rejected (no positive signal or matched exclusion)
entity_matcher_rejected,How Rajasthan's Kalbeliya community inspired SBI Youth for India Fellow Viveka Advani to strive for change,https://her.yourstory.com:443/2021/04/rajasthans-kalbeliya-community-inspired-sbi-youth-viveka-advani,yourstory.com,20240418131500,Entity matcher rejected (no positive signal or matched exclusion)
entity_matcher_rejected,"NPCI arm, SBI introduce NCMC recharge on Bharat BillPay",https://www.thehindu.com/business/npci-arm-sbi-introduce-ncmc-recharge-on-bharat-billpay/article68080387.ece,thehindu.com,20240418153000,Entity matcher rejected (no positive signal or matched exclusion)
entity_matcher_rejected,"Good news for travellers! Now recharge these SBI common mobility cards via Bharat BillPay - Know card features, steps to recharge - Money News",https://www.financialexpress.com/money/good-news-for-travellers-now-recharge-these-sbi-common-mobility-cards-via-bharat-billpay-know-card-features-steps-to-recharge-3461049/,financialexpress.com,20240418161500,Entity matcher rejected (no positive signal or matched exclusion)
entity_matcher_rejected,"Absence Of Transaction Alert SMS, Chandigarh District Commission Holds SBI Card Liable For Failure To Avoid Unauthorized Transactions",https://www.livelaw.in/consumer-cases/chandigarh-district-commission-sbi-card-deficiency-service-unauthorized-transactions-alert-255427,livelaw.in,20240418171500,Entity matcher rejected (no positive signal or matched exclusion)
entity_matcher_rejected,Supreme Court Monthly Round-Up: March 2024,https://www.livelaw.in/top-stories/supreme-court-monthly-round-up-march-2024-255456,livelaw.in,20240418171500,Entity matcher rejected (no positive signal or matched exclusion)
entity_matcher_rejected,Comparing Greystone Housing Impact Investors (NYSE:GHI) and SBI (OTCMKTS:SBHGF),https://www.tickerreport.com/banking-finance/11905252/comparing-greystone-housing-impact-investors-nyseghi-and-sbi-otcmktssbhgf.html,tickerreport.com,20240418184500,Entity matcher rejected (no positive signal or matched exclusion)
entity_matcher_rejected,Critical Comparison: Greystone Housing Impact Investors (NYSE:GHI) & SBI (OTCMKTS:SBHGF),https://www.wkrb13.com/2024/04/18/critical-comparison-greystone-housing-impact-investors-nyseghi-sbi-otcmktssbhgf.html,wkrb13.com,20240418184500,Entity matcher rejected (no positive signal or matched exclusion)
entity_matcher_rejected,Five social enterprises bag INR 4.5 million in funding at SBI Youth for India Conclave,https://www.thehindu.com/news/cities/bangalore/five-social-enterprises-bag-inr-45-million-in-funding-at-sbi-youth-for-india-conclave/article68080862.ece,thehindu.com,20240419043000,Entity matcher rejected (no positive signal or matched exclusion)
entity_matcher_rejected,SBI Card Share Price: SBI Card shares down 0.13% as Nifty falls,https://economictimes.indiatimes.com/markets/stocks/stock-watch/sbi-card-shares-down-0-13-as-nifty-falls/articleshow/109421419.cms,indiatimes.com,20240419054500,Entity matcher rejected (no positive signal or matched exclusion)
entity_matcher_rejected,Japan's SBI Group Plans to Issue NFTs Built on XRP Ledger for World Expo 2025 in Osaka,https://biztoc.com/x/856824bfd57a688f,biztoc.com,20240419103000,Entity matcher rejected (no positive signal or matched exclusion)
entity_matcher_rejected,SC/ST Commission Has No Jurisdiction To Recommend SBI To Appoint Person On Compassionate Grounds: Karnataka High Court,https://www.livelaw.in/high-court/karnataka-high-court/karnataka-high-court-state-sc-st-commission-cannot-recommend-sbi-employment-compassionate-ground-255519,livelaw.in,20240419124500,Entity matcher rejected (no positive signal or matched exclusion)
entity_matcher_rejected,SBI's Newest Report Expands on Resources to Drive Commercial Productivity,https://www.streetinsider.com/PRNewswire/SBIs+Newest+Report+Expands+on+Resources+to+Drive+Commercial+Productivity/23089970.html,streetinsider.com,20240419181500,Entity matcher rejected (no positive signal or matched exclusion)
entity_matcher_rejected,SBI's Newest Report Expands on Resources to Drive Commercial Productivity,https://www.prnewswire.com/news-releases/sbis-newest-report-expands-on-resources-to-drive-commercial-productivity-302122329.html,prnewswire.com,20240419181500,Entity matcher rejected (no positive signal or matched exclusion)
entity_matcher_rejected,SBI's Newest Report Expands on Resources to Drive Commercial Productivity,https://www.tmcnet.com/usubmit/2024/04/19/9997453.htm,tmcnet.com,20240419183000,Entity matcher rejected (no positive signal or matched exclusion)
entity_matcher_rejected,Business News: Retail depositors earning negative returns; relook taxation on interest: SBI economists,https://www.rashtranews.com/business-news-retail-depositors-earning-negative-returns-relook-taxation-on-interest-sbi-economists/,rashtranews.com,20240420034500,Entity matcher rejected (no positive signal or matched exclusion)
entity_matcher_rejected,"Business News: Banks may not be pricing their risks adequately, says new report from SBI Research",https://www.rashtranews.com/business-news-banks-may-not-be-pricing-their-risks-adequately-says-new-report-from-sbi-research/,rashtranews.com,20240420061500,Entity matcher rejected (no positive signal or matched exclusion)
entity_matcher_rejected,29 फरवरी की हड़ताल में SBI और इंडियन बैंक के कर्मचारी भी शामिल होंगे,https://www.rashtranews.com/29-%E0%A4%AB%E0%A4%B0%E0%A4%B5%E0%A4%B0%E0%A5%80-%E0%A4%95%E0%A5%80-%E0%A4%B9%E0%A4%A1%E0%A4%BC%E0%A4%A4%E0%A4%BE%E0%A4%B2-%E0%A4%AE%E0%A5%87%E0%A4%82-sbi-%E0%A4%94%E0%A4%B0-%E0%A4%87%E0%A4%82/,rashtranews.com,20240420080000,Entity matcher rejected (no positive signal or matched exclusion)
entity_matcher_rejected,"Credit cards with all-round benefits can help maximise savings: Top cards of HDFC Bank, Axis Bank, SBI Card, IDFC FIRST Bank",https://economictimes.indiatimes.com/wealth/spend/credit-cards-with-all-round-benefits-can-help-maximise-savings-top-cards-of-hdfc-bank-axis-bank-sbi-card-idfc-first-bank/articleshow/109453195.cms,indiatimes.com,20240420100000,Entity matcher rejected (no positive signal or matched exclusion)
entity_matcher_rejected,"Credit cards with all-round benefits can help maximise savings: Top cards of HDFC Bank, Axis Bank, SBI Card, IDFC FIRST Bank",https://economictimes.indiatimes.com/%20https:/economictimes.indiatimes.com/wealth/spend/credit-cards-with-all-round-benefits-can-help-maximise-savings-top-cards-of-hdfc-bank-axis-bank-sbi-card-idfc-first-bank/articleshow/109453195.cms,indiatimes.com,20240420110000,Entity matcher rejected (no positive signal or matched exclusion)
entity_matcher_rejected,CM suggests SBI impart financial edu,https://morungexpress.com/cm-suggests-sbi-impart-financial-edu,morungexpress.com,20240420111500,Entity matcher rejected (no positive signal or matched exclusion)
entity_matcher_rejected,Isha Arora: Saharanpur: This glamorous SBI officer becomes a star attraction in polls due to her beauty and punctuality,https://economictimes.indiatimes.com/news/elections/lok-sabha/uttar-pradesh/saharanpur-this-glamorous-sbi-officer-becomes-a-star-attraction-in-polls-due-to-her-beauty-and-punctuality/articleshow/109458334.cms,indiatimes.com,20240420121500,Entity matcher rejected (no positive signal or matched exclusion)
entity_matcher_rejected,How Much Return Will You Get By Investing In SBI's FDs? Check Here | Personal Finance News,https://zeenews.india.com/personal-finance/latest-sbi-fd-rates-2024-check-how-much-return-will-you-get-from-state-bank-of-indias-fixed-deposits-2742526.html,india.com,20240421091500,Entity matcher rejected (no positive signal or matched exclusion)
entity_matcher_rejected,SBI Large and Midcap MF is a good long-term performer; should you invest?,https://economictimes.indiatimes.com/wealth/invest/sbi-large-and-midcap-mf-is-a-good-long-term-performer-should-you-invest/articleshow/109451235.cms,indiatimes.com,20240422031500,Entity matcher rejected (no positive signal or matched exclusion)
entity_matcher_rejected,ഇലക്ടറൽ ബോണ്ട് കേസ്; വക്കീലിന് കൊടുത്ത ഫീസ് എത്ര? പറയില്ലെന്ന് SBI; വ്യാപാരരഹസ്യമെന്ന് വിശദീകരണം,https://www.mathrubhumi.com/news/kerala/electoral-bond-case-advocate-fees-sbi-says-cannot-disclose-1.9503256,mathrubhumi.com,20240422040000,Entity matcher rejected (no positive signal or matched exclusion)
entity_matcher_rejected,SBI Large and Midcap MF is a good long-term performer; should you invest?,https://economictimes.indiatimes.com/mf/analysis/sbi-large-and-midcap-mf-is-a-good-long-term-performer-should-you-invest/articleshow/109489020.cms,indiatimes.com,20240422050000,Entity matcher rejected (no positive signal or matched exclusion)
entity_matcher_rejected,SBI Card Share Price: SBI Card shares rise 1.48% as Sensex climbs,https://economictimes.indiatimes.com/markets/stocks/stock-watch/sbi-card-shares-rise-1-48-as-sensex-climbs/articleshow/109491345.cms,indiatimes.com,20240422061500,Entity matcher rejected (no positive signal or matched exclusion)
entity_matcher_rejected,"Stocks to buy: SBI Card, Repco Home, Hikal among 9 stocks that can rise 11-26% in next 3-4 weeks; do you own any?",https://www.livemint.com/market/stock-market-news/stocks-to-buy-sbi-card-repco-home-hikal-among-9-stocks-that-can-rise-11-26-in-next-3-4-weeks-do-you-own-any-11713759616967.html,livemint.com,20240422061500,Entity matcher rejected (no positive signal or matched exclusion)
entity_matcher_rejected,Kotak Mahindra Bank ups digital game; plans to launch revamped Kotak 811 and new payments service app,https://www.moneycontrol.com/news/business/kotak-mahindra-bank-ups-digital-game-plans-to-launch-revamped-kotak-811-and-new-payments-service-app-12691041.html,moneycontrol.com,20240422064500,Entity matcher rejected (no positive signal or matched exclusion)
entity_matcher_rejected,SBI customers can pay education fee to foreign universities in Indian rupee; check details,https://economictimes.indiatimes.com/wealth/personal-finance-news/sbi-customers-can-pay-education-fee-to-foreign-universities-in-indian-rupee-check-details/articleshow/109494476.cms,indiatimes.com,20240422083000,Entity matcher rejected (no positive signal or matched exclusion)
entity_matcher_rejected,おすすめの「暗号資産取引所 証拠金取引」、総合1位はSBI FXトレード｜ORICON NEWS｜Web東奥,https://www.toonippo.co.jp/articles/-/1764790,toonippo.co.jp,20240422090000,Entity matcher rejected (no positive signal or matched exclusion)
entity_matcher_rejected,World Earth Day 2024: 8 things to know about SBI Green Rupee FD (SGRTD),https://economictimes.indiatimes.com/wealth/web-stories/world-earth-day-2024-8-things-to-know-about-sbi-green-rupee-fd-sgrtd/slideshow/109496560.cms,indiatimes.com,20240422091500,Entity matcher rejected (no positive signal or matched exclusion)
entity_matcher_rejected,"Pee Safe, SBI & Sky Social partner for menstrual hygiene initiative in MP & Chhattisgarh","https://indiantelevision.com/mam/marketing/mam/pee-safe,-sbi-&-sky-social-partner-for-menstrual-hygiene-initiative-in-mp-&-chhattisgarh-240422",indiantelevision.com,20240422110000,Entity matcher rejected (no positive signal or matched exclusion)
entity_matcher_rejected,Business News: SBI to acquire nearly 10% stake in India International Clearing Corporation,https://www.rashtranews.com/business-news-sbi-to-acquire-nearly-10-stake-in-india-international-clearing-corporation/,rashtranews.com,20240422153000,Entity matcher rejected (no positive signal or matched exclusion)
entity_matcher_rejected,楽天証券の楠社長「とにかく戦った」SBIとの2強時代に | ネット証券２５年 | 山口敦雄,https://mainichi.jp/premier/business/articles/20240422/biz/00m/020/003000c,mainichi.jp,20240422211500,Entity matcher rejected (no positive signal or matched exclusion)
entity_matcher_rejected,"OTP frauds: Govt teams up with SBI Cards, telcos to finish off OTP frauds",https://economictimes.indiatimes.com/tech/technology/centre-sbi-card-telcos-come-together-to-stop-otp-frauds/articleshow/109510235.cms,indiatimes.com,20240423020000,Entity matcher rejected (no positive signal or matched exclusion)
entity_matcher_rejected,SBI 証券、オンライン取引システムを AWS に移行、1日2兆円超の株式取引を処理,https://japan.cnet.com/release/30966677/,cnet.com,20240423023000,Entity matcher rejected (no positive signal or matched exclusion)
entity_matcher_rejected,"Stocks on Broker's Radar: बजाज फाइनेंस, गेल, इंडस टावर और SBI CARDS पर आज ब्रोकरेज ने लगाया बड़ा दांव",https://hindi.moneycontrol.com/news/markets/broker-report/stocks-on-brokers-radar-bajaj-finance-gail-indus-tower-sbi-cards-are-big-bets-of-brokerages-today-1896470.html,moneycontrol.com,20240423070000,Entity matcher rejected (no positive signal or matched exclusion)
entity_matcher_rejected,"Govt teams up with SBI Cards, telcos to finish off OTP frauds, ET Telecom",https://telecom.economictimes.indiatimes.com/news/policy/govt-teams-up-with-sbi-cards-telcos-to-finish-off-otp-frauds/109515898,indiatimes.com,20240423071500,Entity matcher rejected (no positive signal or matched exclusion)
entity_matcher_rejected,SBI Card Share Price: SBI Card shares drop 0.02% as Sensex rises,https://economictimes.indiatimes.com/markets/stocks/stock-watch/sbi-card-shares-drop-0-02-as-sensex-rises/articleshow/109524220.cms,indiatimes.com,20240423074500,Entity matcher rejected (no positive signal or matched exclusion)
entity_matcher_rejected,"No more OTP frauds? Home Ministry teams up with SBI Cards, telecom operators for innovative solution on stolen one-time passwords",https://timesofindia.indiatimes.com/business/india-business/no-more-otp-frauds-home-ministry-teams-up-with-sbi-cards-telecom-operators-for-innovative-solution-on-stolen-one-time-passwords/articleshow/109524380.cms,indiatimes.com,20240423081500,Entity matcher rejected (no positive signal or matched exclusion)
entity_matcher_rejected,SBI証券、国内株式システムをクラウド化 取引拡大備え,https://www.nikkei.com/article/DGXZQOUB233K70T20C24A4000000/,nikkei.com,20240423093000,Entity matcher rejected (no positive signal or matched exclusion)
entity_matcher_rejected,住信SBIネット銀行、生成AIを活用したデータ分析・業務支援アプリを内製開発,https://japan.cnet.com/release/30966988/,cnet.com,20240423100000,Entity matcher rejected (no positive signal or matched exclusion)
entity_matcher_rejected,SBI証券、オンライン取引システムにAWS導入――新NISAで増える取引需要に対応,https://k-tai.watch.impress.co.jp/docs/news/1586586.html,impress.co.jp,20240423104500,Entity matcher rejected (no positive signal or matched exclusion)
entity_matcher_rejected,住信SBIネット銀行、生成AIを活用したデータ分析・業務支援アプリを内製開発～さらなる業務効率化を促進～,https://japan.cnet.com/release/30967155/,cnet.com,20240423130000,Entity matcher rejected (no positive signal or matched exclusion)
entity_matcher_rejected,"Govt of India, SBI team up with telcos to put a stop to OTP scams, curb cyber frauds, phishing attacks – Firstpost",https://www.firstpost.com/tech/govt-of-india-sbi-team-up-with-telcos-to-put-a-stop-to-otp-scams-curb-cyber-fraud-and-phishing-attacks-13762905.html,firstpost.com,20240423131500,Entity matcher rejected (no positive signal or matched exclusion)
entity_matcher_rejected,7 Best IAS Coaching in Gurgaon (Rank Wise) With Fees & Contact Details,https://www.hindustantimes.com/brand-stories/7-best-ias-coaching-in-gurgaon-rank-wise-with-fees-contact-details-101713870054177.html,hindustantimes.com,20240423144500,Entity matcher rejected (no positive signal or matched exclusion)
entity_matcher_rejected,SBI証券、オンライン取引システムをAWSに移行--新NISAを契機とした口座数の急増が背景に,https://japan.zdnet.com/article/35218140/,zdnet.com,20240423234500,Entity matcher rejected (no positive signal or matched exclusion)
entity_matcher_rejected,ASCII.jp：1日2兆円超の処理をクラウドで ― SBI証券が国内株式の取引システムをAWSに移行完了,https://ascii.jp/elem/000/004/195/4195616/,ascii.jp,20240424004500,Entity matcher rejected (no positive signal or matched exclusion)
entity_matcher_rejected,住信SBIネット銀行向け 外為総合インターネットバンキングサービス Swift電文作成サービス導入 ～海外送金業務におけるDX推進とISO20022移行対応を実現～,https://japan.cnet.com/release/30967330/,cnet.com,20240424043000,Entity matcher rejected (no positive signal or matched exclusion)
entity_matcher_rejected,SBI Card launches 3 credit card variants in travel category with SBI Card Miles,https://www.moneycontrol.com/news/business/personal-finance/sbi-card-launches-3-credit-card-variants-in-travel-category-with-sbi-card-miles-12706822.html,moneycontrol.com,20240424051500,Entity matcher rejected (no positive signal or matched exclusion)
entity_matcher_rejected,"Travel, hospitality, entertainment comprised 33% of SBI Card's spends in 9M FY24",https://www.thehindubusinessline.com/money-and-banking/travel-hospitality-entertainment-comprised-33-of-sbi-cards-spends-in-9m-fy24/article68099209.ece,thehindubusinessline.com,20240424071500,Entity matcher rejected (no positive signal or matched exclusion)
entity_matcher_rejected,SBI Card launches travel benefits credit cards,https://www.indiainfoline.com/news/companies/sbi-card-launches-travel-centric-credit-cards,indiainfoline.com,20240424080000,Entity matcher rejected (no positive signal or matched exclusion)
entity_matcher_rejected,SBI Card launches SBI Card MILES for Travel enthusiast,https://www.dailyexcelsior.com/sbi-card-launches-sbi-card-miles-for-travel-enthusiast/,dailyexcelsior.com,20240424084500,Entity matcher rejected (no positive signal or matched exclusion)
entity_matcher_rejected,"SBI Card MILES: SBI Card's maiden travel-focused credit cards loaded with mega benefits - airport lounge access, air miles, hotel points and more - Money News",https://www.financialexpress.com/money/sbi-card-miles-sbi-cards-maiden-travel-focused-credit-card-with-mega-benefits-airport-lounge-access-air-miles-hotel-points-and-more-3466832/,financialexpress.com,20240424094500,Entity matcher rejected (no positive signal or matched exclusion)
entity_matcher_rejected,"OTP fraud: How govt, SBI Card, telcos are joining hands to fight the menace",https://www.business-standard.com/finance/personal-finance/otp-fraud-how-govt-sbi-card-telcos-are-joining-hands-to-fight-the-menace-124042400615_1.html,business-standard.com,20240424120000,Entity matcher rejected (no positive signal or matched exclusion)
entity_matcher_rejected,"[S.14 SARFAESI Act] District Magistrates Can't Adjudicate On Application For Taking Possession Of Secured Assets, Constantly Breaching Law: Punjab & Haryana HC",https://www.livelaw.in/high-court/punjab-and-haryana-high-court/punjab-haryana-high-court-section-14-sarfaesi-act-district-magistrate-is-only-executing-functionary-not-empowered-to-adjudicate-application-for-taking-possession-of-secured-assets-256014,livelaw.in,20240424144500,Entity matcher rejected (no positive signal or matched exclusion)
entity_matcher_rejected,SBI Card Share Price: Share price of SBI Card jumps as Sensex gains 106.26 points,https://economictimes.indiatimes.com/markets/stocks/stock-watch/share-price-of-sbi-card-jumps-as-sensex-gains-106-26-points/articleshow/109582320.cms,indiatimes.com,20240425054500,Entity matcher rejected (no positive signal or matched exclusion)
entity_matcher_rejected,The Outer Banks Voice - SBI still investigating March shooting by Dare Deputy,https://www.outerbanksvoice.com/2024/04/24/sbi-still-investigating-march-shooting-by-dare-deputy/,outerbanksvoice.com,20240425063000,Entity matcher rejected (no positive signal or matched exclusion)
entity_matcher_rejected,One Stop Solution? Govt Joins Hands With SBI Cards And Telcos To Combat OTP Frauds,https://www.indiatimes.com/worth/news/govt-joins-hands-with-sbi-cards-and-telcos-to-combat-otp-frauds-633048.html,indiatimes.com,20240425080000,Entity matcher rejected (no positive signal or matched exclusion)
entity_matcher_rejected,Malware links received through SMS: What SBI customers should know,https://economictimes.indiatimes.com/wealth/web-stories/malware-links-received-through-sms-what-sbi-customers-should-know/slideshow/109589104.cms,indiatimes.com,20240425091500,Entity matcher rejected (no positive signal or matched exclusion)
entity_matcher_rejected,"SBI Life Q4 Preview: Premium income to rise, aided by non-participating policies, annuity products",https://www.moneycontrol.com/news/business/earnings/sbi-life-q4-preview-premium-income-to-rise-aided-by-non-participating-policies-annuity-products-12707906.html,moneycontrol.com,20240425113000,Entity matcher rejected (no positive signal or matched exclusion)
entity_matcher_rejected,"SBI Card MILES credit cards with three variants launched: 7 must-know features like annual fees, airport lounge access, rewards, miles",https://economictimes.indiatimes.com/wealth/spend/sbi-card-miles-credit-cards-with-three-variants-launched-7-must-know-features-like-annual-fees-airport-lounge-access-rewards-miles/articleshow/109594526.cms,indiatimes.com,20240425121500,Entity matcher rejected (no positive signal or matched exclusion)
entity_matcher_rejected,SBI General Insurance logs 30% jump in profit at Rs 240 cr in FY24,https://www.moneycontrol.com/news/business/sbi-general-insurance-logs-30-jump-in-profit-at-rs-240-cr-in-fy24-12708306.html,moneycontrol.com,20240425124500,Entity matcher rejected (no positive signal or matched exclusion)
entity_matcher_rejected,Seminar On SBI Youth For India Fellowship Held At Tetso College,https://easternmirrornagaland.com/seminar-on-sbi-youth-for-india-fellowship-held-at-tetso-college/,easternmirrornagaland.com,20240425134500,Entity matcher rejected (no positive signal or matched exclusion)
entity_matcher_rejected,"Vodafone Idea 2.0: Vi 2.0: Vodafone Idea's Rs 18,000 crore fundraise a 'fresh lease of life', says Kumar Mangalam Birla",https://economictimes.indiatimes.com/industry/telecom/telecom-news/vi-2-0-vodafone-ideas-rs-18000-crore-fundraise-a-fresh-lease-of-life-says-kumar-mangalam-birla/articleshow/109597784.cms,indiatimes.com,20240425134500,Entity matcher rejected (no positive signal or matched exclusion)
entity_matcher_rejected,"SBI General Insurance Reports 28% Rise in FY24 Profit, Reaching Rs. 240 Crore",https://www.devdiscourse.com/article/headlines/2917467-sbi-general-insurance-reports-28-rise-in-fy24-profit-reaching-rs-240-crore,devdiscourse.com,20240425140000,Entity matcher rejected (no positive signal or matched exclusion)
entity_matcher_rejected,SBI General Insurance records 17 pc growth in topline and a profit growth of 30 pc in FY 23-24,https://www.dailyexcelsior.com/sbi-general-insurance-records-17-pc-growth-in-topline-and-a-profit-growth-of-30-pc-in-fy-23-24/,dailyexcelsior.com,20240425144500,Entity matcher rejected (no positive signal or matched exclusion)
entity_matcher_rejected,"Vi got a new lease of life, says Birla - Times of India",https://timesofindia.indiatimes.com/business/india-business/vi-got-a-new-lease-of-life-says-birla/articleshow/109603906.cms,indiatimes.com,20240425223000,Entity matcher rejected (no positive signal or matched exclusion)
entity_matcher_rejected,SBI finds Waynesville officer-involved shooting during stand-off justified,https://wlos.com/news/local/sbi-finds-waynesville-officer-involved-shooting-during-stand-off-justified-ninevah-neighborhood,wlos.com,20240426010000,Entity matcher rejected (no positive signal or matched exclusion)
entity_matcher_rejected,"Stocks in news: Stocks in news: Bajaj Finance, Vedanta, Tech Mahindra, ICICI Sec, SBI Card, SBI Life",https://economictimes.indiatimes.com/markets/stocks/news/stocks-in-news-bajaj-finance-vedanta-tech-mahindra-icici-sec-sbi-card-sbi-life/articleshow/109600908.cms,indiatimes.com,20240426010000,Entity matcher rejected (no positive signal or matched exclusion)
entity_matcher_rejected,₹18kcr FPO Marks Start of Vi 2.0: Kumar Birla,https://economictimes.indiatimes.com/epaper/delhicapital/2024/apr/26/et-front/18kcr-fpo-marks-start-of-vi-2-0-kumar-birla/articleshow/109603890.cms,indiatimes.com,20240426024500,Entity matcher rejected (no positive signal or matched exclusion)
entity_matcher_rejected,Kerala evangelical church under IT scanner backs BJP's Anil Antony,https://indianexpress.com/shorts/cities/thiruvananthapuram/kerala-evangelical-church-under-income-tax-scanner-backs-bjps-anil-antony-from-pathanamthitta-9290803/,indianexpress.com,20240426041500,Entity matcher rejected (no positive signal or matched exclusion)
entity_matcher_rejected,"Stock To Buy Today (26-04-24); Share Price Target Of L&T Tech, IndiGo, LIC, SBI Cards, ICICI Bank, Hindalco",https://www.india.com/business/stock-to-buy-today-26-04-24-share-price-target-of-lt-tech-indigo-lic-sbi-cards-icici-bank-hindalco-6886203/,india.com,20240426050000,Entity matcher rejected (no positive signal or matched exclusion)
entity_matcher_rejected,"Bengal project by YSRCP MP firm faltered, group gave Rs 46 crore in poll bonds to TMC",https://indianexpress.com/shorts/cities/kolkata/bengal-project-by-ysrcp-mp-firm-faltered-group-gave-rs-46-crore-in-poll-bonds-to-tmc-9291368/,indianexpress.com,20240426051500,Entity matcher rejected (no positive signal or matched exclusion)
entity_matcher_rejected,"Playing version of himself, Nivin Pauly joins ranks of Mammootty, Kamal Haasan, SRK",https://indianexpress.com/shorts/entertainment/malayalam/with-varshangalkku-shesham-nivin-pauly-joins-ranks-of-mammootty-kamal-haasan-shah-rukh-khan-playing-a-character-that-exaggerates-his-public-persona-9285048/,indianexpress.com,20240426070000,Entity matcher rejected (no positive signal or matched exclusion)
entity_matcher_rejected,"Q4 results LIVE updates: HCL Tech, Maruti, SBI Card, Shriram Finance among key firms to announce quarterly earnings today",https://www.moneycontrol.com/news/business/earnings/q4-results-live-updates-hcl-tech-maruti-sbi-card-bajaj-finserv-among-key-firms-to-announce-quarterly-earnings-today-liveblog-12708820.html,moneycontrol.com,20240426081500,Entity matcher rejected (no positive signal or matched exclusion)
entity_matcher_rejected,MS Dhoni और SBI के शेयरों में तेजी के बीच क्या है कनेक्शन?,https://hindi.webdunia.com/stock-market/connection-of-ms-dhoni-and-sbi-share-124042600017_1.html,webdunia.com,20240426084500,Entity matcher rejected (no positive signal or matched exclusion)
entity_matcher_rejected,SBI Card Share Price: SBI Card shares down 2.01% as Nifty drops,https://economictimes.indiatimes.com/markets/stocks/stock-watch/sbi-card-shares-down-2-01-as-nifty-drops/articleshow/109619528.cms,indiatimes.com,20240426084500,Entity matcher rejected (no positive signal or matched exclusion)
entity_matcher_rejected,Karnataka Congressman who accompanied Rahul Gandhi on Yatra joins BJP,https://indianexpress.com/shorts/cities/bangalore/dr-shushruth-gowda-quits-bjp-joins-congress-9291628/,indianexpress.com,20240426094500,Entity matcher rejected (no positive signal or matched exclusion)
entity_matcher_rejected,SBI Life Insurance Q4 results: Net profit rises 4 % to Rs 810 crore,https://www.moneycontrol.com/news/business/earnings/sbi-life-insurance-q4-results-net-profit-rises-4-to-rs-810-crore-12708725.html,moneycontrol.com,20240426111500,Entity matcher rejected (no positive signal or matched exclusion)
entity_matcher_rejected,SBI Life Q4 Results: Net profit rises 4% YoY to Rs 811 crore,https://economictimes.indiatimes.com/markets/stocks/earnings/sbi-life-q4-results-net-profit-rises-4-3-yoy-to-rs-811-crore/articleshow/109623957.cms,indiatimes.com,20240426113000,Entity matcher rejected (no positive signal or matched exclusion)
entity_matcher_rejected,India's SBI Life Insurance reports lower new business margin for FY 2024,https://www.marketscreener.com/quote/stock/SBI-LIFE-INSURANCE-COMPAN-105516292/news/India-s-SBI-Life-Insurance-reports-lower-new-business-margin-for-FY-2024-46545501/,marketscreener.com,20240426114500,Entity matcher rejected (no positive signal or matched exclusion)
entity_matcher_rejected,SBI Life Insurance Q4 results: Net profit rises 4% YoY to ₹811 crore,https://www.livemint.com/companies/company-results/sbi-life-insurance-q4-results-net-profit-rises-4-yoy-to-rs-811-crore-premium-income-jumps-26-11714130549732.html,livemint.com,20240426120000,Entity matcher rejected (no positive signal or matched exclusion)
entity_matcher_rejected,SBI Life Q4 profit rises 4% to Rs 811 crore,https://timesofindia.indiatimes.com/business/india-business/sbi-life-q4-profit-rises-4-to-rs-811-crore/articleshow/109626697.cms,indiatimes.com,20240426121500,Entity matcher rejected (no positive signal or matched exclusion)
entity_matcher_rejected,SBI Life Q4 profit rises 4% to Rs 811 cr,https://www.dailyexcelsior.com/sbi-life-q4-profit-rises-4-to-rs-811-cr/,dailyexcelsior.com,20240426123000,Entity matcher rejected (no positive signal or matched exclusion)
entity_matcher_rejected,SBI Card Q4 results: Net profit rises 11% to Rs 662 crore,https://www.moneycontrol.com/news/business/earnings/sbi-cards-q4-results-net-profit-rises-11-to-rs-662-crore-12708913.html,moneycontrol.com,20240426133000,Entity matcher rejected (no positive signal or matched exclusion)
entity_matcher_rejected,"SBI Cards Q4 results: Net profit rises 11% to ₹662 crore, revenue up 14%",https://www.livemint.com/companies/sbi-cards-q4-results-net-profit-rises-11-to-662-crore-revenue-up-14-to-4-475-crore-11714135923695.html,livemint.com,20240426133000,Entity matcher rejected (no positive signal or matched exclusion)
entity_matcher_rejected,India's SBI Card posts surprise Q4 profit rise on steady retail spending,https://www.marketscreener.com/quote/stock/SBI-CARDS-AND-PAYMENT-SER-104922920/news/India-s-SBI-Card-posts-surprise-Q4-profit-rise-on-steady-retail-spending-46547624/,marketscreener.com,20240426140000,Entity matcher rejected (no positive signal or matched exclusion)
entity_matcher_rejected,SBI Card Q4 Results: Net profit rises 11% YoY to Rs 662 crore,https://economictimes.indiatimes.com/markets/stocks/earnings/sbi-card-q4-results-net-profit-rises-11-yoy-to-rs-662-crore/articleshow/109629301.cms,indiatimes.com,20240426140000,Entity matcher rejected (no positive signal or matched exclusion)
entity_matcher_rejected,"SBI Life Insurance Q4 results: PAT rises 4.4% to Rs 811 cr, VNB up 9%",https://www.business-standard.com/companies/results/sbi-life-insurance-q4-results-pat-rises-4-4-to-rs-811-cr-vnb-up-9-124042600890_1.html,business-standard.com,20240426143000,Entity matcher rejected (no positive signal or matched exclusion)
entity_matcher_rejected,"Business News: SBI expects to recover Rs 8,000 cr from written-off accounts in FY22",https://www.rashtranews.com/business-news-sbi-expects-to-recover-rs-8000-cr-from-written-off-accounts-in-fy22/,rashtranews.com,20240426144500,Entity matcher rejected (no positive signal or matched exclusion)
entity_matcher_rejected,"SBI Card Q4 results: Profit surges 11% to Rs 662 cr, total revenue rises 14%",https://www.businesstoday.in/markets/company-stock/story/sbi-card-q4-results-profit-surges-11-to-rs-662-cr-total-revenue-rises-14-427159-2024-04-26,businesstoday.in,20240426154500,Entity matcher rejected (no positive signal or matched exclusion)
entity_matcher_rejected,SBI Card Q4 net up 11% at ₹662 crore - The Hindu BusinessLine,https://www.thehindubusinessline.com/money-and-banking/sbi-card-q4-net-up-11-at-662-crore/article68110633.ece,thehindubusinessline.com,20240426171500,Entity matcher rejected (no positive signal or matched exclusion)
entity_matcher_rejected,"SBI Cards sees marginal rise in cost of funds, but confident to absorb increase",https://www.moneycontrol.com/news/business/sbi-cards-sees-marginal-rise-in-cost-of-funds-but-confident-to-absorb-increase-12709342.html,moneycontrol.com,20240426173000,Entity matcher rejected (no positive signal or matched exclusion)
entity_matcher_rejected,SBI Youth for India and Tetso College organise seminar,https://morungexpress.com/sbi-youth-for-india-and-tetso-college-organise-seminar,morungexpress.com,20240426200000,Entity matcher rejected (no positive signal or matched exclusion)
entity_matcher_rejected,SBI Cards logs profit of Rs 662 crore in Q4,https://www.financialexpress.com/business/banking-finance-sbi-cards-logs-profit-of-rs-662-crore-in-q4-3469861/,financialexpress.com,20240427000000,Entity matcher rejected (no positive signal or matched exclusion)
entity_matcher_rejected,SBI Cards logs profit of Rs 662 crore in Q4,https://www.financialexpress.com/shorts/business/banking-finance/sbi-cards-logs-profit-of-rs-662-crore-in-q4-3469861/,financialexpress.com,20240427033000,Entity matcher rejected (no positive signal or matched exclusion)
entity_matcher_rejected,SBI Life Insurance: Q4 Net Profit Up 4 pc to Rs 811 Crore- Check Details,https://www.timesnownews.com/business-economy/companies/sbi-life-insurance-q4-net-profit-up-4-pc-to-rs-811-crore-check-details-article-109640279,timesnownews.com,20240427054500,Entity matcher rejected (no positive signal or matched exclusion)
entity_matcher_rejected,SBI新生銀行がアスエネのESG評価クラウド「ASUENE ESG」を導入。アスエネとSBI新生銀行グループで、企業のESG評価に関する新サービスを提供開始,https://japan.cnet.com/release/30968673/,cnet.com,20240427114500,Entity matcher rejected (no positive signal or matched exclusion)
entity_matcher_rejected,SBI Cards & Payment Services Q4 Results Live : profit rise by 11.05% YOY,https://www.livemint.com/companies/company-results/sbi-cards-payment-services-q4-results-live-profit-rise-by-11-05-yoy-11714252692315.html,livemint.com,20240427224500,Entity matcher rejected (no positive signal or matched exclusion)
entity_matcher_rejected,スクープ再掲！「SBIの出資が仇」きらやか銀行の損失地獄／2023年4月号より,https://facta.co.jp/article/202405042.html,facta.co.jp,20240428030000,Entity matcher rejected (no positive signal or matched exclusion)
entity_matcher_rejected,SBI ची दमदार कामगिरी; एका आठवड्यात गुंतवणूकदारांची ₹45000 कोटींची कमाई,https://www.lokmat.com/business/stock-market/share-market-sbi-shares-strong-performance-of-sbi-earnings-of-rs45000-crores-to-investors-in-one-week-a-a732/,lokmat.com,20240428114500,Entity matcher rejected (no positive signal or matched exclusion)
entity_matcher_rejected,debt restructuring: ITPCL debt restructuring: NCLAT rejects SBI's objection on liquidation value provided by PNB,https://economictimes.indiatimes.com/industry/banking/finance/banking/itpcl-debt-restructuring-nclat-rejects-sbis-objection-on-liquidation-value-provided-by-pnb/articleshow/109665756.cms,indiatimes.com,20240428121500,Entity matcher rejected (no positive signal or matched exclusion)
entity_matcher_rejected,"SBI cashier, LIC agent imprisoned to 4 years over demonetisation scam",https://www.siasat.com/sbi-cashier-lic-agent-imprisoned-to-4-years-over-demonetisation-scam-3016684/,siasat.com,20240428133000,Entity matcher rejected (no positive signal or matched exclusion)
entity_matcher_rejected,"Top 10 Stocks To Buy For Today (29-04-24); Tata Chemicals, Maruti Suzuki, ICICI Bank, Britannia, HCL Tech, SBI Card, IDFC First Bank",https://www.india.com/business/top-10-stocks-to-buy-for-today-29-04-24-tata-chemicals-maruti-suzuki-icici-bank-britannia-hcl-tech-sbi-card-idfc-first-bank-6891403/,india.com,20240429040000,Entity matcher rejected (no positive signal or matched exclusion)
entity_matcher_rejected,"Brokerages cautious on SBI Cards stock after mixed Q4 results as margin, cost concerns loom",https://www.moneycontrol.com/news/business/markets/brokerages-cautious-on-sbi-cards-stock-after-mixed-q4-results-as-margin-cost-concerns-loom-12710191.html,moneycontrol.com,20240429051500,Entity matcher rejected (no positive signal or matched exclusion)
entity_matcher_rejected,"INDIA STOCKS-Indian shares led higher by ICICI Bank, SBI Life",https://www.marketscreener.com/quote/stock/ICICI-BANK-LIMITED-23672738/news/INDIA-STOCKS-Indian-shares-led-higher-by-ICICI-Bank-SBI-Life-46559815/,marketscreener.com,20240429054500,Entity matcher rejected (no positive signal or matched exclusion)
entity_matcher_rejected,"SBI Card: NIMs will continue to prevail around the current levels: Abhijit Chakravorty, SBI Card",https://economictimes.indiatimes.com/markets/expert-view/nims-will-continue-to-prevail-around-the-current-levels-abhijit-chakravorty-sbi-card/articleshow/109681258.cms,indiatimes.com,20240429061500,Entity matcher rejected (no positive signal or matched exclusion)
entity_matcher_rejected,Buy SBI Life Insurance Company; target of Rs 1664: Religare Retail Research,https://www.moneycontrol.com/news/business/stocks/buy-sbi-life-insurance-company-target-of-rs-1664-religare-retail-research-12710413.html,moneycontrol.com,20240429064500,Entity matcher rejected (no positive signal or matched exclusion)
entity_matcher_rejected,ITPCL debt restructuring: NCLAT rejects SBI objection on liquidation value provided by PNB,https://www.dailypioneer.com/2024/business/itpcl-debt-restructuring--nclat-rejects-sbi-objection-on-liquidation-value-provided-by-pnb.html,dailypioneer.com,20240429081500,Entity matcher rejected (no positive signal or matched exclusion)
entity_matcher_rejected,"Stocks to Monitor: Maruti Suzuki, ICICI Bank, HCLTech, Apollo Hospitals, IDFC First Bank, SBI Cards",https://www.siliconindia.com/news/general/stocks-to-monitor-maruti-suzuki-icici-bank-hcltech-apollo-hospitals-idfc-first-bank-sbi-cards-nid-229225-cid-1.html,siliconindia.com,20240429084500,Entity matcher rejected (no positive signal or matched exclusion)
entity_matcher_rejected,"sbi cards shares: SBI Cards shares drop 4% after March quarter results. Should you buy, sell or hold?",https://economictimes.indiatimes.com/markets/stocks/news/sbi-cards-shares-drop-4-after-march-quarter-results-should-you-buy-sell-or-hold/articleshow/109687211.cms,indiatimes.com,20240429091500,Entity matcher rejected (no positive signal or matched exclusion)
entity_matcher_rejected,SBI Card Q4 results review: Brokerages remain cautious on concerns over margins and asset quality,https://www.livemint.com/market/stock-market-news/sbi-card-q4-results-review-brokerages-mosl-hsbc-nuvama-remain-cautious-on-concerns-over-margins-and-asset-quality-11714372785977.html,livemint.com,20240429100000,Entity matcher rejected (no positive signal or matched exclusion)
entity_matcher_rejected,Why the newly launched SBI Card MILES credit card is not up to the mark,https://www.livemint.com/money/personal-finance/why-the-newly-launched-sbi-card-miles-credit-card-is-not-up-to-the-mark-11714303326111.html,livemint.com,20240429120000,Entity matcher rejected (no positive signal or matched exclusion)
entity_matcher_rejected,SBI Life Insurance & Lucknow Traffic Police highlight the importance of 'protection' by hosting a public awareness drive in Lucknow city,https://aninews.in/news/business/sbi-life-insurance-amp-lucknow-traffic-police-highlight-the-importance-of-protection-by-hosting-a-public-awareness-drive-in-lucknow-city20240429175723/,aninews.in,20240429130000,Entity matcher rejected (no positive signal or matched exclusion)
entity_matcher_rejected,"SBI Cards ग्राहकों को EMI के लिए प्रोत्साहित करती है, जानिए इसकी वजह",https://hindi.moneycontrol.com/news/your-money/sbi-cards-encourages-customers-to-go-for-emi-know-its-reason-1897887.html,moneycontrol.com,20240429133000,Entity matcher rejected (no positive signal or matched exclusion)
entity_matcher_rejected,SBI Life Insurance Lucknow Traffic Police highlight the importance of 'protection' by hosting a public awareness drive in Lucknow city,https://www.theweek.in/wire-updates/business/2024/04/29/dcm67-sbi-life-insurance.html,theweek.in,20240429133000,Entity matcher rejected (no positive signal or matched exclusion)
entity_matcher_rejected,Fintech周報第239期：日本SBI證券宣布已將股票交易系統遷移至公雲環境,https://www.ithome.com.tw/news/162572,ithome.com.tw,20240429134500,Entity matcher rejected (no positive signal or matched exclusion)
entity_matcher_rejected,Reduce SBI Cards; target of Rs 725: Emkay Global Financial,https://www.moneycontrol.com/news/business/stocks/reduce-sbi-cards-target-of-rs-725-emkay-global-financial-2-12710821.html,moneycontrol.com,20240429134500,Entity matcher rejected (no positive signal or matched exclusion)
entity_matcher_rejected,SBI Life Insurance & Lucknow Traffic Police highlight the importance of 'protection' by hosting a public awareness drive in Lucknow city,https://www.aninews.in/news/business/sbi-life-insurance-amp-lucknow-traffic-police-highlight-the-importance-of-protection-by-hosting-a-public-awareness-drive-in-lucknow-city20240429175723/,aninews.in,20240429141500,Entity matcher rejected (no positive signal or matched exclusion)
entity_matcher_rejected,"Anak usaha SIG, PT SBI raih penghargaan Good Mining Practice (GMP) 2024",https://www.lensaindonesia.com/anak-usaha-sig-pt-sbi-raih-penghargaan-good-mining-practice-gmp-2024/,lensaindonesia.com,20240429143000,Entity matcher rejected (no positive signal or matched exclusion)
entity_matcher_rejected,Neutral SBI Cards; target of Rs 850: Motilal Oswal,https://www.moneycontrol.com/news/business/neutral-sbi-cards-target-of-rs-850-motilal-oswal-2-12710874.html,moneycontrol.com,20240429151500,Entity matcher rejected (no positive signal or matched exclusion)
entity_matcher_rejected,Buy SBI Life Insurance; target of Rs 1700: Motilal Oswal,https://www.moneycontrol.com/news/business/buy-sbi-life-insurance-target-of-rs-1700-motilal-oswal-2-12710868.html,moneycontrol.com,20240429151500,Entity matcher rejected (no positive signal or matched exclusion)
entity_matcher_rejected,Buy SBI Life Insurance Company; target of Rs 1795: ICICI Securities,https://www.moneycontrol.com/news/business/buy-sbi-life-insurance-company-target-of-rs-1795-icici-securities-12710933.html,moneycontrol.com,20240429160000,Entity matcher rejected (no positive signal or matched exclusion)
entity_matcher_rejected,SBI Life Insurance & Lucknow Traffic Police highlight the importance of 'protection' by hosting a public awareness drive in Lucknow city,https://www.srilankasource.com/news/274323002/sbi-life-insurance--lucknow-traffic-police-highlight-the-importance-of-protection-by-hosting-a-public-awareness-drive-in-lucknow-city,srilankasource.com,20240429163000,Entity matcher rejected (no positive signal or matched exclusion)
entity_matcher_rejected,SBI to Hire Consultant to Explore Business Potential in EV Charging Space,https://www.rashtranews.com/sbi-to-hire-consultant-to-explore-business-potential-in-ev-charging-space/,rashtranews.com,20240429190000,Entity matcher rejected (no positive signal or matched exclusion)
entity_matcher_rejected,Ripple Teams Up with HashKey DX and SBI to Deliver XRPL-Powered Solutions in Japan,https://biztoc.com/x/a38361ee9fb98c01,biztoc.com,20240430063000,Entity matcher rejected (no positive signal or matched exclusion)
entity_matcher_rejected,"SBI donations to Mahakal temple, cancer hospital",https://www.dailypioneer.com/2024/state-editions/sbi-donations-to-mahakal-temple--cancer-hospital.html,dailypioneer.com,20240430080000,Entity matcher rejected (no positive signal or matched exclusion)
entity_matcher_rejected,"Ripple breaks ground in Japan, SBI Group to use XRPL for supply chain solutions",https://biztoc.com/x/45dddea1d1cd8ca4,biztoc.com,20240430103000,Entity matcher rejected (no positive signal or matched exclusion)
entity_matcher_rejected,SBI Card Quarterly results: 58% of retail spends online,https://www.medianama.com/2024/04/223-sbi-card-quarterly-results-58-of-retail-spends-online/,medianama.com,20240430111500,Entity matcher rejected (no positive signal or matched exclusion)
entity_matcher_rejected,Surrender value norms: What Morgan Stanley says on SBI Life Insurance Company shares,https://www.businesstoday.in/markets/company-stock/story/surrender-value-norms-what-morgan-stanley-says-on-sbi-life-insurance-company-shares-427658-2024-04-30,businesstoday.in,20240430120000,Entity matcher rejected (no positive signal or matched exclusion)
entity_matcher_rejected,"Ripple breaks ground in Japan, SBI Group to use XRPL for supply chain solutions",https://cointelegraph.com/news/sbi-group-xrpl-japan-ripple,cointelegraph.com,20240430121500,Entity matcher rejected (no positive signal or matched exclusion)
entity_matcher_rejected,Broker's call: SBI Life (Outperform) - The Hindu BusinessLine,https://www.thehindubusinessline.com/markets/brokers-call-sbi-life-outperform/article68125103.ece,thehindubusinessline.com,20240430141500,Entity matcher rejected (no positive signal or matched exclusion)
entity_matcher_rejected,SBI cards on delinquency trends in card payments in Q4FY2023-24,https://www.medianama.com/2024/04/223-earnings-call-q4fy2023-24-heres-what-sbi-cards-had-to-say-about-delinquency-trends-in-card-payments/,medianama.com,20240430150000,Entity matcher rejected (no positive signal or matched exclusion)
entity_matcher_rejected,Bulk deals: Promoters Arpwood offloads stake in SBFC Finance,https://www.moneycontrol.com/news/business/stocks/bulk-deals-promoters-arpwood-offloads-stake-in-sbfc-finance-12711853.html,moneycontrol.com,20240430154500,Entity matcher rejected (no positive signal or matched exclusion)
entity_matcher_rejected,Bulk Deals: SBFC Finance और JNK India समेत इन शेयरों में आज हुई बड़ी बल्क डील,https://hindi.moneycontrol.com/news/markets/bulk-deals-promoters-arpwood-offloads-stake-in-sbfc-finance-jnk-india-nirlon-detail-1898187.html,moneycontrol.com,20240430190000,Entity matcher rejected (no positive signal or matched exclusion)
entity_matcher_rejected,"Ripple signs SBI, HashKey to launch XRP in Japan",https://financefeeds.com/ripple-signs-sbi-hashkey-to-launch-xrp-in-japan/,financefeeds.com,20240430191500,Entity matcher rejected (no positive signal or matched exclusion)
